Jurisdiction of Occurrence,Week Ending Date,All Cause
Alabama,2016-01-02,983
Alabama,2015-01-03,1104
Alabama,2014-01-04,1057
Alabama,2019-01-05,1077
Alabama,2018-01-06,1248
Alabama,2017-01-07,1121
Alabama,2016-01-09,1008
Alabama,2015-01-10,1139
Alabama,2014-01-11,1077
Alabama,2019-01-12,1090
Alabama,2018-01-13,1301
Alabama,2017-01-14,1130
Alabama,2016-01-16,1043
Alabama,2015-01-17,1140
Alabama,2014-01-18,1048
Alabama,2019-01-19,1114
Alabama,2018-01-20,1275
Alabama,2017-01-21,1048
Alabama,2016-01-23,1029
Alabama,2015-01-24,1043
Alabama,2014-01-25,1022
Alabama,2019-01-26,1063
Alabama,2018-01-27,1286
Alabama,2017-01-28,1026
Alabama,2016-01-30,1020
Alabama,2015-01-31,1076
Alabama,2014-02-01,1041
Alabama,2019-02-02,1095
Alabama,2018-02-03,1147
Alabama,2017-02-04,1036
Alabama,2016-02-06,1103
Alabama,2015-02-07,1110
Alabama,2014-02-08,992
Alabama,2019-02-09,1092
Alabama,2018-02-10,1180
Alabama,2017-02-11,1057
Alabama,2016-02-13,1098
Alabama,2015-02-14,1070
Alabama,2014-02-15,941
Alabama,2019-02-16,1103
Alabama,2018-02-17,1096
Alabama,2017-02-18,1060
Alabama,2016-02-20,1114
Alabama,2015-02-21,1067
Alabama,2014-02-22,990
Alabama,2019-02-23,1064
Alabama,2018-02-24,1099
Alabama,2017-02-25,1099
Alabama,2016-02-27,962
Alabama,2015-02-28,1102
Alabama,2014-03-01,959
Alabama,2019-03-02,1050
Alabama,2018-03-03,985
Alabama,2017-03-04,1081
Alabama,2016-03-05,1006
Alabama,2015-03-07,1207
Alabama,2014-03-08,989
Alabama,2019-03-09,1061
Alabama,2018-03-10,1059
Alabama,2017-03-11,1011
Alabama,2016-03-12,1035
Alabama,2015-03-14,1103
Alabama,2014-03-15,976
Alabama,2019-03-16,1090
Alabama,2018-03-17,1086
Alabama,2017-03-18,1067
Alabama,2016-03-19,1009
Alabama,2015-03-21,1004
Alabama,2014-03-22,937
Alabama,2019-03-23,1012
Alabama,2018-03-24,992
Alabama,2017-03-25,1068
Alabama,2016-03-26,1001
Alabama,2015-03-28,984
Alabama,2014-03-29,927
Alabama,2019-03-30,1078
Alabama,2018-03-31,995
Alabama,2017-04-01,991
Alabama,2016-04-02,960
Alabama,2015-04-04,955
Alabama,2014-04-05,951
Alabama,2019-04-06,1044
Alabama,2018-04-07,1012
Alabama,2017-04-08,1037
Alabama,2016-04-09,1003
Alabama,2015-04-11,975
Alabama,2014-04-12,924
Alabama,2019-04-13,1031
Alabama,2018-04-14,1026
Alabama,2017-04-15,1017
Alabama,2016-04-16,942
Alabama,2015-04-18,904
Alabama,2014-04-19,986
Alabama,2019-04-20,956
Alabama,2018-04-21,1030
Alabama,2017-04-22,966
Alabama,2016-04-23,1011
Alabama,2015-04-25,1000
Alabama,2014-04-26,914
Alabama,2019-04-27,1042
Alabama,2018-04-28,971
Alabama,2017-04-29,995
Alabama,2016-04-30,966
Alabama,2015-05-02,983
Alabama,2014-05-03,939
Alabama,2019-05-04,1031
Alabama,2018-05-05,1038
Alabama,2017-05-06,907
Alabama,2016-05-07,963
Alabama,2015-05-09,920
Alabama,2014-05-10,918
Alabama,2019-05-11,1009
Alabama,2018-05-12,950
Alabama,2017-05-13,1064
Alabama,2016-05-14,945
Alabama,2015-05-16,924
Alabama,2014-05-17,931
Alabama,2019-05-18,996
Alabama,2018-05-19,1005
Alabama,2017-05-20,998
Alabama,2016-05-21,918
Alabama,2015-05-23,911
Alabama,2014-05-24,899
Alabama,2019-05-25,973
Alabama,2018-05-26,977
Alabama,2017-05-27,988
Alabama,2016-05-28,940
Alabama,2015-05-30,912
Alabama,2014-05-31,940
Alabama,2019-06-01,1027
Alabama,2018-06-02,972
Alabama,2017-06-03,924
Alabama,2016-06-04,954
Alabama,2015-06-06,901
Alabama,2014-06-07,941
Alabama,2019-06-08,1029
Alabama,2018-06-09,1011
Alabama,2017-06-10,984
Alabama,2016-06-11,967
Alabama,2015-06-13,906
Alabama,2014-06-14,877
Alabama,2019-06-15,986
Alabama,2018-06-16,940
Alabama,2017-06-17,918
Alabama,2016-06-18,877
Alabama,2015-06-20,903
Alabama,2014-06-21,849
Alabama,2019-06-22,989
Alabama,2018-06-23,972
Alabama,2017-06-24,961
Alabama,2016-06-25,979
Alabama,2015-06-27,931
Alabama,2014-06-28,848
Alabama,2019-06-29,940
Alabama,2018-06-30,927
Alabama,2017-07-01,925
Alabama,2016-07-02,903
Alabama,2015-07-04,906
Alabama,2014-07-05,865
Alabama,2019-07-06,1028
Alabama,2018-07-07,972
Alabama,2017-07-08,954
Alabama,2016-07-09,903
Alabama,2015-07-11,927
Alabama,2014-07-12,865
Alabama,2019-07-13,1018
Alabama,2018-07-14,994
Alabama,2017-07-15,968
Alabama,2016-07-16,965
Alabama,2015-07-18,919
Alabama,2014-07-19,895
Alabama,2019-07-20,962
Alabama,2018-07-21,959
Alabama,2017-07-22,964
Alabama,2016-07-23,927
Alabama,2015-07-25,920
Alabama,2014-07-26,882
Alabama,2019-07-27,980
Alabama,2018-07-28,930
Alabama,2017-07-29,888
Alabama,2016-07-30,927
Alabama,2015-08-01,903
Alabama,2014-08-02,870
Alabama,2019-08-03,983
Alabama,2018-08-04,960
Alabama,2017-08-05,949
Alabama,2016-08-06,918
Alabama,2015-08-08,911
Alabama,2014-08-09,939
Alabama,2019-08-10,998
Alabama,2018-08-11,969
Alabama,2017-08-12,935
Alabama,2016-08-13,921
Alabama,2015-08-15,961
Alabama,2014-08-16,910
Alabama,2019-08-17,977
Alabama,2018-08-18,938
Alabama,2017-08-19,933
Alabama,2016-08-20,979
Alabama,2015-08-22,866
Alabama,2014-08-23,888
Alabama,2019-08-24,939
Alabama,2018-08-25,943
Alabama,2017-08-26,916
Alabama,2016-08-27,942
Alabama,2015-08-29,920
Alabama,2014-08-30,860
Alabama,2019-08-31,975
Alabama,2018-09-01,936
Alabama,2017-09-02,953
Alabama,2016-09-03,918
Alabama,2015-09-05,932
Alabama,2014-09-06,885
Alabama,2019-09-07,1009
Alabama,2018-09-08,944
Alabama,2017-09-09,960
Alabama,2016-09-10,911
Alabama,2015-09-12,963
Alabama,2014-09-13,884
Alabama,2019-09-14,999
Alabama,2018-09-15,912
Alabama,2017-09-16,968
Alabama,2016-09-17,947
Alabama,2015-09-19,908
Alabama,2014-09-20,902
Alabama,2019-09-21,883
Alabama,2018-09-22,998
Alabama,2017-09-23,995
Alabama,2016-09-24,986
Alabama,2015-09-26,951
Alabama,2014-09-27,942
Alabama,2019-09-28,987
Alabama,2018-09-29,972
Alabama,2017-09-30,1019
Alabama,2016-10-01,939
Alabama,2015-10-03,896
Alabama,2014-10-04,873
Alabama,2019-10-05,958
Alabama,2018-10-06,945
Alabama,2017-10-07,948
Alabama,2016-10-08,958
Alabama,2015-10-10,964
Alabama,2014-10-11,924
Alabama,2019-10-12,908
Alabama,2018-10-13,943
Alabama,2017-10-14,986
Alabama,2016-10-15,973
Alabama,2015-10-17,869
Alabama,2014-10-18,937
Alabama,2019-10-19,1010
Alabama,2018-10-20,971
Alabama,2017-10-21,965
Alabama,2016-10-22,907
Alabama,2015-10-24,966
Alabama,2014-10-25,915
Alabama,2019-10-26,978
Alabama,2018-10-27,993
Alabama,2017-10-28,941
Alabama,2016-10-29,964
Alabama,2015-10-31,958
Alabama,2014-11-01,973
Alabama,2019-11-02,937
Alabama,2018-11-03,927
Alabama,2017-11-04,994
Alabama,2016-11-05,952
Alabama,2015-11-07,872
Alabama,2014-11-08,905
Alabama,2019-11-09,1041
Alabama,2018-11-10,963
Alabama,2017-11-11,994
Alabama,2016-11-12,1028
Alabama,2015-11-14,938
Alabama,2014-11-15,980
Alabama,2019-11-16,1072
Alabama,2018-11-17,1055
Alabama,2017-11-18,982
Alabama,2016-11-19,1004
Alabama,2015-11-21,1010
Alabama,2014-11-22,957
Alabama,2019-11-23,1044
Alabama,2018-11-24,1009
Alabama,2017-11-25,1004
Alabama,2016-11-26,1029
Alabama,2015-11-28,1003
Alabama,2014-11-29,986
Alabama,2019-11-30,1038
Alabama,2018-12-01,1050
Alabama,2017-12-02,1067
Alabama,2016-12-03,1032
Alabama,2015-12-05,968
Alabama,2014-12-06,995
Alabama,2019-12-07,1072
Alabama,2018-12-08,1043
Alabama,2017-12-09,1074
Alabama,2016-12-10,1057
Alabama,2015-12-12,1022
Alabama,2014-12-13,1036
Alabama,2019-12-14,1081
Alabama,2018-12-15,1053
Alabama,2017-12-16,1120
Alabama,2016-12-17,1049
Alabama,2015-12-19,989
Alabama,2014-12-20,1117
Alabama,2019-12-21,1103
Alabama,2018-12-22,1103
Alabama,2017-12-23,1096
Alabama,2016-12-24,1134
Alabama,2015-12-26,1066
Alabama,2014-12-27,1067
Alabama,2019-12-28,1035
Alabama,2018-12-29,1084
Alabama,2017-12-30,1080
Alabama,2016-12-31,1104
Alabama,2020-01-04,1082
Alabama,2020-01-11,1127
Alabama,2020-01-18,1039
Alabama,2020-01-25,1056
Alabama,2020-02-01,1026
Alabama,2020-02-08,1120
Alabama,2020-02-15,1095
Alabama,2020-02-22,1098
Alabama,2020-02-29,1164
Alabama,2020-03-07,1057
Alabama,2020-03-14,1091
Alabama,2020-03-21,1059
Alabama,2020-03-28,1073
Alabama,2020-04-04,1156
Alabama,2020-04-11,1135
Alabama,2020-04-18,1149
Alabama,2020-04-25,1139
Alabama,2020-05-02,1147
Alabama,2020-05-09,1171
Alabama,2020-05-16,1148
Alabama,2020-05-23,1153
Alabama,2020-05-30,1109
Alabama,2020-06-06,1173
Alabama,2020-06-13,1138
Alabama,2020-06-20,1090
Alabama,2020-06-27,1151
Alabama,2020-07-04,1201
Alabama,2020-07-11,1265
Alabama,2020-07-18,1289
Alabama,2020-07-25,1333
Alabama,2020-08-01,1364
Alabama,2020-08-08,1379
Alabama,2020-08-15,1305
Alabama,2020-08-22,1303
Alabama,2020-08-29,1216
Alabama,2020-09-05,1216
Alabama,2020-09-12,1232
Alabama,2020-09-19,1200
Alabama,2020-09-26,1183
Alabama,2020-10-03,1103
Alabama,2020-10-10,1204
Alabama,2020-10-17,1190
Alabama,2020-10-24,1142
Alabama,2020-10-31,1169
Alabama,2020-11-07,1277
Alabama,2020-11-14,1269
Alabama,2020-11-21,1275
Alabama,2020-11-28,1326
Alabama,2020-12-05,1355
Alabama,2020-12-12,1598
Alabama,2020-12-19,1584
Alabama,2020-12-26,1626
Alabama,2021-01-02,1801
Alabama,2021-01-09,1807
Alabama,2021-01-16,1821
Alabama,2021-01-23,1782
Alabama,2021-01-30,1634
Alabama,2021-02-06,1503
Alabama,2021-02-13,1425
Alabama,2021-02-20,1329
Alabama,2021-02-27,1309
Alabama,2021-03-06,1155
Alabama,2021-03-13,1185
Alabama,2021-03-20,1055
Alabama,2021-03-27,1183
Alabama,2021-04-03,1099
Alabama,2021-04-10,1199
Alabama,2021-04-17,1159
Alabama,2021-04-24,1099
Alabama,2021-05-01,1185
Alabama,2021-05-08,1140
Alabama,2021-05-15,1086
Alabama,2021-05-22,1085
Alabama,2021-05-29,1062
Alabama,2021-06-05,1068
Alabama,2021-06-12,1083
Alabama,2021-06-19,1109
Alabama,2021-06-26,1048
Alabama,2021-07-03,1021
Alabama,2021-07-10,1050
Alabama,2021-07-17,945
Alabama,2021-07-24,936
Alabama,2021-07-31,794
Alabama,2021-08-07,541
Alaska,2016-01-02,97
Alaska,2015-01-03,82
Alaska,2014-01-04,86
Alaska,2019-01-05,93
Alaska,2018-01-06,72
Alaska,2017-01-07,104
Alaska,2016-01-09,81
Alaska,2015-01-10,75
Alaska,2014-01-11,85
Alaska,2019-01-12,87
Alaska,2018-01-13,100
Alaska,2017-01-14,87
Alaska,2016-01-16,79
Alaska,2015-01-17,80
Alaska,2014-01-18,80
Alaska,2019-01-19,94
Alaska,2018-01-20,94
Alaska,2017-01-21,93
Alaska,2016-01-23,81
Alaska,2015-01-24,84
Alaska,2014-01-25,83
Alaska,2019-01-26,88
Alaska,2018-01-27,79
Alaska,2017-01-28,80
Alaska,2016-01-30,98
Alaska,2015-01-31,84
Alaska,2014-02-01,57
Alaska,2019-02-02,99
Alaska,2018-02-03,82
Alaska,2017-02-04,87
Alaska,2016-02-06,77
Alaska,2015-02-07,85
Alaska,2014-02-08,70
Alaska,2019-02-09,96
Alaska,2018-02-10,65
Alaska,2017-02-11,63
Alaska,2016-02-13,91
Alaska,2015-02-14,81
Alaska,2014-02-15,73
Alaska,2019-02-16,99
Alaska,2018-02-17,83
Alaska,2017-02-18,80
Alaska,2016-02-20,74
Alaska,2015-02-21,75
Alaska,2014-02-22,83
Alaska,2019-02-23,76
Alaska,2018-02-24,94
Alaska,2017-02-25,73
Alaska,2016-02-27,57
Alaska,2015-02-28,89
Alaska,2014-03-01,56
Alaska,2019-03-02,94
Alaska,2018-03-03,90
Alaska,2017-03-04,66
Alaska,2016-03-05,85
Alaska,2015-03-07,73
Alaska,2014-03-08,63
Alaska,2019-03-09,94
Alaska,2018-03-10,90
Alaska,2017-03-11,74
Alaska,2016-03-12,85
Alaska,2015-03-14,78
Alaska,2014-03-15,71
Alaska,2019-03-16,100
Alaska,2018-03-17,68
Alaska,2017-03-18,84
Alaska,2016-03-19,82
Alaska,2015-03-21,65
Alaska,2014-03-22,68
Alaska,2019-03-23,71
Alaska,2018-03-24,76
Alaska,2017-03-25,92
Alaska,2016-03-26,80
Alaska,2015-03-28,81
Alaska,2014-03-29,80
Alaska,2019-03-30,90
Alaska,2018-03-31,78
Alaska,2017-04-01,89
Alaska,2016-04-02,81
Alaska,2015-04-04,80
Alaska,2014-04-05,71
Alaska,2019-04-06,90
Alaska,2018-04-07,92
Alaska,2017-04-08,78
Alaska,2016-04-09,77
Alaska,2015-04-11,71
Alaska,2014-04-12,71
Alaska,2019-04-13,81
Alaska,2018-04-14,90
Alaska,2017-04-15,88
Alaska,2016-04-16,87
Alaska,2015-04-18,80
Alaska,2014-04-19,66
Alaska,2019-04-20,78
Alaska,2018-04-21,98
Alaska,2017-04-22,58
Alaska,2016-04-23,84
Alaska,2015-04-25,69
Alaska,2014-04-26,65
Alaska,2019-04-27,79
Alaska,2018-04-28,77
Alaska,2017-04-29,80
Alaska,2016-04-30,81
Alaska,2015-05-02,81
Alaska,2014-05-03,71
Alaska,2019-05-04,99
Alaska,2018-05-05,93
Alaska,2017-05-06,73
Alaska,2016-05-07,73
Alaska,2015-05-09,72
Alaska,2014-05-10,79
Alaska,2019-05-11,86
Alaska,2018-05-12,71
Alaska,2017-05-13,76
Alaska,2016-05-14,85
Alaska,2015-05-16,122
Alaska,2014-05-17,68
Alaska,2019-05-18,89
Alaska,2018-05-19,70
Alaska,2017-05-20,68
Alaska,2016-05-21,102
Alaska,2015-05-23,80
Alaska,2014-05-24,77
Alaska,2019-05-25,82
Alaska,2018-05-26,72
Alaska,2017-05-27,76
Alaska,2016-05-28,61
Alaska,2015-05-30,80
Alaska,2014-05-31,69
Alaska,2019-06-01,77
Alaska,2018-06-02,63
Alaska,2017-06-03,77
Alaska,2016-06-04,105
Alaska,2015-06-06,78
Alaska,2014-06-07,66
Alaska,2019-06-08,93
Alaska,2018-06-09,78
Alaska,2017-06-10,84
Alaska,2016-06-11,86
Alaska,2015-06-13,77
Alaska,2014-06-14,75
Alaska,2019-06-15,74
Alaska,2018-06-16,82
Alaska,2017-06-17,88
Alaska,2016-06-18,82
Alaska,2015-06-20,77
Alaska,2014-06-21,72
Alaska,2019-06-22,96
Alaska,2018-06-23,78
Alaska,2017-06-24,80
Alaska,2016-06-25,70
Alaska,2015-06-27,93
Alaska,2014-06-28,101
Alaska,2019-06-29,87
Alaska,2018-06-30,66
Alaska,2017-07-01,78
Alaska,2016-07-02,87
Alaska,2015-07-04,76
Alaska,2014-07-05,82
Alaska,2019-07-06,78
Alaska,2018-07-07,88
Alaska,2017-07-08,82
Alaska,2016-07-09,85
Alaska,2015-07-11,80
Alaska,2014-07-12,75
Alaska,2019-07-13,89
Alaska,2018-07-14,103
Alaska,2017-07-15,70
Alaska,2016-07-16,93
Alaska,2015-07-18,84
Alaska,2014-07-19,79
Alaska,2019-07-20,74
Alaska,2018-07-21,71
Alaska,2017-07-22,81
Alaska,2016-07-23,81
Alaska,2015-07-25,98
Alaska,2014-07-26,83
Alaska,2019-07-27,58
Alaska,2018-07-28,76
Alaska,2017-07-29,77
Alaska,2016-07-30,88
Alaska,2015-08-01,68
Alaska,2014-08-02,80
Alaska,2019-08-03,69
Alaska,2018-08-04,83
Alaska,2017-08-05,64
Alaska,2016-08-06,89
Alaska,2015-08-08,69
Alaska,2014-08-09,70
Alaska,2019-08-10,86
Alaska,2018-08-11,82
Alaska,2017-08-12,68
Alaska,2016-08-13,78
Alaska,2015-08-15,59
Alaska,2014-08-16,70
Alaska,2019-08-17,94
Alaska,2018-08-18,87
Alaska,2017-08-19,88
Alaska,2016-08-20,60
Alaska,2015-08-22,79
Alaska,2014-08-23,88
Alaska,2019-08-24,72
Alaska,2018-08-25,92
Alaska,2017-08-26,87
Alaska,2016-08-27,70
Alaska,2015-08-29,98
Alaska,2014-08-30,74
Alaska,2019-08-31,82
Alaska,2018-09-01,80
Alaska,2017-09-02,77
Alaska,2016-09-03,82
Alaska,2015-09-05,83
Alaska,2014-09-06,72
Alaska,2019-09-07,71
Alaska,2018-09-08,86
Alaska,2017-09-09,86
Alaska,2016-09-10,85
Alaska,2015-09-12,100
Alaska,2014-09-13,93
Alaska,2019-09-14,91
Alaska,2018-09-15,65
Alaska,2017-09-16,82
Alaska,2016-09-17,91
Alaska,2015-09-19,78
Alaska,2014-09-20,68
Alaska,2019-09-21,94
Alaska,2018-09-22,83
Alaska,2017-09-23,89
Alaska,2016-09-24,62
Alaska,2015-09-26,72
Alaska,2014-09-27,75
Alaska,2019-09-28,82
Alaska,2018-09-29,81
Alaska,2017-09-30,115
Alaska,2016-10-01,80
Alaska,2015-10-03,74
Alaska,2014-10-04,75
Alaska,2019-10-05,93
Alaska,2018-10-06,89
Alaska,2017-10-07,81
Alaska,2016-10-08,89
Alaska,2015-10-10,91
Alaska,2014-10-11,90
Alaska,2019-10-12,91
Alaska,2018-10-13,82
Alaska,2017-10-14,79
Alaska,2016-10-15,90
Alaska,2015-10-17,93
Alaska,2014-10-18,76
Alaska,2019-10-19,94
Alaska,2018-10-20,79
Alaska,2017-10-21,85
Alaska,2016-10-22,99
Alaska,2015-10-24,75
Alaska,2014-10-25,86
Alaska,2019-10-26,67
Alaska,2018-10-27,89
Alaska,2017-10-28,101
Alaska,2016-10-29,84
Alaska,2015-10-31,67
Alaska,2014-11-01,85
Alaska,2019-11-02,81
Alaska,2018-11-03,67
Alaska,2017-11-04,76
Alaska,2016-11-05,68
Alaska,2015-11-07,78
Alaska,2014-11-08,80
Alaska,2019-11-09,89
Alaska,2018-11-10,92
Alaska,2017-11-11,89
Alaska,2016-11-12,91
Alaska,2015-11-14,70
Alaska,2014-11-15,88
Alaska,2019-11-16,90
Alaska,2018-11-17,82
Alaska,2017-11-18,85
Alaska,2016-11-19,76
Alaska,2015-11-21,83
Alaska,2014-11-22,81
Alaska,2019-11-23,92
Alaska,2018-11-24,94
Alaska,2017-11-25,75
Alaska,2016-11-26,75
Alaska,2015-11-28,84
Alaska,2014-11-29,88
Alaska,2019-11-30,103
Alaska,2018-12-01,89
Alaska,2017-12-02,94
Alaska,2016-12-03,88
Alaska,2015-12-05,77
Alaska,2014-12-06,87
Alaska,2019-12-07,93
Alaska,2018-12-08,75
Alaska,2017-12-09,76
Alaska,2016-12-10,105
Alaska,2015-12-12,75
Alaska,2014-12-13,81
Alaska,2019-12-14,94
Alaska,2018-12-15,110
Alaska,2017-12-16,96
Alaska,2016-12-17,84
Alaska,2015-12-19,72
Alaska,2014-12-20,85
Alaska,2019-12-21,84
Alaska,2018-12-22,95
Alaska,2017-12-23,90
Alaska,2016-12-24,98
Alaska,2015-12-26,80
Alaska,2014-12-27,82
Alaska,2019-12-28,100
Alaska,2018-12-29,68
Alaska,2017-12-30,86
Alaska,2016-12-31,83
Alaska,2020-01-04,89
Alaska,2020-01-11,105
Alaska,2020-01-18,99
Alaska,2020-01-25,97
Alaska,2020-02-01,85
Alaska,2020-02-08,92
Alaska,2020-02-15,89
Alaska,2020-02-22,83
Alaska,2020-02-29,84
Alaska,2020-03-07,79
Alaska,2020-03-14,92
Alaska,2020-03-21,69
Alaska,2020-03-28,86
Alaska,2020-04-04,98
Alaska,2020-04-11,84
Alaska,2020-04-18,80
Alaska,2020-04-25,61
Alaska,2020-05-02,87
Alaska,2020-05-09,89
Alaska,2020-05-16,84
Alaska,2020-05-23,82
Alaska,2020-05-30,97
Alaska,2020-06-06,79
Alaska,2020-06-13,88
Alaska,2020-06-20,92
Alaska,2020-06-27,90
Alaska,2020-07-04,84
Alaska,2020-07-11,101
Alaska,2020-07-18,89
Alaska,2020-07-25,93
Alaska,2020-08-01,114
Alaska,2020-08-08,101
Alaska,2020-08-15,74
Alaska,2020-08-22,116
Alaska,2020-08-29,93
Alaska,2020-09-05,105
Alaska,2020-09-12,87
Alaska,2020-09-19,104
Alaska,2020-09-26,114
Alaska,2020-10-03,78
Alaska,2020-10-10,117
Alaska,2020-10-17,101
Alaska,2020-10-24,102
Alaska,2020-10-31,107
Alaska,2020-11-07,114
Alaska,2020-11-14,114
Alaska,2020-11-21,122
Alaska,2020-11-28,114
Alaska,2020-12-05,118
Alaska,2020-12-12,135
Alaska,2020-12-19,99
Alaska,2020-12-26,115
Alaska,2021-01-02,105
Alaska,2021-01-09,111
Alaska,2021-01-16,128
Alaska,2021-01-23,95
Alaska,2021-01-30,89
Alaska,2021-02-06,86
Alaska,2021-02-13,91
Alaska,2021-02-20,85
Alaska,2021-02-27,89
Alaska,2021-03-06,95
Alaska,2021-03-13,80
Alaska,2021-03-20,96
Alaska,2021-03-27,85
Alaska,2021-04-03,76
Alaska,2021-04-10,85
Alaska,2021-04-17,75
Alaska,2021-04-24,60
Alaska,2021-05-01,69
Alaska,2021-05-08,37
Alaska,2021-05-15,16
Alaska,2021-05-22,0
Alaska,2021-05-29,0
Alaska,2021-06-05,0
Alaska,2021-06-12,0
Alaska,2021-06-19,0
Alaska,2021-06-26,0
Alaska,2021-07-03,0
Alaska,2021-07-10,0
Alaska,2021-07-17,0
Alaska,2021-07-24,0
Alaska,2021-07-31,0
Alaska,2021-08-07,0
Arizona,2016-01-02,1107
Arizona,2015-01-03,1115
Arizona,2014-01-04,1021
Arizona,2019-01-05,1332
Arizona,2018-01-06,1522
Arizona,2017-01-07,1157
Arizona,2016-01-09,1141
Arizona,2015-01-10,1133
Arizona,2014-01-11,1075
Arizona,2019-01-12,1341
Arizona,2018-01-13,1509
Arizona,2017-01-14,1201
Arizona,2016-01-16,1188
Arizona,2015-01-17,1182
Arizona,2014-01-18,1143
Arizona,2019-01-19,1264
Arizona,2018-01-20,1363
Arizona,2017-01-21,1114
Arizona,2016-01-23,1190
Arizona,2015-01-24,1077
Arizona,2014-01-25,1163
Arizona,2019-01-26,1248
Arizona,2018-01-27,1352
Arizona,2017-01-28,1184
Arizona,2016-01-30,1211
Arizona,2015-01-31,1271
Arizona,2014-02-01,1123
Arizona,2019-02-02,1209
Arizona,2018-02-03,1369
Arizona,2017-02-04,1228
Arizona,2016-02-06,1200
Arizona,2015-02-07,1133
Arizona,2014-02-08,1145
Arizona,2019-02-09,1190
Arizona,2018-02-10,1298
Arizona,2017-02-11,1205
Arizona,2016-02-13,1268
Arizona,2015-02-14,1099
Arizona,2014-02-15,1064
Arizona,2019-02-16,1178
Arizona,2018-02-17,1218
Arizona,2017-02-18,1127
Arizona,2016-02-20,1300
Arizona,2015-02-21,1112
Arizona,2014-02-22,1085
Arizona,2019-02-23,1301
Arizona,2018-02-24,1161
Arizona,2017-02-25,1118
Arizona,2016-02-27,1278
Arizona,2015-02-28,1062
Arizona,2014-03-01,1069
Arizona,2019-03-02,1244
Arizona,2018-03-03,1255
Arizona,2017-03-04,1171
Arizona,2016-03-05,1233
Arizona,2015-03-07,1127
Arizona,2014-03-08,970
Arizona,2019-03-09,1242
Arizona,2018-03-10,1279
Arizona,2017-03-11,1164
Arizona,2016-03-12,1282
Arizona,2015-03-14,1160
Arizona,2014-03-15,1038
Arizona,2019-03-16,1267
Arizona,2018-03-17,1182
Arizona,2017-03-18,1204
Arizona,2016-03-19,1310
Arizona,2015-03-21,1114
Arizona,2014-03-22,1013
Arizona,2019-03-23,1189
Arizona,2018-03-24,1224
Arizona,2017-03-25,1184
Arizona,2016-03-26,1199
Arizona,2015-03-28,1103
Arizona,2014-03-29,1040
Arizona,2019-03-30,1228
Arizona,2018-03-31,1185
Arizona,2017-04-01,1125
Arizona,2016-04-02,1182
Arizona,2015-04-04,1045
Arizona,2014-04-05,993
Arizona,2019-04-06,1241
Arizona,2018-04-07,1238
Arizona,2017-04-08,1167
Arizona,2016-04-09,1133
Arizona,2015-04-11,1054
Arizona,2014-04-12,1036
Arizona,2019-04-13,1311
Arizona,2018-04-14,1163
Arizona,2017-04-15,1138
Arizona,2016-04-16,1092
Arizona,2015-04-18,1128
Arizona,2014-04-19,1073
Arizona,2019-04-20,1161
Arizona,2018-04-21,1151
Arizona,2017-04-22,1120
Arizona,2016-04-23,1103
Arizona,2015-04-25,1096
Arizona,2014-04-26,996
Arizona,2019-04-27,1171
Arizona,2018-04-28,1134
Arizona,2017-04-29,1174
Arizona,2016-04-30,1076
Arizona,2015-05-02,1060
Arizona,2014-05-03,1036
Arizona,2019-05-04,1153
Arizona,2018-05-05,1150
Arizona,2017-05-06,1163
Arizona,2016-05-07,1032
Arizona,2015-05-09,1008
Arizona,2014-05-10,1000
Arizona,2019-05-11,1179
Arizona,2018-05-12,1138
Arizona,2017-05-13,1116
Arizona,2016-05-14,1057
Arizona,2015-05-16,1022
Arizona,2014-05-17,967
Arizona,2019-05-18,1131
Arizona,2018-05-19,1021
Arizona,2017-05-20,1073
Arizona,2016-05-21,1091
Arizona,2015-05-23,1030
Arizona,2014-05-24,970
Arizona,2019-05-25,1110
Arizona,2018-05-26,1056
Arizona,2017-05-27,1057
Arizona,2016-05-28,990
Arizona,2015-05-30,1003
Arizona,2014-05-31,963
Arizona,2019-06-01,1162
Arizona,2018-06-02,1029
Arizona,2017-06-03,1139
Arizona,2016-06-04,1051
Arizona,2015-06-06,1038
Arizona,2014-06-07,992
Arizona,2019-06-08,1062
Arizona,2018-06-09,1082
Arizona,2017-06-10,1135
Arizona,2016-06-11,1077
Arizona,2015-06-13,1037
Arizona,2014-06-14,962
Arizona,2019-06-15,1138
Arizona,2018-06-16,1141
Arizona,2017-06-17,1071
Arizona,2016-06-18,992
Arizona,2015-06-20,964
Arizona,2014-06-21,917
Arizona,2019-06-22,1051
Arizona,2018-06-23,1056
Arizona,2017-06-24,1099
Arizona,2016-06-25,1049
Arizona,2015-06-27,1039
Arizona,2014-06-28,940
Arizona,2019-06-29,1119
Arizona,2018-06-30,1089
Arizona,2017-07-01,1104
Arizona,2016-07-02,1058
Arizona,2015-07-04,1023
Arizona,2014-07-05,927
Arizona,2019-07-06,1105
Arizona,2018-07-07,1071
Arizona,2017-07-08,1136
Arizona,2016-07-09,1009
Arizona,2015-07-11,987
Arizona,2014-07-12,926
Arizona,2019-07-13,1153
Arizona,2018-07-14,1033
Arizona,2017-07-15,1067
Arizona,2016-07-16,979
Arizona,2015-07-18,942
Arizona,2014-07-19,908
Arizona,2019-07-20,1126
Arizona,2018-07-21,1112
Arizona,2017-07-22,1072
Arizona,2016-07-23,1010
Arizona,2015-07-25,907
Arizona,2014-07-26,944
Arizona,2019-07-27,1052
Arizona,2018-07-28,1080
Arizona,2017-07-29,998
Arizona,2016-07-30,1082
Arizona,2015-08-01,1002
Arizona,2014-08-02,969
Arizona,2019-08-03,1072
Arizona,2018-08-04,1080
Arizona,2017-08-05,1042
Arizona,2016-08-06,981
Arizona,2015-08-08,950
Arizona,2014-08-09,932
Arizona,2019-08-10,1075
Arizona,2018-08-11,1023
Arizona,2017-08-12,1057
Arizona,2016-08-13,1000
Arizona,2015-08-15,930
Arizona,2014-08-16,907
Arizona,2019-08-17,1065
Arizona,2018-08-18,1009
Arizona,2017-08-19,967
Arizona,2016-08-20,1012
Arizona,2015-08-22,1040
Arizona,2014-08-23,892
Arizona,2019-08-24,1054
Arizona,2018-08-25,1074
Arizona,2017-08-26,999
Arizona,2016-08-27,992
Arizona,2015-08-29,949
Arizona,2014-08-30,940
Arizona,2019-08-31,1141
Arizona,2018-09-01,1054
Arizona,2017-09-02,1047
Arizona,2016-09-03,1014
Arizona,2015-09-05,940
Arizona,2014-09-06,946
Arizona,2019-09-07,1163
Arizona,2018-09-08,1037
Arizona,2017-09-09,1062
Arizona,2016-09-10,992
Arizona,2015-09-12,936
Arizona,2014-09-13,890
Arizona,2019-09-14,1026
Arizona,2018-09-15,1057
Arizona,2017-09-16,1053
Arizona,2016-09-17,922
Arizona,2015-09-19,969
Arizona,2014-09-20,976
Arizona,2019-09-21,1071
Arizona,2018-09-22,1051
Arizona,2017-09-23,1033
Arizona,2016-09-24,1028
Arizona,2015-09-26,1058
Arizona,2014-09-27,920
Arizona,2019-09-28,1151
Arizona,2018-09-29,1062
Arizona,2017-09-30,1004
Arizona,2016-10-01,989
Arizona,2015-10-03,920
Arizona,2014-10-04,969
Arizona,2019-10-05,1094
Arizona,2018-10-06,987
Arizona,2017-10-07,1048
Arizona,2016-10-08,968
Arizona,2015-10-10,1001
Arizona,2014-10-11,965
Arizona,2019-10-12,1108
Arizona,2018-10-13,1018
Arizona,2017-10-14,1061
Arizona,2016-10-15,1024
Arizona,2015-10-17,960
Arizona,2014-10-18,955
Arizona,2019-10-19,1133
Arizona,2018-10-20,1086
Arizona,2017-10-21,1046
Arizona,2016-10-22,1043
Arizona,2015-10-24,939
Arizona,2014-10-25,944
Arizona,2019-10-26,1006
Arizona,2018-10-27,1084
Arizona,2017-10-28,1025
Arizona,2016-10-29,1003
Arizona,2015-10-31,974
Arizona,2014-11-01,928
Arizona,2019-11-02,1112
Arizona,2018-11-03,1019
Arizona,2017-11-04,1076
Arizona,2016-11-05,1056
Arizona,2015-11-07,985
Arizona,2014-11-08,975
Arizona,2019-11-09,1245
Arizona,2018-11-10,1092
Arizona,2017-11-11,1024
Arizona,2016-11-12,1052
Arizona,2015-11-14,1156
Arizona,2014-11-15,1004
Arizona,2019-11-16,1185
Arizona,2018-11-17,1090
Arizona,2017-11-18,1137
Arizona,2016-11-19,1037
Arizona,2015-11-21,1096
Arizona,2014-11-22,1006
Arizona,2019-11-23,1214
Arizona,2018-11-24,1110
Arizona,2017-11-25,1105
Arizona,2016-11-26,1092
Arizona,2015-11-28,1055
Arizona,2014-11-29,1021
Arizona,2019-11-30,1116
Arizona,2018-12-01,1142
Arizona,2017-12-02,1123
Arizona,2016-12-03,1104
Arizona,2015-12-05,1074
Arizona,2014-12-06,1044
Arizona,2019-12-07,1213
Arizona,2018-12-08,1180
Arizona,2017-12-09,1084
Arizona,2016-12-10,1103
Arizona,2015-12-12,1155
Arizona,2014-12-13,950
Arizona,2019-12-14,1180
Arizona,2018-12-15,1142
Arizona,2017-12-16,1143
Arizona,2016-12-17,1093
Arizona,2015-12-19,1138
Arizona,2014-12-20,982
Arizona,2019-12-21,1156
Arizona,2018-12-22,1266
Arizona,2017-12-23,1328
Arizona,2016-12-24,1057
Arizona,2015-12-26,1092
Arizona,2014-12-27,1032
Arizona,2019-12-28,1212
Arizona,2018-12-29,1171
Arizona,2017-12-30,1410
Arizona,2016-12-31,1158
Arizona,2020-01-04,1301
Arizona,2020-01-11,1391
Arizona,2020-01-18,1315
Arizona,2020-01-25,1275
Arizona,2020-02-01,1265
Arizona,2020-02-08,1264
Arizona,2020-02-15,1314
Arizona,2020-02-22,1342
Arizona,2020-02-29,1353
Arizona,2020-03-07,1380
Arizona,2020-03-14,1349
Arizona,2020-03-21,1290
Arizona,2020-03-28,1324
Arizona,2020-04-04,1357
Arizona,2020-04-11,1403
Arizona,2020-04-18,1316
Arizona,2020-04-25,1384
Arizona,2020-05-02,1404
Arizona,2020-05-09,1427
Arizona,2020-05-16,1306
Arizona,2020-05-23,1289
Arizona,2020-05-30,1310
Arizona,2020-06-06,1399
Arizona,2020-06-13,1463
Arizona,2020-06-20,1550
Arizona,2020-06-27,1617
Arizona,2020-07-04,1774
Arizona,2020-07-11,1954
Arizona,2020-07-18,1995
Arizona,2020-07-25,1863
Arizona,2020-08-01,1792
Arizona,2020-08-08,1586
Arizona,2020-08-15,1526
Arizona,2020-08-22,1505
Arizona,2020-08-29,1467
Arizona,2020-09-05,1296
Arizona,2020-09-12,1282
Arizona,2020-09-19,1259
Arizona,2020-09-26,1285
Arizona,2020-10-03,1202
Arizona,2020-10-10,1241
Arizona,2020-10-17,1236
Arizona,2020-10-24,1282
Arizona,2020-10-31,1312
Arizona,2020-11-07,1399
Arizona,2020-11-14,1252
Arizona,2020-11-21,1525
Arizona,2020-11-28,1531
Arizona,2020-12-05,1696
Arizona,2020-12-12,2004
Arizona,2020-12-19,2098
Arizona,2020-12-26,2205
Arizona,2021-01-02,2300
Arizona,2021-01-09,2422
Arizona,2021-01-16,2454
Arizona,2021-01-23,2395
Arizona,2021-01-30,2056
Arizona,2021-02-06,1909
Arizona,2021-02-13,1686
Arizona,2021-02-20,1552
Arizona,2021-02-27,1515
Arizona,2021-03-06,1494
Arizona,2021-03-13,1411
Arizona,2021-03-20,1390
Arizona,2021-03-27,1288
Arizona,2021-04-03,1346
Arizona,2021-04-10,1272
Arizona,2021-04-17,1319
Arizona,2021-04-24,1249
Arizona,2021-05-01,1277
Arizona,2021-05-08,1413
Arizona,2021-05-15,1315
Arizona,2021-05-22,1253
Arizona,2021-05-29,1248
Arizona,2021-06-05,1327
Arizona,2021-06-12,1296
Arizona,2021-06-19,1348
Arizona,2021-06-26,1373
Arizona,2021-07-03,1308
Arizona,2021-07-10,1268
Arizona,2021-07-17,1319
Arizona,2021-07-24,1198
Arizona,2021-07-31,1156
Arizona,2021-08-07,938
Arkansas,2016-01-02,559
Arkansas,2015-01-03,634
Arkansas,2014-01-04,684
Arkansas,2019-01-05,691
Arkansas,2018-01-06,734
Arkansas,2017-01-07,650
Arkansas,2016-01-09,640
Arkansas,2015-01-10,746
Arkansas,2014-01-11,652
Arkansas,2019-01-12,601
Arkansas,2018-01-13,763
Arkansas,2017-01-14,658
Arkansas,2016-01-16,628
Arkansas,2015-01-17,669
Arkansas,2014-01-18,632
Arkansas,2019-01-19,661
Arkansas,2018-01-20,760
Arkansas,2017-01-21,657
Arkansas,2016-01-23,571
Arkansas,2015-01-24,681
Arkansas,2014-01-25,657
Arkansas,2019-01-26,650
Arkansas,2018-01-27,735
Arkansas,2017-01-28,579
Arkansas,2016-01-30,623
Arkansas,2015-01-31,685
Arkansas,2014-02-01,646
Arkansas,2019-02-02,670
Arkansas,2018-02-03,667
Arkansas,2017-02-04,614
Arkansas,2016-02-06,605
Arkansas,2015-02-07,716
Arkansas,2014-02-08,618
Arkansas,2019-02-09,665
Arkansas,2018-02-10,680
Arkansas,2017-02-11,626
Arkansas,2016-02-13,613
Arkansas,2015-02-14,669
Arkansas,2014-02-15,655
Arkansas,2019-02-16,695
Arkansas,2018-02-17,673
Arkansas,2017-02-18,648
Arkansas,2016-02-20,588
Arkansas,2015-02-21,616
Arkansas,2014-02-22,609
Arkansas,2019-02-23,723
Arkansas,2018-02-24,670
Arkansas,2017-02-25,655
Arkansas,2016-02-27,627
Arkansas,2015-02-28,708
Arkansas,2014-03-01,630
Arkansas,2019-03-02,643
Arkansas,2018-03-03,610
Arkansas,2017-03-04,661
Arkansas,2016-03-05,588
Arkansas,2015-03-07,669
Arkansas,2014-03-08,636
Arkansas,2019-03-09,686
Arkansas,2018-03-10,652
Arkansas,2017-03-11,635
Arkansas,2016-03-12,588
Arkansas,2015-03-14,640
Arkansas,2014-03-15,564
Arkansas,2019-03-16,703
Arkansas,2018-03-17,583
Arkansas,2017-03-18,643
Arkansas,2016-03-19,635
Arkansas,2015-03-21,571
Arkansas,2014-03-22,597
Arkansas,2019-03-23,671
Arkansas,2018-03-24,577
Arkansas,2017-03-25,636
Arkansas,2016-03-26,583
Arkansas,2015-03-28,566
Arkansas,2014-03-29,573
Arkansas,2019-03-30,659
Arkansas,2018-03-31,592
Arkansas,2017-04-01,639
Arkansas,2016-04-02,660
Arkansas,2015-04-04,588
Arkansas,2014-04-05,596
Arkansas,2019-04-06,645
Arkansas,2018-04-07,576
Arkansas,2017-04-08,609
Arkansas,2016-04-09,603
Arkansas,2015-04-11,590
Arkansas,2014-04-12,582
Arkansas,2019-04-13,645
Arkansas,2018-04-14,619
Arkansas,2017-04-15,634
Arkansas,2016-04-16,605
Arkansas,2015-04-18,570
Arkansas,2014-04-19,553
Arkansas,2019-04-20,616
Arkansas,2018-04-21,541
Arkansas,2017-04-22,604
Arkansas,2016-04-23,603
Arkansas,2015-04-25,559
Arkansas,2014-04-26,586
Arkansas,2019-04-27,584
Arkansas,2018-04-28,578
Arkansas,2017-04-29,607
Arkansas,2016-04-30,566
Arkansas,2015-05-02,616
Arkansas,2014-05-03,549
Arkansas,2019-05-04,588
Arkansas,2018-05-05,625
Arkansas,2017-05-06,590
Arkansas,2016-05-07,553
Arkansas,2015-05-09,592
Arkansas,2014-05-10,560
Arkansas,2019-05-11,567
Arkansas,2018-05-12,627
Arkansas,2017-05-13,600
Arkansas,2016-05-14,549
Arkansas,2015-05-16,574
Arkansas,2014-05-17,543
Arkansas,2019-05-18,607
Arkansas,2018-05-19,575
Arkansas,2017-05-20,608
Arkansas,2016-05-21,599
Arkansas,2015-05-23,601
Arkansas,2014-05-24,518
Arkansas,2019-05-25,630
Arkansas,2018-05-26,581
Arkansas,2017-05-27,567
Arkansas,2016-05-28,553
Arkansas,2015-05-30,591
Arkansas,2014-05-31,583
Arkansas,2019-06-01,565
Arkansas,2018-06-02,608
Arkansas,2017-06-03,568
Arkansas,2016-06-04,585
Arkansas,2015-06-06,572
Arkansas,2014-06-07,510
Arkansas,2019-06-08,572
Arkansas,2018-06-09,573
Arkansas,2017-06-10,565
Arkansas,2016-06-11,595
Arkansas,2015-06-13,561
Arkansas,2014-06-14,555
Arkansas,2019-06-15,635
Arkansas,2018-06-16,601
Arkansas,2017-06-17,601
Arkansas,2016-06-18,531
Arkansas,2015-06-20,574
Arkansas,2014-06-21,506
Arkansas,2019-06-22,553
Arkansas,2018-06-23,545
Arkansas,2017-06-24,603
Arkansas,2016-06-25,561
Arkansas,2015-06-27,527
Arkansas,2014-06-28,533
Arkansas,2019-06-29,564
Arkansas,2018-06-30,570
Arkansas,2017-07-01,582
Arkansas,2016-07-02,577
Arkansas,2015-07-04,563
Arkansas,2014-07-05,566
Arkansas,2019-07-06,582
Arkansas,2018-07-07,568
Arkansas,2017-07-08,604
Arkansas,2016-07-09,597
Arkansas,2015-07-11,509
Arkansas,2014-07-12,544
Arkansas,2019-07-13,580
Arkansas,2018-07-14,586
Arkansas,2017-07-15,582
Arkansas,2016-07-16,609
Arkansas,2015-07-18,536
Arkansas,2014-07-19,572
Arkansas,2019-07-20,580
Arkansas,2018-07-21,595
Arkansas,2017-07-22,565
Arkansas,2016-07-23,566
Arkansas,2015-07-25,600
Arkansas,2014-07-26,519
Arkansas,2019-07-27,539
Arkansas,2018-07-28,534
Arkansas,2017-07-29,582
Arkansas,2016-07-30,553
Arkansas,2015-08-01,522
Arkansas,2014-08-02,570
Arkansas,2019-08-03,557
Arkansas,2018-08-04,548
Arkansas,2017-08-05,526
Arkansas,2016-08-06,537
Arkansas,2015-08-08,593
Arkansas,2014-08-09,561
Arkansas,2019-08-10,592
Arkansas,2018-08-11,556
Arkansas,2017-08-12,589
Arkansas,2016-08-13,551
Arkansas,2015-08-15,583
Arkansas,2014-08-16,503
Arkansas,2019-08-17,574
Arkansas,2018-08-18,560
Arkansas,2017-08-19,571
Arkansas,2016-08-20,566
Arkansas,2015-08-22,575
Arkansas,2014-08-23,524
Arkansas,2019-08-24,587
Arkansas,2018-08-25,561
Arkansas,2017-08-26,559
Arkansas,2016-08-27,558
Arkansas,2015-08-29,548
Arkansas,2014-08-30,536
Arkansas,2019-08-31,557
Arkansas,2018-09-01,568
Arkansas,2017-09-02,550
Arkansas,2016-09-03,538
Arkansas,2015-09-05,548
Arkansas,2014-09-06,501
Arkansas,2019-09-07,528
Arkansas,2018-09-08,577
Arkansas,2017-09-09,583
Arkansas,2016-09-10,629
Arkansas,2015-09-12,572
Arkansas,2014-09-13,522
Arkansas,2019-09-14,637
Arkansas,2018-09-15,597
Arkansas,2017-09-16,611
Arkansas,2016-09-17,564
Arkansas,2015-09-19,540
Arkansas,2014-09-20,537
Arkansas,2019-09-21,601
Arkansas,2018-09-22,586
Arkansas,2017-09-23,577
Arkansas,2016-09-24,548
Arkansas,2015-09-26,528
Arkansas,2014-09-27,589
Arkansas,2019-09-28,598
Arkansas,2018-09-29,554
Arkansas,2017-09-30,613
Arkansas,2016-10-01,517
Arkansas,2015-10-03,582
Arkansas,2014-10-04,526
Arkansas,2019-10-05,564
Arkansas,2018-10-06,559
Arkansas,2017-10-07,563
Arkansas,2016-10-08,568
Arkansas,2015-10-10,564
Arkansas,2014-10-11,554
Arkansas,2019-10-12,590
Arkansas,2018-10-13,565
Arkansas,2017-10-14,536
Arkansas,2016-10-15,570
Arkansas,2015-10-17,554
Arkansas,2014-10-18,562
Arkansas,2019-10-19,610
Arkansas,2018-10-20,575
Arkansas,2017-10-21,565
Arkansas,2016-10-22,548
Arkansas,2015-10-24,582
Arkansas,2014-10-25,585
Arkansas,2019-10-26,618
Arkansas,2018-10-27,654
Arkansas,2017-10-28,609
Arkansas,2016-10-29,601
Arkansas,2015-10-31,631
Arkansas,2014-11-01,574
Arkansas,2019-11-02,595
Arkansas,2018-11-03,615
Arkansas,2017-11-04,609
Arkansas,2016-11-05,608
Arkansas,2015-11-07,529
Arkansas,2014-11-08,541
Arkansas,2019-11-09,632
Arkansas,2018-11-10,583
Arkansas,2017-11-11,589
Arkansas,2016-11-12,637
Arkansas,2015-11-14,596
Arkansas,2014-11-15,571
Arkansas,2019-11-16,671
Arkansas,2018-11-17,638
Arkansas,2017-11-18,624
Arkansas,2016-11-19,604
Arkansas,2015-11-21,581
Arkansas,2014-11-22,611
Arkansas,2019-11-23,643
Arkansas,2018-11-24,632
Arkansas,2017-11-25,606
Arkansas,2016-11-26,638
Arkansas,2015-11-28,596
Arkansas,2014-11-29,574
Arkansas,2019-11-30,664
Arkansas,2018-12-01,635
Arkansas,2017-12-02,615
Arkansas,2016-12-03,617
Arkansas,2015-12-05,592
Arkansas,2014-12-06,618
Arkansas,2019-12-07,617
Arkansas,2018-12-08,602
Arkansas,2017-12-09,700
Arkansas,2016-12-10,638
Arkansas,2015-12-12,616
Arkansas,2014-12-13,576
Arkansas,2019-12-14,659
Arkansas,2018-12-15,661
Arkansas,2017-12-16,711
Arkansas,2016-12-17,702
Arkansas,2015-12-19,576
Arkansas,2014-12-20,608
Arkansas,2019-12-21,613
Arkansas,2018-12-22,652
Arkansas,2017-12-23,696
Arkansas,2016-12-24,655
Arkansas,2015-12-26,604
Arkansas,2014-12-27,603
Arkansas,2019-12-28,706
Arkansas,2018-12-29,668
Arkansas,2017-12-30,733
Arkansas,2016-12-31,699
Arkansas,2020-01-04,672
Arkansas,2020-01-11,686
Arkansas,2020-01-18,658
Arkansas,2020-01-25,616
Arkansas,2020-02-01,681
Arkansas,2020-02-08,673
Arkansas,2020-02-15,688
Arkansas,2020-02-22,697
Arkansas,2020-02-29,656
Arkansas,2020-03-07,697
Arkansas,2020-03-14,628
Arkansas,2020-03-21,640
Arkansas,2020-03-28,641
Arkansas,2020-04-04,606
Arkansas,2020-04-11,636
Arkansas,2020-04-18,637
Arkansas,2020-04-25,615
Arkansas,2020-05-02,630
Arkansas,2020-05-09,661
Arkansas,2020-05-16,583
Arkansas,2020-05-23,642
Arkansas,2020-05-30,610
Arkansas,2020-06-06,649
Arkansas,2020-06-13,652
Arkansas,2020-06-20,708
Arkansas,2020-06-27,663
Arkansas,2020-07-04,687
Arkansas,2020-07-11,661
Arkansas,2020-07-18,695
Arkansas,2020-07-25,714
Arkansas,2020-08-01,750
Arkansas,2020-08-08,736
Arkansas,2020-08-15,766
Arkansas,2020-08-22,750
Arkansas,2020-08-29,739
Arkansas,2020-09-05,713
Arkansas,2020-09-12,722
Arkansas,2020-09-19,736
Arkansas,2020-09-26,746
Arkansas,2020-10-03,784
Arkansas,2020-10-10,785
Arkansas,2020-10-17,778
Arkansas,2020-10-24,794
Arkansas,2020-10-31,790
Arkansas,2020-11-07,845
Arkansas,2020-11-14,893
Arkansas,2020-11-21,876
Arkansas,2020-11-28,833
Arkansas,2020-12-05,944
Arkansas,2020-12-12,912
Arkansas,2020-12-19,936
Arkansas,2020-12-26,922
Arkansas,2021-01-02,968
Arkansas,2021-01-09,961
Arkansas,2021-01-16,962
Arkansas,2021-01-23,983
Arkansas,2021-01-30,873
Arkansas,2021-02-06,863
Arkansas,2021-02-13,802
Arkansas,2021-02-20,773
Arkansas,2021-02-27,788
Arkansas,2021-03-06,741
Arkansas,2021-03-13,718
Arkansas,2021-03-20,643
Arkansas,2021-03-27,699
Arkansas,2021-04-03,598
Arkansas,2021-04-10,688
Arkansas,2021-04-17,607
Arkansas,2021-04-24,657
Arkansas,2021-05-01,645
Arkansas,2021-05-08,693
Arkansas,2021-05-15,686
Arkansas,2021-05-22,674
Arkansas,2021-05-29,646
Arkansas,2021-06-05,667
Arkansas,2021-06-12,652
Arkansas,2021-06-19,683
Arkansas,2021-06-26,648
Arkansas,2021-07-03,665
Arkansas,2021-07-10,667
Arkansas,2021-07-17,687
Arkansas,2021-07-24,669
Arkansas,2021-07-31,703
Arkansas,2021-08-07,535
California,2016-01-02,5518
California,2015-01-03,5364
California,2014-01-04,5263
California,2019-01-05,5668
California,2018-01-06,7009
California,2017-01-07,6043
California,2016-01-09,5754
California,2015-01-10,5803
California,2014-01-11,5362
California,2019-01-12,5749
California,2018-01-13,6829
California,2017-01-14,6237
California,2016-01-16,5606
California,2015-01-17,5814
California,2014-01-18,5502
California,2019-01-19,5630
California,2018-01-20,6307
California,2017-01-21,5941
California,2016-01-23,5364
California,2015-01-24,5564
California,2014-01-25,5326
California,2019-01-26,5503
California,2018-01-27,5823
California,2017-01-28,5721
California,2016-01-30,5218
California,2015-01-31,5669
California,2014-02-01,5184
California,2019-02-02,5441
California,2018-02-03,5938
California,2017-02-04,5937
California,2016-02-06,5369
California,2015-02-07,5485
California,2014-02-08,5176
California,2019-02-09,5575
California,2018-02-10,5544
California,2017-02-11,5695
California,2016-02-13,5577
California,2015-02-14,5559
California,2014-02-15,5075
California,2019-02-16,5628
California,2018-02-17,5592
California,2017-02-18,5597
California,2016-02-20,5587
California,2015-02-21,5414
California,2014-02-22,4933
California,2019-02-23,5797
California,2018-02-24,5657
California,2017-02-25,5330
California,2016-02-27,5491
California,2015-02-28,5197
California,2014-03-01,4741
California,2019-03-02,5847
California,2018-03-03,5707
California,2017-03-04,5519
California,2016-03-05,5518
California,2015-03-07,5394
California,2014-03-08,4743
California,2019-03-09,5651
California,2018-03-10,5895
California,2017-03-11,5411
California,2016-03-12,5279
California,2015-03-14,5274
California,2014-03-15,4858
California,2019-03-16,5575
California,2018-03-17,5657
California,2017-03-18,5351
California,2016-03-19,5469
California,2015-03-21,5212
California,2014-03-22,4827
California,2019-03-23,5507
California,2018-03-24,5463
California,2017-03-25,5131
California,2016-03-26,5237
California,2015-03-28,4840
California,2014-03-29,4723
California,2019-03-30,5492
California,2018-03-31,5349
California,2017-04-01,5140
California,2016-04-02,5155
California,2015-04-04,4744
California,2014-04-05,4735
California,2019-04-06,5458
California,2018-04-07,5258
California,2017-04-08,5169
California,2016-04-09,5179
California,2015-04-11,5065
California,2014-04-12,4805
California,2019-04-13,5191
California,2018-04-14,5067
California,2017-04-15,5101
California,2016-04-16,5147
California,2015-04-18,4988
California,2014-04-19,4635
California,2019-04-20,5175
California,2018-04-21,4969
California,2017-04-22,5048
California,2016-04-23,4908
California,2015-04-25,5032
California,2014-04-26,4578
California,2019-04-27,5067
California,2018-04-28,5113
California,2017-04-29,5245
California,2016-04-30,4884
California,2015-05-02,5016
California,2014-05-03,4717
California,2019-05-04,5007
California,2018-05-05,4945
California,2017-05-06,5209
California,2016-05-07,4949
California,2015-05-09,4788
California,2014-05-10,4646
California,2019-05-11,4993
California,2018-05-12,4922
California,2017-05-13,4872
California,2016-05-14,4808
California,2015-05-16,4740
California,2014-05-17,4575
California,2019-05-18,5044
California,2018-05-19,4666
California,2017-05-20,5041
California,2016-05-21,4679
California,2015-05-23,4713
California,2014-05-24,4450
California,2019-05-25,5107
California,2018-05-26,4825
California,2017-05-27,4821
California,2016-05-28,4762
California,2015-05-30,4951
California,2014-05-31,4581
California,2019-06-01,5007
California,2018-06-02,4921
California,2017-06-03,4869
California,2016-06-04,4814
California,2015-06-06,4783
California,2014-06-07,4579
California,2019-06-08,5090
California,2018-06-09,5017
California,2017-06-10,4831
California,2016-06-11,4583
California,2015-06-13,4790
California,2014-06-14,4507
California,2019-06-15,5160
California,2018-06-16,4773
California,2017-06-17,4885
California,2016-06-18,4589
California,2015-06-20,4767
California,2014-06-21,4490
California,2019-06-22,4894
California,2018-06-23,4848
California,2017-06-24,5128
California,2016-06-25,4802
California,2015-06-27,4663
California,2014-06-28,4393
California,2019-06-29,4833
California,2018-06-30,4731
California,2017-07-01,4830
California,2016-07-02,4841
California,2015-07-04,4708
California,2014-07-05,4633
California,2019-07-06,4891
California,2018-07-07,4784
California,2017-07-08,4881
California,2016-07-09,4574
California,2015-07-11,4403
California,2014-07-12,4452
California,2019-07-13,4794
California,2018-07-14,4956
California,2017-07-15,4717
California,2016-07-16,4575
California,2015-07-18,4638
California,2014-07-19,4472
California,2019-07-20,4692
California,2018-07-21,4705
California,2017-07-22,4758
California,2016-07-23,4718
California,2015-07-25,4615
California,2014-07-26,4442
California,2019-07-27,4970
California,2018-07-28,4758
California,2017-07-29,4613
California,2016-07-30,4701
California,2015-08-01,4726
California,2014-08-02,4502
California,2019-08-03,4611
California,2018-08-04,4686
California,2017-08-05,4804
California,2016-08-06,4714
California,2015-08-08,4534
California,2014-08-09,4331
California,2019-08-10,4747
California,2018-08-11,4770
California,2017-08-12,4664
California,2016-08-13,4514
California,2015-08-15,4558
California,2014-08-16,4516
California,2019-08-17,4687
California,2018-08-18,4777
California,2017-08-19,4594
California,2016-08-20,4584
California,2015-08-22,4631
California,2014-08-23,4448
California,2019-08-24,4749
California,2018-08-25,4740
California,2017-08-26,4485
California,2016-08-27,4726
California,2015-08-29,4720
California,2014-08-30,4270
California,2019-08-31,4787
California,2018-09-01,4668
California,2017-09-02,4988
California,2016-09-03,4680
California,2015-09-05,4618
California,2014-09-06,4554
California,2019-09-07,4828
California,2018-09-08,4614
California,2017-09-09,4966
California,2016-09-10,4678
California,2015-09-12,4813
California,2014-09-13,4537
California,2019-09-14,4827
California,2018-09-15,4655
California,2017-09-16,4686
California,2016-09-17,4708
California,2015-09-19,4693
California,2014-09-20,4518
California,2019-09-21,4776
California,2018-09-22,4822
California,2017-09-23,4732
California,2016-09-24,4793
California,2015-09-26,4593
California,2014-09-27,4396
California,2019-09-28,4812
California,2018-09-29,4788
California,2017-09-30,4978
California,2016-10-01,4798
California,2015-10-03,4546
California,2014-10-04,4561
California,2019-10-05,4944
California,2018-10-06,4745
California,2017-10-07,4783
California,2016-10-08,4844
California,2015-10-10,4753
California,2014-10-11,4600
California,2019-10-12,4892
California,2018-10-13,4703
California,2017-10-14,4909
California,2016-10-15,4871
California,2015-10-17,4804
California,2014-10-18,4484
California,2019-10-19,5045
California,2018-10-20,4818
California,2017-10-21,4972
California,2016-10-22,4836
California,2015-10-24,4556
California,2014-10-25,4521
California,2019-10-26,5080
California,2018-10-27,4857
California,2017-10-28,4941
California,2016-10-29,4887
California,2015-10-31,4637
California,2014-11-01,4564
California,2019-11-02,5114
California,2018-11-03,4899
California,2017-11-04,4903
California,2016-11-05,4772
California,2015-11-07,4753
California,2014-11-08,4665
California,2019-11-09,5284
California,2018-11-10,5027
California,2017-11-11,4871
California,2016-11-12,4870
California,2015-11-14,4990
California,2014-11-15,4726
California,2019-11-16,5092
California,2018-11-17,5028
California,2017-11-18,4818
California,2016-11-19,4812
California,2015-11-21,5231
California,2014-11-22,4837
California,2019-11-23,5139
California,2018-11-24,5251
California,2017-11-25,5033
California,2016-11-26,4955
California,2015-11-28,5044
California,2014-11-29,4840
California,2019-11-30,5149
California,2018-12-01,5049
California,2017-12-02,4930
California,2016-12-03,5273
California,2015-12-05,5169
California,2014-12-06,4862
California,2019-12-07,5500
California,2018-12-08,5329
California,2017-12-09,5251
California,2016-12-10,5503
California,2015-12-12,5298
California,2014-12-13,4943
California,2019-12-14,5361
California,2018-12-15,5248
California,2017-12-16,5441
California,2016-12-17,5344
California,2015-12-19,5293
California,2014-12-20,4883
California,2019-12-21,5375
California,2018-12-22,5278
California,2017-12-23,5757
California,2016-12-24,5529
California,2015-12-26,5405
California,2014-12-27,5227
California,2019-12-28,5540
California,2018-12-29,5365
California,2017-12-30,6529
California,2016-12-31,5767
California,2020-01-04,5888
California,2020-01-11,5873
California,2020-01-18,5830
California,2020-01-25,5832
California,2020-02-01,5686
California,2020-02-08,5913
California,2020-02-15,5587
California,2020-02-22,5797
California,2020-02-29,5680
California,2020-03-07,5736
California,2020-03-14,5465
California,2020-03-21,5681
California,2020-03-28,5689
California,2020-04-04,5986
California,2020-04-11,6047
California,2020-04-18,6131
California,2020-04-25,5938
California,2020-05-02,5744
California,2020-05-09,5671
California,2020-05-16,5695
California,2020-05-23,5530
California,2020-05-30,5593
California,2020-06-06,5518
California,2020-06-13,5570
California,2020-06-20,5489
California,2020-06-27,5701
California,2020-07-04,5901
California,2020-07-11,6042
California,2020-07-18,6230
California,2020-07-25,6250
California,2020-08-01,6339
California,2020-08-08,6309
California,2020-08-15,6291
California,2020-08-22,6478
California,2020-08-29,5878
California,2020-09-05,5784
California,2020-09-12,5874
California,2020-09-19,5755
California,2020-09-26,5563
California,2020-10-03,5670
California,2020-10-10,5568
California,2020-10-17,5620
California,2020-10-24,5350
California,2020-10-31,5529
California,2020-11-07,5872
California,2020-11-14,6003
California,2020-11-21,6350
California,2020-11-28,6390
California,2020-12-05,7161
California,2020-12-12,8146
California,2020-12-19,9225
California,2020-12-26,10554
California,2021-01-02,11240
California,2021-01-09,11898
California,2021-01-16,11570
California,2021-01-23,10400
California,2021-01-30,9587
California,2021-02-06,8765
California,2021-02-13,7856
California,2021-02-20,7005
California,2021-02-27,6712
California,2021-03-06,6440
California,2021-03-13,6195
California,2021-03-20,5973
California,2021-03-27,5771
California,2021-04-03,5733
California,2021-04-10,5404
California,2021-04-17,5327
California,2021-04-24,5341
California,2021-05-01,5365
California,2021-05-08,5338
California,2021-05-15,5244
California,2021-05-22,5230
California,2021-05-29,5322
California,2021-06-05,5164
California,2021-06-12,5134
California,2021-06-19,5423
California,2021-06-26,5269
California,2021-07-03,5150
California,2021-07-10,5106
California,2021-07-17,5019
California,2021-07-24,4899
California,2021-07-31,4100
California,2021-08-07,2336
Colorado,2016-01-02,757
Colorado,2015-01-03,948
Colorado,2014-01-04,731
Colorado,2019-01-05,835
Colorado,2018-01-06,867
Colorado,2017-01-07,793
Colorado,2016-01-09,789
Colorado,2015-01-10,885
Colorado,2014-01-11,767
Colorado,2019-01-12,830
Colorado,2018-01-13,867
Colorado,2017-01-14,839
Colorado,2016-01-16,800
Colorado,2015-01-17,829
Colorado,2014-01-18,702
Colorado,2019-01-19,827
Colorado,2018-01-20,815
Colorado,2017-01-21,792
Colorado,2016-01-23,712
Colorado,2015-01-24,747
Colorado,2014-01-25,638
Colorado,2019-01-26,768
Colorado,2018-01-27,845
Colorado,2017-01-28,742
Colorado,2016-01-30,803
Colorado,2015-01-31,776
Colorado,2014-02-01,725
Colorado,2019-02-02,782
Colorado,2018-02-03,857
Colorado,2017-02-04,782
Colorado,2016-02-06,694
Colorado,2015-02-07,747
Colorado,2014-02-08,687
Colorado,2019-02-09,793
Colorado,2018-02-10,822
Colorado,2017-02-11,820
Colorado,2016-02-13,788
Colorado,2015-02-14,687
Colorado,2014-02-15,790
Colorado,2019-02-16,852
Colorado,2018-02-17,820
Colorado,2017-02-18,798
Colorado,2016-02-20,778
Colorado,2015-02-21,723
Colorado,2014-02-22,685
Colorado,2019-02-23,810
Colorado,2018-02-24,780
Colorado,2017-02-25,822
Colorado,2016-02-27,742
Colorado,2015-02-28,723
Colorado,2014-03-01,671
Colorado,2019-03-02,812
Colorado,2018-03-03,748
Colorado,2017-03-04,788
Colorado,2016-03-05,737
Colorado,2015-03-07,678
Colorado,2014-03-08,691
Colorado,2019-03-09,840
Colorado,2018-03-10,782
Colorado,2017-03-11,817
Colorado,2016-03-12,788
Colorado,2015-03-14,672
Colorado,2014-03-15,687
Colorado,2019-03-16,819
Colorado,2018-03-17,796
Colorado,2017-03-18,795
Colorado,2016-03-19,752
Colorado,2015-03-21,729
Colorado,2014-03-22,696
Colorado,2019-03-23,809
Colorado,2018-03-24,820
Colorado,2017-03-25,773
Colorado,2016-03-26,819
Colorado,2015-03-28,698
Colorado,2014-03-29,709
Colorado,2019-03-30,781
Colorado,2018-03-31,736
Colorado,2017-04-01,773
Colorado,2016-04-02,800
Colorado,2015-04-04,718
Colorado,2014-04-05,703
Colorado,2019-04-06,745
Colorado,2018-04-07,780
Colorado,2017-04-08,772
Colorado,2016-04-09,751
Colorado,2015-04-11,731
Colorado,2014-04-12,646
Colorado,2019-04-13,804
Colorado,2018-04-14,788
Colorado,2017-04-15,777
Colorado,2016-04-16,751
Colorado,2015-04-18,762
Colorado,2014-04-19,723
Colorado,2019-04-20,755
Colorado,2018-04-21,751
Colorado,2017-04-22,805
Colorado,2016-04-23,704
Colorado,2015-04-25,735
Colorado,2014-04-26,646
Colorado,2019-04-27,725
Colorado,2018-04-28,754
Colorado,2017-04-29,730
Colorado,2016-04-30,724
Colorado,2015-05-02,708
Colorado,2014-05-03,652
Colorado,2019-05-04,780
Colorado,2018-05-05,708
Colorado,2017-05-06,723
Colorado,2016-05-07,802
Colorado,2015-05-09,652
Colorado,2014-05-10,708
Colorado,2019-05-11,716
Colorado,2018-05-12,791
Colorado,2017-05-13,726
Colorado,2016-05-14,762
Colorado,2015-05-16,720
Colorado,2014-05-17,654
Colorado,2019-05-18,768
Colorado,2018-05-19,681
Colorado,2017-05-20,704
Colorado,2016-05-21,725
Colorado,2015-05-23,726
Colorado,2014-05-24,683
Colorado,2019-05-25,800
Colorado,2018-05-26,717
Colorado,2017-05-27,736
Colorado,2016-05-28,679
Colorado,2015-05-30,679
Colorado,2014-05-31,674
Colorado,2019-06-01,765
Colorado,2018-06-02,709
Colorado,2017-06-03,668
Colorado,2016-06-04,660
Colorado,2015-06-06,648
Colorado,2014-06-07,622
Colorado,2019-06-08,792
Colorado,2018-06-09,678
Colorado,2017-06-10,693
Colorado,2016-06-11,699
Colorado,2015-06-13,706
Colorado,2014-06-14,672
Colorado,2019-06-15,714
Colorado,2018-06-16,713
Colorado,2017-06-17,708
Colorado,2016-06-18,694
Colorado,2015-06-20,733
Colorado,2014-06-21,652
Colorado,2019-06-22,746
Colorado,2018-06-23,695
Colorado,2017-06-24,695
Colorado,2016-06-25,662
Colorado,2015-06-27,697
Colorado,2014-06-28,661
Colorado,2019-06-29,722
Colorado,2018-06-30,663
Colorado,2017-07-01,673
Colorado,2016-07-02,697
Colorado,2015-07-04,651
Colorado,2014-07-05,681
Colorado,2019-07-06,739
Colorado,2018-07-07,701
Colorado,2017-07-08,719
Colorado,2016-07-09,670
Colorado,2015-07-11,642
Colorado,2014-07-12,650
Colorado,2019-07-13,706
Colorado,2018-07-14,711
Colorado,2017-07-15,657
Colorado,2016-07-16,695
Colorado,2015-07-18,677
Colorado,2014-07-19,619
Colorado,2019-07-20,702
Colorado,2018-07-21,685
Colorado,2017-07-22,658
Colorado,2016-07-23,711
Colorado,2015-07-25,687
Colorado,2014-07-26,625
Colorado,2019-07-27,713
Colorado,2018-07-28,694
Colorado,2017-07-29,676
Colorado,2016-07-30,714
Colorado,2015-08-01,698
Colorado,2014-08-02,624
Colorado,2019-08-03,764
Colorado,2018-08-04,699
Colorado,2017-08-05,672
Colorado,2016-08-06,700
Colorado,2015-08-08,696
Colorado,2014-08-09,593
Colorado,2019-08-10,686
Colorado,2018-08-11,731
Colorado,2017-08-12,682
Colorado,2016-08-13,630
Colorado,2015-08-15,667
Colorado,2014-08-16,646
Colorado,2019-08-17,699
Colorado,2018-08-18,731
Colorado,2017-08-19,675
Colorado,2016-08-20,670
Colorado,2015-08-22,655
Colorado,2014-08-23,660
Colorado,2019-08-24,741
Colorado,2018-08-25,739
Colorado,2017-08-26,687
Colorado,2016-08-27,701
Colorado,2015-08-29,646
Colorado,2014-08-30,640
Colorado,2019-08-31,698
Colorado,2018-09-01,720
Colorado,2017-09-02,695
Colorado,2016-09-03,706
Colorado,2015-09-05,644
Colorado,2014-09-06,646
Colorado,2019-09-07,772
Colorado,2018-09-08,685
Colorado,2017-09-09,729
Colorado,2016-09-10,695
Colorado,2015-09-12,657
Colorado,2014-09-13,690
Colorado,2019-09-14,733
Colorado,2018-09-15,706
Colorado,2017-09-16,766
Colorado,2016-09-17,668
Colorado,2015-09-19,646
Colorado,2014-09-20,666
Colorado,2019-09-21,746
Colorado,2018-09-22,738
Colorado,2017-09-23,705
Colorado,2016-09-24,691
Colorado,2015-09-26,632
Colorado,2014-09-27,622
Colorado,2019-09-28,711
Colorado,2018-09-29,697
Colorado,2017-09-30,721
Colorado,2016-10-01,694
Colorado,2015-10-03,693
Colorado,2014-10-04,654
Colorado,2019-10-05,730
Colorado,2018-10-06,759
Colorado,2017-10-07,744
Colorado,2016-10-08,702
Colorado,2015-10-10,672
Colorado,2014-10-11,647
Colorado,2019-10-12,769
Colorado,2018-10-13,734
Colorado,2017-10-14,760
Colorado,2016-10-15,750
Colorado,2015-10-17,700
Colorado,2014-10-18,756
Colorado,2019-10-19,816
Colorado,2018-10-20,720
Colorado,2017-10-21,713
Colorado,2016-10-22,720
Colorado,2015-10-24,664
Colorado,2014-10-25,660
Colorado,2019-10-26,791
Colorado,2018-10-27,768
Colorado,2017-10-28,772
Colorado,2016-10-29,745
Colorado,2015-10-31,693
Colorado,2014-11-01,676
Colorado,2019-11-02,752
Colorado,2018-11-03,723
Colorado,2017-11-04,734
Colorado,2016-11-05,692
Colorado,2015-11-07,720
Colorado,2014-11-08,684
Colorado,2019-11-09,788
Colorado,2018-11-10,705
Colorado,2017-11-11,783
Colorado,2016-11-12,692
Colorado,2015-11-14,734
Colorado,2014-11-15,706
Colorado,2019-11-16,794
Colorado,2018-11-17,767
Colorado,2017-11-18,750
Colorado,2016-11-19,719
Colorado,2015-11-21,709
Colorado,2014-11-22,718
Colorado,2019-11-23,762
Colorado,2018-11-24,770
Colorado,2017-11-25,743
Colorado,2016-11-26,754
Colorado,2015-11-28,717
Colorado,2014-11-29,739
Colorado,2019-11-30,737
Colorado,2018-12-01,794
Colorado,2017-12-02,708
Colorado,2016-12-03,738
Colorado,2015-12-05,719
Colorado,2014-12-06,729
Colorado,2019-12-07,750
Colorado,2018-12-08,731
Colorado,2017-12-09,752
Colorado,2016-12-10,806
Colorado,2015-12-12,758
Colorado,2014-12-13,738
Colorado,2019-12-14,785
Colorado,2018-12-15,785
Colorado,2017-12-16,754
Colorado,2016-12-17,762
Colorado,2015-12-19,735
Colorado,2014-12-20,749
Colorado,2019-12-21,806
Colorado,2018-12-22,767
Colorado,2017-12-23,780
Colorado,2016-12-24,743
Colorado,2015-12-26,751
Colorado,2014-12-27,833
Colorado,2019-12-28,842
Colorado,2018-12-29,764
Colorado,2017-12-30,814
Colorado,2016-12-31,798
Colorado,2020-01-04,854
Colorado,2020-01-11,872
Colorado,2020-01-18,848
Colorado,2020-01-25,853
Colorado,2020-02-01,793
Colorado,2020-02-08,847
Colorado,2020-02-15,807
Colorado,2020-02-22,881
Colorado,2020-02-29,842
Colorado,2020-03-07,821
Colorado,2020-03-14,822
Colorado,2020-03-21,891
Colorado,2020-03-28,860
Colorado,2020-04-04,967
Colorado,2020-04-11,1096
Colorado,2020-04-18,1106
Colorado,2020-04-25,1067
Colorado,2020-05-02,999
Colorado,2020-05-09,906
Colorado,2020-05-16,887
Colorado,2020-05-23,847
Colorado,2020-05-30,834
Colorado,2020-06-06,820
Colorado,2020-06-13,816
Colorado,2020-06-20,863
Colorado,2020-06-27,877
Colorado,2020-07-04,788
Colorado,2020-07-11,815
Colorado,2020-07-18,808
Colorado,2020-07-25,833
Colorado,2020-08-01,813
Colorado,2020-08-08,841
Colorado,2020-08-15,836
Colorado,2020-08-22,863
Colorado,2020-08-29,817
Colorado,2020-09-05,743
Colorado,2020-09-12,850
Colorado,2020-09-19,804
Colorado,2020-09-26,838
Colorado,2020-10-03,782
Colorado,2020-10-10,801
Colorado,2020-10-17,867
Colorado,2020-10-24,869
Colorado,2020-10-31,907
Colorado,2020-11-07,1007
Colorado,2020-11-14,1040
Colorado,2020-11-21,1132
Colorado,2020-11-28,1216
Colorado,2020-12-05,1256
Colorado,2020-12-12,1258
Colorado,2020-12-19,1201
Colorado,2020-12-26,1100
Colorado,2021-01-02,1095
Colorado,2021-01-09,1080
Colorado,2021-01-16,1006
Colorado,2021-01-23,985
Colorado,2021-01-30,930
Colorado,2021-02-06,930
Colorado,2021-02-13,833
Colorado,2021-02-20,894
Colorado,2021-02-27,872
Colorado,2021-03-06,864
Colorado,2021-03-13,841
Colorado,2021-03-20,897
Colorado,2021-03-27,884
Colorado,2021-04-03,835
Colorado,2021-04-10,802
Colorado,2021-04-17,867
Colorado,2021-04-24,833
Colorado,2021-05-01,841
Colorado,2021-05-08,845
Colorado,2021-05-15,872
Colorado,2021-05-22,843
Colorado,2021-05-29,814
Colorado,2021-06-05,822
Colorado,2021-06-12,878
Colorado,2021-06-19,830
Colorado,2021-06-26,778
Colorado,2021-07-03,813
Colorado,2021-07-10,780
Colorado,2021-07-17,819
Colorado,2021-07-24,793
Colorado,2021-07-31,627
Colorado,2021-08-07,386
Connecticut,2016-01-02,548
Connecticut,2015-01-03,609
Connecticut,2014-01-04,568
Connecticut,2019-01-05,630
Connecticut,2018-01-06,690
Connecticut,2017-01-07,656
Connecticut,2016-01-09,626
Connecticut,2015-01-10,647
Connecticut,2014-01-11,647
Connecticut,2019-01-12,627
Connecticut,2018-01-13,793
Connecticut,2017-01-14,661
Connecticut,2016-01-16,610
Connecticut,2015-01-17,652
Connecticut,2014-01-18,582
Connecticut,2019-01-19,627
Connecticut,2018-01-20,683
Connecticut,2017-01-21,694
Connecticut,2016-01-23,621
Connecticut,2015-01-24,700
Connecticut,2014-01-25,590
Connecticut,2019-01-26,733
Connecticut,2018-01-27,672
Connecticut,2017-01-28,654
Connecticut,2016-01-30,605
Connecticut,2015-01-31,680
Connecticut,2014-02-01,589
Connecticut,2019-02-02,657
Connecticut,2018-02-03,656
Connecticut,2017-02-04,664
Connecticut,2016-02-06,654
Connecticut,2015-02-07,710
Connecticut,2014-02-08,632
Connecticut,2019-02-09,688
Connecticut,2018-02-10,669
Connecticut,2017-02-11,733
Connecticut,2016-02-13,621
Connecticut,2015-02-14,655
Connecticut,2014-02-15,645
Connecticut,2019-02-16,669
Connecticut,2018-02-17,637
Connecticut,2017-02-18,676
Connecticut,2016-02-20,605
Connecticut,2015-02-21,667
Connecticut,2014-02-22,645
Connecticut,2019-02-23,680
Connecticut,2018-02-24,631
Connecticut,2017-02-25,676
Connecticut,2016-02-27,574
Connecticut,2015-02-28,668
Connecticut,2014-03-01,637
Connecticut,2019-03-02,653
Connecticut,2018-03-03,630
Connecticut,2017-03-04,614
Connecticut,2016-03-05,692
Connecticut,2015-03-07,664
Connecticut,2014-03-08,609
Connecticut,2019-03-09,644
Connecticut,2018-03-10,617
Connecticut,2017-03-11,641
Connecticut,2016-03-12,633
Connecticut,2015-03-14,635
Connecticut,2014-03-15,612
Connecticut,2019-03-16,677
Connecticut,2018-03-17,612
Connecticut,2017-03-18,596
Connecticut,2016-03-19,578
Connecticut,2015-03-21,595
Connecticut,2014-03-22,575
Connecticut,2019-03-23,681
Connecticut,2018-03-24,609
Connecticut,2017-03-25,628
Connecticut,2016-03-26,635
Connecticut,2015-03-28,672
Connecticut,2014-03-29,640
Connecticut,2019-03-30,629
Connecticut,2018-03-31,626
Connecticut,2017-04-01,643
Connecticut,2016-04-02,559
Connecticut,2015-04-04,615
Connecticut,2014-04-05,602
Connecticut,2019-04-06,636
Connecticut,2018-04-07,658
Connecticut,2017-04-08,656
Connecticut,2016-04-09,641
Connecticut,2015-04-11,610
Connecticut,2014-04-12,624
Connecticut,2019-04-13,655
Connecticut,2018-04-14,659
Connecticut,2017-04-15,631
Connecticut,2016-04-16,604
Connecticut,2015-04-18,598
Connecticut,2014-04-19,616
Connecticut,2019-04-20,598
Connecticut,2018-04-21,581
Connecticut,2017-04-22,602
Connecticut,2016-04-23,650
Connecticut,2015-04-25,589
Connecticut,2014-04-26,615
Connecticut,2019-04-27,608
Connecticut,2018-04-28,654
Connecticut,2017-04-29,617
Connecticut,2016-04-30,569
Connecticut,2015-05-02,579
Connecticut,2014-05-03,592
Connecticut,2019-05-04,613
Connecticut,2018-05-05,591
Connecticut,2017-05-06,541
Connecticut,2016-05-07,569
Connecticut,2015-05-09,562
Connecticut,2014-05-10,590
Connecticut,2019-05-11,578
Connecticut,2018-05-12,591
Connecticut,2017-05-13,560
Connecticut,2016-05-14,594
Connecticut,2015-05-16,586
Connecticut,2014-05-17,571
Connecticut,2019-05-18,574
Connecticut,2018-05-19,546
Connecticut,2017-05-20,559
Connecticut,2016-05-21,537
Connecticut,2015-05-23,538
Connecticut,2014-05-24,545
Connecticut,2019-05-25,584
Connecticut,2018-05-26,572
Connecticut,2017-05-27,580
Connecticut,2016-05-28,545
Connecticut,2015-05-30,566
Connecticut,2014-05-31,519
Connecticut,2019-06-01,557
Connecticut,2018-06-02,533
Connecticut,2017-06-03,589
Connecticut,2016-06-04,561
Connecticut,2015-06-06,542
Connecticut,2014-06-07,555
Connecticut,2019-06-08,666
Connecticut,2018-06-09,573
Connecticut,2017-06-10,575
Connecticut,2016-06-11,560
Connecticut,2015-06-13,568
Connecticut,2014-06-14,572
Connecticut,2019-06-15,536
Connecticut,2018-06-16,543
Connecticut,2017-06-17,580
Connecticut,2016-06-18,571
Connecticut,2015-06-20,533
Connecticut,2014-06-21,502
Connecticut,2019-06-22,538
Connecticut,2018-06-23,542
Connecticut,2017-06-24,606
Connecticut,2016-06-25,541
Connecticut,2015-06-27,570
Connecticut,2014-06-28,526
Connecticut,2019-06-29,589
Connecticut,2018-06-30,545
Connecticut,2017-07-01,568
Connecticut,2016-07-02,558
Connecticut,2015-07-04,539
Connecticut,2014-07-05,571
Connecticut,2019-07-06,588
Connecticut,2018-07-07,609
Connecticut,2017-07-08,548
Connecticut,2016-07-09,529
Connecticut,2015-07-11,588
Connecticut,2014-07-12,527
Connecticut,2019-07-13,590
Connecticut,2018-07-14,573
Connecticut,2017-07-15,550
Connecticut,2016-07-16,570
Connecticut,2015-07-18,576
Connecticut,2014-07-19,511
Connecticut,2019-07-20,559
Connecticut,2018-07-21,574
Connecticut,2017-07-22,571
Connecticut,2016-07-23,539
Connecticut,2015-07-25,524
Connecticut,2014-07-26,532
Connecticut,2019-07-27,586
Connecticut,2018-07-28,536
Connecticut,2017-07-29,554
Connecticut,2016-07-30,473
Connecticut,2015-08-01,552
Connecticut,2014-08-02,505
Connecticut,2019-08-03,560
Connecticut,2018-08-04,589
Connecticut,2017-08-05,582
Connecticut,2016-08-06,552
Connecticut,2015-08-08,535
Connecticut,2014-08-09,522
Connecticut,2019-08-10,596
Connecticut,2018-08-11,555
Connecticut,2017-08-12,529
Connecticut,2016-08-13,500
Connecticut,2015-08-15,503
Connecticut,2014-08-16,540
Connecticut,2019-08-17,557
Connecticut,2018-08-18,539
Connecticut,2017-08-19,528
Connecticut,2016-08-20,575
Connecticut,2015-08-22,507
Connecticut,2014-08-23,577
Connecticut,2019-08-24,565
Connecticut,2018-08-25,551
Connecticut,2017-08-26,539
Connecticut,2016-08-27,546
Connecticut,2015-08-29,512
Connecticut,2014-08-30,524
Connecticut,2019-08-31,590
Connecticut,2018-09-01,559
Connecticut,2017-09-02,535
Connecticut,2016-09-03,504
Connecticut,2015-09-05,549
Connecticut,2014-09-06,522
Connecticut,2019-09-07,562
Connecticut,2018-09-08,573
Connecticut,2017-09-09,567
Connecticut,2016-09-10,533
Connecticut,2015-09-12,516
Connecticut,2014-09-13,503
Connecticut,2019-09-14,550
Connecticut,2018-09-15,566
Connecticut,2017-09-16,598
Connecticut,2016-09-17,526
Connecticut,2015-09-19,572
Connecticut,2014-09-20,533
Connecticut,2019-09-21,596
Connecticut,2018-09-22,571
Connecticut,2017-09-23,562
Connecticut,2016-09-24,509
Connecticut,2015-09-26,550
Connecticut,2014-09-27,611
Connecticut,2019-09-28,562
Connecticut,2018-09-29,585
Connecticut,2017-09-30,544
Connecticut,2016-10-01,549
Connecticut,2015-10-03,528
Connecticut,2014-10-04,528
Connecticut,2019-10-05,579
Connecticut,2018-10-06,576
Connecticut,2017-10-07,597
Connecticut,2016-10-08,617
Connecticut,2015-10-10,599
Connecticut,2014-10-11,537
Connecticut,2019-10-12,576
Connecticut,2018-10-13,561
Connecticut,2017-10-14,607
Connecticut,2016-10-15,539
Connecticut,2015-10-17,562
Connecticut,2014-10-18,591
Connecticut,2019-10-19,603
Connecticut,2018-10-20,613
Connecticut,2017-10-21,565
Connecticut,2016-10-22,614
Connecticut,2015-10-24,590
Connecticut,2014-10-25,559
Connecticut,2019-10-26,555
Connecticut,2018-10-27,612
Connecticut,2017-10-28,540
Connecticut,2016-10-29,561
Connecticut,2015-10-31,559
Connecticut,2014-11-01,562
Connecticut,2019-11-02,611
Connecticut,2018-11-03,607
Connecticut,2017-11-04,598
Connecticut,2016-11-05,636
Connecticut,2015-11-07,594
Connecticut,2014-11-08,603
Connecticut,2019-11-09,602
Connecticut,2018-11-10,575
Connecticut,2017-11-11,595
Connecticut,2016-11-12,616
Connecticut,2015-11-14,578
Connecticut,2014-11-15,549
Connecticut,2019-11-16,637
Connecticut,2018-11-17,594
Connecticut,2017-11-18,643
Connecticut,2016-11-19,634
Connecticut,2015-11-21,637
Connecticut,2014-11-22,587
Connecticut,2019-11-23,643
Connecticut,2018-11-24,612
Connecticut,2017-11-25,589
Connecticut,2016-11-26,646
Connecticut,2015-11-28,604
Connecticut,2014-11-29,532
Connecticut,2019-11-30,657
Connecticut,2018-12-01,617
Connecticut,2017-12-02,625
Connecticut,2016-12-03,627
Connecticut,2015-12-05,570
Connecticut,2014-12-06,543
Connecticut,2019-12-07,625
Connecticut,2018-12-08,603
Connecticut,2017-12-09,676
Connecticut,2016-12-10,616
Connecticut,2015-12-12,562
Connecticut,2014-12-13,588
Connecticut,2019-12-14,642
Connecticut,2018-12-15,638
Connecticut,2017-12-16,644
Connecticut,2016-12-17,641
Connecticut,2015-12-19,556
Connecticut,2014-12-20,644
Connecticut,2019-12-21,646
Connecticut,2018-12-22,644
Connecticut,2017-12-23,669
Connecticut,2016-12-24,628
Connecticut,2015-12-26,549
Connecticut,2014-12-27,582
Connecticut,2019-12-28,625
Connecticut,2018-12-29,588
Connecticut,2017-12-30,662
Connecticut,2016-12-31,646
Connecticut,2020-01-04,633
Connecticut,2020-01-11,631
Connecticut,2020-01-18,639
Connecticut,2020-01-25,653
Connecticut,2020-02-01,686
Connecticut,2020-02-08,652
Connecticut,2020-02-15,635
Connecticut,2020-02-22,653
Connecticut,2020-02-29,638
Connecticut,2020-03-07,625
Connecticut,2020-03-14,632
Connecticut,2020-03-21,665
Connecticut,2020-03-28,751
Connecticut,2020-04-04,891
Connecticut,2020-04-11,1260
Connecticut,2020-04-18,1389
Connecticut,2020-04-25,1338
Connecticut,2020-05-02,1165
Connecticut,2020-05-09,1052
Connecticut,2020-05-16,954
Connecticut,2020-05-23,823
Connecticut,2020-05-30,759
Connecticut,2020-06-06,669
Connecticut,2020-06-13,636
Connecticut,2020-06-20,581
Connecticut,2020-06-27,598
Connecticut,2020-07-04,553
Connecticut,2020-07-11,611
Connecticut,2020-07-18,569
Connecticut,2020-07-25,586
Connecticut,2020-08-01,555
Connecticut,2020-08-08,593
Connecticut,2020-08-15,574
Connecticut,2020-08-22,571
Connecticut,2020-08-29,532
Connecticut,2020-09-05,574
Connecticut,2020-09-12,571
Connecticut,2020-09-19,579
Connecticut,2020-09-26,644
Connecticut,2020-10-03,623
Connecticut,2020-10-10,637
Connecticut,2020-10-17,619
Connecticut,2020-10-24,683
Connecticut,2020-10-31,639
Connecticut,2020-11-07,727
Connecticut,2020-11-14,685
Connecticut,2020-11-21,759
Connecticut,2020-11-28,757
Connecticut,2020-12-05,844
Connecticut,2020-12-12,846
Connecticut,2020-12-19,871
Connecticut,2020-12-26,920
Connecticut,2021-01-02,912
Connecticut,2021-01-09,849
Connecticut,2021-01-16,860
Connecticut,2021-01-23,853
Connecticut,2021-01-30,818
Connecticut,2021-02-06,771
Connecticut,2021-02-13,724
Connecticut,2021-02-20,679
Connecticut,2021-02-27,671
Connecticut,2021-03-06,638
Connecticut,2021-03-13,643
Connecticut,2021-03-20,634
Connecticut,2021-03-27,658
Connecticut,2021-04-03,605
Connecticut,2021-04-10,568
Connecticut,2021-04-17,601
Connecticut,2021-04-24,600
Connecticut,2021-05-01,620
Connecticut,2021-05-08,607
Connecticut,2021-05-15,544
Connecticut,2021-05-22,582
Connecticut,2021-05-29,611
Connecticut,2021-06-05,463
Connecticut,2021-06-12,430
Connecticut,2021-06-19,389
Connecticut,2021-06-26,340
Connecticut,2021-07-03,223
Connecticut,2021-07-10,43
Connecticut,2021-07-17,0
Connecticut,2021-07-24,0
Connecticut,2021-07-31,0
Connecticut,2021-08-07,0
Delaware,2016-01-02,152
Delaware,2015-01-03,194
Delaware,2014-01-04,161
Delaware,2019-01-05,185
Delaware,2018-01-06,221
Delaware,2017-01-07,197
Delaware,2016-01-09,195
Delaware,2015-01-10,234
Delaware,2014-01-11,158
Delaware,2019-01-12,195
Delaware,2018-01-13,188
Delaware,2017-01-14,212
Delaware,2016-01-16,189
Delaware,2015-01-17,213
Delaware,2014-01-18,169
Delaware,2019-01-19,199
Delaware,2018-01-20,207
Delaware,2017-01-21,206
Delaware,2016-01-23,180
Delaware,2015-01-24,179
Delaware,2014-01-25,173
Delaware,2019-01-26,186
Delaware,2018-01-27,210
Delaware,2017-01-28,194
Delaware,2016-01-30,190
Delaware,2015-01-31,199
Delaware,2014-02-01,157
Delaware,2019-02-02,190
Delaware,2018-02-03,172
Delaware,2017-02-04,191
Delaware,2016-02-06,178
Delaware,2015-02-07,169
Delaware,2014-02-08,167
Delaware,2019-02-09,182
Delaware,2018-02-10,184
Delaware,2017-02-11,195
Delaware,2016-02-13,171
Delaware,2015-02-14,180
Delaware,2014-02-15,156
Delaware,2019-02-16,194
Delaware,2018-02-17,216
Delaware,2017-02-18,181
Delaware,2016-02-20,178
Delaware,2015-02-21,197
Delaware,2014-02-22,156
Delaware,2019-02-23,187
Delaware,2018-02-24,214
Delaware,2017-02-25,177
Delaware,2016-02-27,162
Delaware,2015-02-28,178
Delaware,2014-03-01,161
Delaware,2019-03-02,174
Delaware,2018-03-03,190
Delaware,2017-03-04,178
Delaware,2016-03-05,163
Delaware,2015-03-07,168
Delaware,2014-03-08,179
Delaware,2019-03-09,207
Delaware,2018-03-10,200
Delaware,2017-03-11,147
Delaware,2016-03-12,190
Delaware,2015-03-14,171
Delaware,2014-03-15,156
Delaware,2019-03-16,184
Delaware,2018-03-17,169
Delaware,2017-03-18,203
Delaware,2016-03-19,202
Delaware,2015-03-21,160
Delaware,2014-03-22,173
Delaware,2019-03-23,177
Delaware,2018-03-24,193
Delaware,2017-03-25,196
Delaware,2016-03-26,177
Delaware,2015-03-28,168
Delaware,2014-03-29,174
Delaware,2019-03-30,185
Delaware,2018-03-31,212
Delaware,2017-04-01,208
Delaware,2016-04-02,193
Delaware,2015-04-04,174
Delaware,2014-04-05,154
Delaware,2019-04-06,163
Delaware,2018-04-07,179
Delaware,2017-04-08,170
Delaware,2016-04-09,159
Delaware,2015-04-11,175
Delaware,2014-04-12,156
Delaware,2019-04-13,147
Delaware,2018-04-14,212
Delaware,2017-04-15,178
Delaware,2016-04-16,169
Delaware,2015-04-18,167
Delaware,2014-04-19,177
Delaware,2019-04-20,183
Delaware,2018-04-21,188
Delaware,2017-04-22,203
Delaware,2016-04-23,176
Delaware,2015-04-25,167
Delaware,2014-04-26,163
Delaware,2019-04-27,165
Delaware,2018-04-28,167
Delaware,2017-04-29,167
Delaware,2016-04-30,147
Delaware,2015-05-02,174
Delaware,2014-05-03,156
Delaware,2019-05-04,148
Delaware,2018-05-05,164
Delaware,2017-05-06,161
Delaware,2016-05-07,149
Delaware,2015-05-09,177
Delaware,2014-05-10,168
Delaware,2019-05-11,159
Delaware,2018-05-12,172
Delaware,2017-05-13,160
Delaware,2016-05-14,169
Delaware,2015-05-16,149
Delaware,2014-05-17,151
Delaware,2019-05-18,163
Delaware,2018-05-19,178
Delaware,2017-05-20,155
Delaware,2016-05-21,150
Delaware,2015-05-23,150
Delaware,2014-05-24,165
Delaware,2019-05-25,181
Delaware,2018-05-26,188
Delaware,2017-05-27,141
Delaware,2016-05-28,176
Delaware,2015-05-30,150
Delaware,2014-05-31,153
Delaware,2019-06-01,195
Delaware,2018-06-02,153
Delaware,2017-06-03,145
Delaware,2016-06-04,168
Delaware,2015-06-06,127
Delaware,2014-06-07,155
Delaware,2019-06-08,158
Delaware,2018-06-09,190
Delaware,2017-06-10,159
Delaware,2016-06-11,173
Delaware,2015-06-13,161
Delaware,2014-06-14,176
Delaware,2019-06-15,172
Delaware,2018-06-16,165
Delaware,2017-06-17,146
Delaware,2016-06-18,166
Delaware,2015-06-20,169
Delaware,2014-06-21,166
Delaware,2019-06-22,177
Delaware,2018-06-23,173
Delaware,2017-06-24,155
Delaware,2016-06-25,143
Delaware,2015-06-27,142
Delaware,2014-06-28,133
Delaware,2019-06-29,163
Delaware,2018-06-30,181
Delaware,2017-07-01,171
Delaware,2016-07-02,165
Delaware,2015-07-04,160
Delaware,2014-07-05,147
Delaware,2019-07-06,192
Delaware,2018-07-07,190
Delaware,2017-07-08,157
Delaware,2016-07-09,163
Delaware,2015-07-11,154
Delaware,2014-07-12,143
Delaware,2019-07-13,180
Delaware,2018-07-14,156
Delaware,2017-07-15,161
Delaware,2016-07-16,158
Delaware,2015-07-18,167
Delaware,2014-07-19,125
Delaware,2019-07-20,182
Delaware,2018-07-21,198
Delaware,2017-07-22,167
Delaware,2016-07-23,164
Delaware,2015-07-25,164
Delaware,2014-07-26,141
Delaware,2019-07-27,154
Delaware,2018-07-28,160
Delaware,2017-07-29,173
Delaware,2016-07-30,147
Delaware,2015-08-01,132
Delaware,2014-08-02,138
Delaware,2019-08-03,163
Delaware,2018-08-04,154
Delaware,2017-08-05,153
Delaware,2016-08-06,148
Delaware,2015-08-08,148
Delaware,2014-08-09,155
Delaware,2019-08-10,185
Delaware,2018-08-11,189
Delaware,2017-08-12,162
Delaware,2016-08-13,196
Delaware,2015-08-15,157
Delaware,2014-08-16,145
Delaware,2019-08-17,192
Delaware,2018-08-18,152
Delaware,2017-08-19,157
Delaware,2016-08-20,171
Delaware,2015-08-22,144
Delaware,2014-08-23,147
Delaware,2019-08-24,158
Delaware,2018-08-25,187
Delaware,2017-08-26,170
Delaware,2016-08-27,151
Delaware,2015-08-29,171
Delaware,2014-08-30,160
Delaware,2019-08-31,176
Delaware,2018-09-01,176
Delaware,2017-09-02,159
Delaware,2016-09-03,164
Delaware,2015-09-05,146
Delaware,2014-09-06,140
Delaware,2019-09-07,174
Delaware,2018-09-08,156
Delaware,2017-09-09,171
Delaware,2016-09-10,186
Delaware,2015-09-12,170
Delaware,2014-09-13,140
Delaware,2019-09-14,190
Delaware,2018-09-15,161
Delaware,2017-09-16,153
Delaware,2016-09-17,164
Delaware,2015-09-19,142
Delaware,2014-09-20,141
Delaware,2019-09-21,179
Delaware,2018-09-22,158
Delaware,2017-09-23,154
Delaware,2016-09-24,181
Delaware,2015-09-26,157
Delaware,2014-09-27,162
Delaware,2019-09-28,183
Delaware,2018-09-29,177
Delaware,2017-09-30,170
Delaware,2016-10-01,164
Delaware,2015-10-03,160
Delaware,2014-10-04,161
Delaware,2019-10-05,178
Delaware,2018-10-06,169
Delaware,2017-10-07,167
Delaware,2016-10-08,172
Delaware,2015-10-10,153
Delaware,2014-10-11,166
Delaware,2019-10-12,170
Delaware,2018-10-13,185
Delaware,2017-10-14,178
Delaware,2016-10-15,159
Delaware,2015-10-17,147
Delaware,2014-10-18,161
Delaware,2019-10-19,162
Delaware,2018-10-20,175
Delaware,2017-10-21,155
Delaware,2016-10-22,196
Delaware,2015-10-24,172
Delaware,2014-10-25,160
Delaware,2019-10-26,170
Delaware,2018-10-27,165
Delaware,2017-10-28,155
Delaware,2016-10-29,166
Delaware,2015-10-31,160
Delaware,2014-11-01,160
Delaware,2019-11-02,159
Delaware,2018-11-03,168
Delaware,2017-11-04,175
Delaware,2016-11-05,181
Delaware,2015-11-07,160
Delaware,2014-11-08,152
Delaware,2019-11-09,165
Delaware,2018-11-10,193
Delaware,2017-11-11,165
Delaware,2016-11-12,183
Delaware,2015-11-14,161
Delaware,2014-11-15,169
Delaware,2019-11-16,172
Delaware,2018-11-17,219
Delaware,2017-11-18,199
Delaware,2016-11-19,190
Delaware,2015-11-21,167
Delaware,2014-11-22,161
Delaware,2019-11-23,172
Delaware,2018-11-24,170
Delaware,2017-11-25,204
Delaware,2016-11-26,162
Delaware,2015-11-28,157
Delaware,2014-11-29,171
Delaware,2019-11-30,180
Delaware,2018-12-01,168
Delaware,2017-12-02,193
Delaware,2016-12-03,169
Delaware,2015-12-05,146
Delaware,2014-12-06,165
Delaware,2019-12-07,202
Delaware,2018-12-08,161
Delaware,2017-12-09,198
Delaware,2016-12-10,182
Delaware,2015-12-12,155
Delaware,2014-12-13,179
Delaware,2019-12-14,201
Delaware,2018-12-15,186
Delaware,2017-12-16,196
Delaware,2016-12-17,179
Delaware,2015-12-19,170
Delaware,2014-12-20,178
Delaware,2019-12-21,179
Delaware,2018-12-22,185
Delaware,2017-12-23,219
Delaware,2016-12-24,178
Delaware,2015-12-26,154
Delaware,2014-12-27,169
Delaware,2019-12-28,185
Delaware,2018-12-29,205
Delaware,2017-12-30,180
Delaware,2016-12-31,185
Delaware,2020-01-04,199
Delaware,2020-01-11,194
Delaware,2020-01-18,190
Delaware,2020-01-25,190
Delaware,2020-02-01,183
Delaware,2020-02-08,191
Delaware,2020-02-15,202
Delaware,2020-02-22,194
Delaware,2020-02-29,164
Delaware,2020-03-07,200
Delaware,2020-03-14,189
Delaware,2020-03-21,221
Delaware,2020-03-28,188
Delaware,2020-04-04,214
Delaware,2020-04-11,219
Delaware,2020-04-18,229
Delaware,2020-04-25,285
Delaware,2020-05-02,251
Delaware,2020-05-09,271
Delaware,2020-05-16,276
Delaware,2020-05-23,222
Delaware,2020-05-30,226
Delaware,2020-06-06,182
Delaware,2020-06-13,200
Delaware,2020-06-20,162
Delaware,2020-06-27,201
Delaware,2020-07-04,201
Delaware,2020-07-11,194
Delaware,2020-07-18,191
Delaware,2020-07-25,201
Delaware,2020-08-01,195
Delaware,2020-08-08,197
Delaware,2020-08-15,189
Delaware,2020-08-22,194
Delaware,2020-08-29,190
Delaware,2020-09-05,208
Delaware,2020-09-12,198
Delaware,2020-09-19,161
Delaware,2020-09-26,202
Delaware,2020-10-03,202
Delaware,2020-10-10,203
Delaware,2020-10-17,203
Delaware,2020-10-24,215
Delaware,2020-10-31,195
Delaware,2020-11-07,199
Delaware,2020-11-14,172
Delaware,2020-11-21,232
Delaware,2020-11-28,199
Delaware,2020-12-05,231
Delaware,2020-12-12,277
Delaware,2020-12-19,281
Delaware,2020-12-26,289
Delaware,2021-01-02,285
Delaware,2021-01-09,276
Delaware,2021-01-16,287
Delaware,2021-01-23,283
Delaware,2021-01-30,264
Delaware,2021-02-06,262
Delaware,2021-02-13,234
Delaware,2021-02-20,205
Delaware,2021-02-27,213
Delaware,2021-03-06,217
Delaware,2021-03-13,201
Delaware,2021-03-20,224
Delaware,2021-03-27,203
Delaware,2021-04-03,154
Delaware,2021-04-10,187
Delaware,2021-04-17,205
Delaware,2021-04-24,206
Delaware,2021-05-01,200
Delaware,2021-05-08,191
Delaware,2021-05-15,200
Delaware,2021-05-22,207
Delaware,2021-05-29,196
Delaware,2021-06-05,166
Delaware,2021-06-12,191
Delaware,2021-06-19,163
Delaware,2021-06-26,201
Delaware,2021-07-03,188
Delaware,2021-07-10,167
Delaware,2021-07-17,157
Delaware,2021-07-24,162
Delaware,2021-07-31,146
Delaware,2021-08-07,92
District of Columbia,2016-01-02,89
District of Columbia,2015-01-03,133
District of Columbia,2014-01-04,121
District of Columbia,2019-01-05,130
District of Columbia,2018-01-06,155
District of Columbia,2017-01-07,131
District of Columbia,2016-01-09,99
District of Columbia,2015-01-10,138
District of Columbia,2014-01-11,109
District of Columbia,2019-01-12,120
District of Columbia,2018-01-13,156
District of Columbia,2017-01-14,126
District of Columbia,2016-01-16,118
District of Columbia,2015-01-17,144
District of Columbia,2014-01-18,110
District of Columbia,2019-01-19,104
District of Columbia,2018-01-20,120
District of Columbia,2017-01-21,124
District of Columbia,2016-01-23,110
District of Columbia,2015-01-24,103
District of Columbia,2014-01-25,103
District of Columbia,2019-01-26,114
District of Columbia,2018-01-27,135
District of Columbia,2017-01-28,119
District of Columbia,2016-01-30,110
District of Columbia,2015-01-31,132
District of Columbia,2014-02-01,107
District of Columbia,2019-02-02,122
District of Columbia,2018-02-03,139
District of Columbia,2017-02-04,128
District of Columbia,2016-02-06,122
District of Columbia,2015-02-07,119
District of Columbia,2014-02-08,111
District of Columbia,2019-02-09,120
District of Columbia,2018-02-10,145
District of Columbia,2017-02-11,122
District of Columbia,2016-02-13,117
District of Columbia,2015-02-14,121
District of Columbia,2014-02-15,117
District of Columbia,2019-02-16,114
District of Columbia,2018-02-17,128
District of Columbia,2017-02-18,147
District of Columbia,2016-02-20,124
District of Columbia,2015-02-21,113
District of Columbia,2014-02-22,106
District of Columbia,2019-02-23,112
District of Columbia,2018-02-24,95
District of Columbia,2017-02-25,125
District of Columbia,2016-02-27,93
District of Columbia,2015-02-28,120
District of Columbia,2014-03-01,94
District of Columbia,2019-03-02,105
District of Columbia,2018-03-03,124
District of Columbia,2017-03-04,133
District of Columbia,2016-03-05,124
District of Columbia,2015-03-07,99
District of Columbia,2014-03-08,106
District of Columbia,2019-03-09,120
District of Columbia,2018-03-10,111
District of Columbia,2017-03-11,135
District of Columbia,2016-03-12,125
District of Columbia,2015-03-14,127
District of Columbia,2014-03-15,93
District of Columbia,2019-03-16,121
District of Columbia,2018-03-17,118
District of Columbia,2017-03-18,114
District of Columbia,2016-03-19,104
District of Columbia,2015-03-21,119
District of Columbia,2014-03-22,101
District of Columbia,2019-03-23,104
District of Columbia,2018-03-24,111
District of Columbia,2017-03-25,137
District of Columbia,2016-03-26,119
District of Columbia,2015-03-28,123
District of Columbia,2014-03-29,103
District of Columbia,2019-03-30,101
District of Columbia,2018-03-31,134
District of Columbia,2017-04-01,128
District of Columbia,2016-04-02,125
District of Columbia,2015-04-04,113
District of Columbia,2014-04-05,113
District of Columbia,2019-04-06,109
District of Columbia,2018-04-07,120
District of Columbia,2017-04-08,118
District of Columbia,2016-04-09,123
District of Columbia,2015-04-11,114
District of Columbia,2014-04-12,96
District of Columbia,2019-04-13,104
District of Columbia,2018-04-14,115
District of Columbia,2017-04-15,123
District of Columbia,2016-04-16,108
District of Columbia,2015-04-18,116
District of Columbia,2014-04-19,105
District of Columbia,2019-04-20,112
District of Columbia,2018-04-21,109
District of Columbia,2017-04-22,134
District of Columbia,2016-04-23,127
District of Columbia,2015-04-25,102
District of Columbia,2014-04-26,102
District of Columbia,2019-04-27,124
District of Columbia,2018-04-28,124
District of Columbia,2017-04-29,134
District of Columbia,2016-04-30,122
District of Columbia,2015-05-02,110
District of Columbia,2014-05-03,103
District of Columbia,2019-05-04,115
District of Columbia,2018-05-05,134
District of Columbia,2017-05-06,111
District of Columbia,2016-05-07,114
District of Columbia,2015-05-09,99
District of Columbia,2014-05-10,101
District of Columbia,2019-05-11,107
District of Columbia,2018-05-12,106
District of Columbia,2017-05-13,117
District of Columbia,2016-05-14,96
District of Columbia,2015-05-16,90
District of Columbia,2014-05-17,92
District of Columbia,2019-05-18,85
District of Columbia,2018-05-19,101
District of Columbia,2017-05-20,127
District of Columbia,2016-05-21,104
District of Columbia,2015-05-23,86
District of Columbia,2014-05-24,98
District of Columbia,2019-05-25,110
District of Columbia,2018-05-26,116
District of Columbia,2017-05-27,97
District of Columbia,2016-05-28,105
District of Columbia,2015-05-30,101
District of Columbia,2014-05-31,103
District of Columbia,2019-06-01,105
District of Columbia,2018-06-02,106
District of Columbia,2017-06-03,130
District of Columbia,2016-06-04,99
District of Columbia,2015-06-06,90
District of Columbia,2014-06-07,105
District of Columbia,2019-06-08,106
District of Columbia,2018-06-09,113
District of Columbia,2017-06-10,113
District of Columbia,2016-06-11,124
District of Columbia,2015-06-13,92
District of Columbia,2014-06-14,116
District of Columbia,2019-06-15,102
District of Columbia,2018-06-16,113
District of Columbia,2017-06-17,103
District of Columbia,2016-06-18,94
District of Columbia,2015-06-20,112
District of Columbia,2014-06-21,109
District of Columbia,2019-06-22,117
District of Columbia,2018-06-23,105
District of Columbia,2017-06-24,105
District of Columbia,2016-06-25,119
District of Columbia,2015-06-27,103
District of Columbia,2014-06-28,113
District of Columbia,2019-06-29,89
District of Columbia,2018-06-30,121
District of Columbia,2017-07-01,128
District of Columbia,2016-07-02,99
District of Columbia,2015-07-04,111
District of Columbia,2014-07-05,86
District of Columbia,2019-07-06,98
District of Columbia,2018-07-07,100
District of Columbia,2017-07-08,111
District of Columbia,2016-07-09,113
District of Columbia,2015-07-11,112
District of Columbia,2014-07-12,114
District of Columbia,2019-07-13,106
District of Columbia,2018-07-14,112
District of Columbia,2017-07-15,118
District of Columbia,2016-07-16,98
District of Columbia,2015-07-18,93
District of Columbia,2014-07-19,109
District of Columbia,2019-07-20,121
District of Columbia,2018-07-21,123
District of Columbia,2017-07-22,106
District of Columbia,2016-07-23,113
District of Columbia,2015-07-25,104
District of Columbia,2014-07-26,104
District of Columbia,2019-07-27,126
District of Columbia,2018-07-28,102
District of Columbia,2017-07-29,91
District of Columbia,2016-07-30,117
District of Columbia,2015-08-01,101
District of Columbia,2014-08-02,101
District of Columbia,2019-08-03,92
District of Columbia,2018-08-04,131
District of Columbia,2017-08-05,109
District of Columbia,2016-08-06,84
District of Columbia,2015-08-08,96
District of Columbia,2014-08-09,89
District of Columbia,2019-08-10,107
District of Columbia,2018-08-11,109
District of Columbia,2017-08-12,111
District of Columbia,2016-08-13,125
District of Columbia,2015-08-15,116
District of Columbia,2014-08-16,97
District of Columbia,2019-08-17,121
District of Columbia,2018-08-18,112
District of Columbia,2017-08-19,108
District of Columbia,2016-08-20,119
District of Columbia,2015-08-22,121
District of Columbia,2014-08-23,99
District of Columbia,2019-08-24,113
District of Columbia,2018-08-25,108
District of Columbia,2017-08-26,101
District of Columbia,2016-08-27,111
District of Columbia,2015-08-29,104
District of Columbia,2014-08-30,110
District of Columbia,2019-08-31,117
District of Columbia,2018-09-01,94
District of Columbia,2017-09-02,116
District of Columbia,2016-09-03,112
District of Columbia,2015-09-05,100
District of Columbia,2014-09-06,102
District of Columbia,2019-09-07,120
District of Columbia,2018-09-08,103
District of Columbia,2017-09-09,107
District of Columbia,2016-09-10,107
District of Columbia,2015-09-12,90
District of Columbia,2014-09-13,99
District of Columbia,2019-09-14,111
District of Columbia,2018-09-15,115
District of Columbia,2017-09-16,109
District of Columbia,2016-09-17,100
District of Columbia,2015-09-19,105
District of Columbia,2014-09-20,108
District of Columbia,2019-09-21,117
District of Columbia,2018-09-22,111
District of Columbia,2017-09-23,116
District of Columbia,2016-09-24,130
District of Columbia,2015-09-26,100
District of Columbia,2014-09-27,104
District of Columbia,2019-09-28,116
District of Columbia,2018-09-29,125
District of Columbia,2017-09-30,116
District of Columbia,2016-10-01,126
District of Columbia,2015-10-03,97
District of Columbia,2014-10-04,100
District of Columbia,2019-10-05,94
District of Columbia,2018-10-06,104
District of Columbia,2017-10-07,110
District of Columbia,2016-10-08,126
District of Columbia,2015-10-10,103
District of Columbia,2014-10-11,122
District of Columbia,2019-10-12,124
District of Columbia,2018-10-13,119
District of Columbia,2017-10-14,122
District of Columbia,2016-10-15,105
District of Columbia,2015-10-17,112
District of Columbia,2014-10-18,102
District of Columbia,2019-10-19,128
District of Columbia,2018-10-20,125
District of Columbia,2017-10-21,117
District of Columbia,2016-10-22,112
District of Columbia,2015-10-24,129
District of Columbia,2014-10-25,97
District of Columbia,2019-10-26,128
District of Columbia,2018-10-27,137
District of Columbia,2017-10-28,100
District of Columbia,2016-10-29,113
District of Columbia,2015-10-31,108
District of Columbia,2014-11-01,99
District of Columbia,2019-11-02,136
District of Columbia,2018-11-03,118
District of Columbia,2017-11-04,95
District of Columbia,2016-11-05,113
District of Columbia,2015-11-07,112
District of Columbia,2014-11-08,103
District of Columbia,2019-11-09,140
District of Columbia,2018-11-10,125
District of Columbia,2017-11-11,121
District of Columbia,2016-11-12,112
District of Columbia,2015-11-14,103
District of Columbia,2014-11-15,94
District of Columbia,2019-11-16,104
District of Columbia,2018-11-17,106
District of Columbia,2017-11-18,108
District of Columbia,2016-11-19,133
District of Columbia,2015-11-21,105
District of Columbia,2014-11-22,99
District of Columbia,2019-11-23,122
District of Columbia,2018-11-24,120
District of Columbia,2017-11-25,112
District of Columbia,2016-11-26,123
District of Columbia,2015-11-28,115
District of Columbia,2014-11-29,102
District of Columbia,2019-11-30,118
District of Columbia,2018-12-01,107
District of Columbia,2017-12-02,109
District of Columbia,2016-12-03,138
District of Columbia,2015-12-05,119
District of Columbia,2014-12-06,106
District of Columbia,2019-12-07,133
District of Columbia,2018-12-08,106
District of Columbia,2017-12-09,126
District of Columbia,2016-12-10,147
District of Columbia,2015-12-12,101
District of Columbia,2014-12-13,126
District of Columbia,2019-12-14,122
District of Columbia,2018-12-15,122
District of Columbia,2017-12-16,118
District of Columbia,2016-12-17,119
District of Columbia,2015-12-19,113
District of Columbia,2014-12-20,116
District of Columbia,2019-12-21,121
District of Columbia,2018-12-22,137
District of Columbia,2017-12-23,133
District of Columbia,2016-12-24,143
District of Columbia,2015-12-26,102
District of Columbia,2014-12-27,110
District of Columbia,2019-12-28,155
District of Columbia,2018-12-29,102
District of Columbia,2017-12-30,119
District of Columbia,2016-12-31,113
District of Columbia,2020-01-04,132
District of Columbia,2020-01-11,128
District of Columbia,2020-01-18,140
District of Columbia,2020-01-25,131
District of Columbia,2020-02-01,143
District of Columbia,2020-02-08,131
District of Columbia,2020-02-15,122
District of Columbia,2020-02-22,104
District of Columbia,2020-02-29,135
District of Columbia,2020-03-07,118
District of Columbia,2020-03-14,114
District of Columbia,2020-03-21,129
District of Columbia,2020-03-28,130
District of Columbia,2020-04-04,156
District of Columbia,2020-04-11,194
District of Columbia,2020-04-18,202
District of Columbia,2020-04-25,242
District of Columbia,2020-05-02,215
District of Columbia,2020-05-09,214
District of Columbia,2020-05-16,185
District of Columbia,2020-05-23,181
District of Columbia,2020-05-30,169
District of Columbia,2020-06-06,149
District of Columbia,2020-06-13,147
District of Columbia,2020-06-20,132
District of Columbia,2020-06-27,130
District of Columbia,2020-07-04,122
District of Columbia,2020-07-11,138
District of Columbia,2020-07-18,121
District of Columbia,2020-07-25,123
District of Columbia,2020-08-01,130
District of Columbia,2020-08-08,118
District of Columbia,2020-08-15,117
District of Columbia,2020-08-22,113
District of Columbia,2020-08-29,140
District of Columbia,2020-09-05,143
District of Columbia,2020-09-12,125
District of Columbia,2020-09-19,109
District of Columbia,2020-09-26,112
District of Columbia,2020-10-03,138
District of Columbia,2020-10-10,146
District of Columbia,2020-10-17,118
District of Columbia,2020-10-24,105
District of Columbia,2020-10-31,128
District of Columbia,2020-11-07,137
District of Columbia,2020-11-14,130
District of Columbia,2020-11-21,135
District of Columbia,2020-11-28,120
District of Columbia,2020-12-05,153
District of Columbia,2020-12-12,175
District of Columbia,2020-12-19,144
District of Columbia,2020-12-26,165
District of Columbia,2021-01-02,178
District of Columbia,2021-01-09,173
District of Columbia,2021-01-16,171
District of Columbia,2021-01-23,163
District of Columbia,2021-01-30,181
District of Columbia,2021-02-06,164
District of Columbia,2021-02-13,153
District of Columbia,2021-02-20,167
District of Columbia,2021-02-27,144
District of Columbia,2021-03-06,134
District of Columbia,2021-03-13,125
District of Columbia,2021-03-20,145
District of Columbia,2021-03-27,135
District of Columbia,2021-04-03,126
District of Columbia,2021-04-10,157
District of Columbia,2021-04-17,121
District of Columbia,2021-04-24,127
District of Columbia,2021-05-01,121
District of Columbia,2021-05-08,123
District of Columbia,2021-05-15,123
District of Columbia,2021-05-22,132
District of Columbia,2021-05-29,118
District of Columbia,2021-06-05,121
District of Columbia,2021-06-12,135
District of Columbia,2021-06-19,124
District of Columbia,2021-06-26,108
District of Columbia,2021-07-03,102
District of Columbia,2021-07-10,141
District of Columbia,2021-07-17,110
District of Columbia,2021-07-24,110
District of Columbia,2021-07-31,67
District of Columbia,2021-08-07,45
Florida,2016-01-02,3726
Florida,2015-01-03,4135
Florida,2014-01-04,3591
Florida,2019-01-05,4172
Florida,2018-01-06,4416
Florida,2017-01-07,4109
Florida,2016-01-09,3865
Florida,2015-01-10,4068
Florida,2014-01-11,3855
Florida,2019-01-12,4154
Florida,2018-01-13,4642
Florida,2017-01-14,4286
Florida,2016-01-16,3898
Florida,2015-01-17,4093
Florida,2014-01-18,3770
Florida,2019-01-19,4155
Florida,2018-01-20,4659
Florida,2017-01-21,4194
Florida,2016-01-23,4023
Florida,2015-01-24,4062
Florida,2014-01-25,3827
Florida,2019-01-26,4145
Florida,2018-01-27,4628
Florida,2017-01-28,4004
Florida,2016-01-30,4017
Florida,2015-01-31,3987
Florida,2014-02-01,3814
Florida,2019-02-02,4299
Florida,2018-02-03,4676
Florida,2017-02-04,4303
Florida,2016-02-06,4081
Florida,2015-02-07,4145
Florida,2014-02-08,3912
Florida,2019-02-09,4288
Florida,2018-02-10,4623
Florida,2017-02-11,4110
Florida,2016-02-13,4180
Florida,2015-02-14,4049
Florida,2014-02-15,3740
Florida,2019-02-16,4242
Florida,2018-02-17,4447
Florida,2017-02-18,4260
Florida,2016-02-20,4086
Florida,2015-02-21,4128
Florida,2014-02-22,3808
Florida,2019-02-23,4126
Florida,2018-02-24,4195
Florida,2017-02-25,4315
Florida,2016-02-27,4165
Florida,2015-02-28,4204
Florida,2014-03-01,3663
Florida,2019-03-02,4254
Florida,2018-03-03,4193
Florida,2017-03-04,4102
Florida,2016-03-05,4190
Florida,2015-03-07,3967
Florida,2014-03-08,3797
Florida,2019-03-09,4117
Florida,2018-03-10,4107
Florida,2017-03-11,4268
Florida,2016-03-12,4271
Florida,2015-03-14,3981
Florida,2014-03-15,3586
Florida,2019-03-16,4156
Florida,2018-03-17,4283
Florida,2017-03-18,4027
Florida,2016-03-19,4161
Florida,2015-03-21,3995
Florida,2014-03-22,3821
Florida,2019-03-23,4150
Florida,2018-03-24,4151
Florida,2017-03-25,4316
Florida,2016-03-26,4066
Florida,2015-03-28,3858
Florida,2014-03-29,3602
Florida,2019-03-30,4328
Florida,2018-03-31,4098
Florida,2017-04-01,4097
Florida,2016-04-02,3956
Florida,2015-04-04,3934
Florida,2014-04-05,3666
Florida,2019-04-06,4191
Florida,2018-04-07,4116
Florida,2017-04-08,4077
Florida,2016-04-09,4017
Florida,2015-04-11,3704
Florida,2014-04-12,3503
Florida,2019-04-13,4229
Florida,2018-04-14,3985
Florida,2017-04-15,4051
Florida,2016-04-16,3839
Florida,2015-04-18,3794
Florida,2014-04-19,3602
Florida,2019-04-20,4066
Florida,2018-04-21,3974
Florida,2017-04-22,3916
Florida,2016-04-23,3852
Florida,2015-04-25,3667
Florida,2014-04-26,3617
Florida,2019-04-27,4100
Florida,2018-04-28,3862
Florida,2017-04-29,3902
Florida,2016-04-30,3747
Florida,2015-05-02,3617
Florida,2014-05-03,3562
Florida,2019-05-04,4027
Florida,2018-05-05,3929
Florida,2017-05-06,3862
Florida,2016-05-07,3764
Florida,2015-05-09,3809
Florida,2014-05-10,3573
Florida,2019-05-11,4098
Florida,2018-05-12,3828
Florida,2017-05-13,3797
Florida,2016-05-14,3763
Florida,2015-05-16,3777
Florida,2014-05-17,3437
Florida,2019-05-18,4072
Florida,2018-05-19,3772
Florida,2017-05-20,3790
Florida,2016-05-21,3672
Florida,2015-05-23,3542
Florida,2014-05-24,3592
Florida,2019-05-25,3908
Florida,2018-05-26,3650
Florida,2017-05-27,3733
Florida,2016-05-28,3652
Florida,2015-05-30,3602
Florida,2014-05-31,3425
Florida,2019-06-01,3937
Florida,2018-06-02,3875
Florida,2017-06-03,3811
Florida,2016-06-04,3685
Florida,2015-06-06,3502
Florida,2014-06-07,3491
Florida,2019-06-08,3960
Florida,2018-06-09,3898
Florida,2017-06-10,3745
Florida,2016-06-11,3521
Florida,2015-06-13,3565
Florida,2014-06-14,3542
Florida,2019-06-15,3836
Florida,2018-06-16,3769
Florida,2017-06-17,3592
Florida,2016-06-18,3703
Florida,2015-06-20,3602
Florida,2014-06-21,3421
Florida,2019-06-22,3916
Florida,2018-06-23,3775
Florida,2017-06-24,3782
Florida,2016-06-25,3511
Florida,2015-06-27,3536
Florida,2014-06-28,3485
Florida,2019-06-29,3831
Florida,2018-06-30,3690
Florida,2017-07-01,3741
Florida,2016-07-02,3570
Florida,2015-07-04,3480
Florida,2014-07-05,3376
Florida,2019-07-06,3867
Florida,2018-07-07,3986
Florida,2017-07-08,3732
Florida,2016-07-09,3627
Florida,2015-07-11,3584
Florida,2014-07-12,3391
Florida,2019-07-13,3879
Florida,2018-07-14,3646
Florida,2017-07-15,3646
Florida,2016-07-16,3719
Florida,2015-07-18,3463
Florida,2014-07-19,3492
Florida,2019-07-20,3759
Florida,2018-07-21,3674
Florida,2017-07-22,3653
Florida,2016-07-23,3648
Florida,2015-07-25,3530
Florida,2014-07-26,3434
Florida,2019-07-27,3840
Florida,2018-07-28,3595
Florida,2017-07-29,3614
Florida,2016-07-30,3565
Florida,2015-08-01,3452
Florida,2014-08-02,3393
Florida,2019-08-03,3872
Florida,2018-08-04,3665
Florida,2017-08-05,3663
Florida,2016-08-06,3611
Florida,2015-08-08,3529
Florida,2014-08-09,3346
Florida,2019-08-10,3673
Florida,2018-08-11,3694
Florida,2017-08-12,3826
Florida,2016-08-13,3626
Florida,2015-08-15,3468
Florida,2014-08-16,3427
Florida,2019-08-17,3631
Florida,2018-08-18,3540
Florida,2017-08-19,3795
Florida,2016-08-20,3556
Florida,2015-08-22,3502
Florida,2014-08-23,3360
Florida,2019-08-24,3755
Florida,2018-08-25,3596
Florida,2017-08-26,3601
Florida,2016-08-27,3539
Florida,2015-08-29,3409
Florida,2014-08-30,3339
Florida,2019-08-31,3689
Florida,2018-09-01,3672
Florida,2017-09-02,3558
Florida,2016-09-03,3642
Florida,2015-09-05,3486
Florida,2014-09-06,3318
Florida,2019-09-07,3695
Florida,2018-09-08,3649
Florida,2017-09-09,3767
Florida,2016-09-10,3585
Florida,2015-09-12,3476
Florida,2014-09-13,3356
Florida,2019-09-14,3691
Florida,2018-09-15,3855
Florida,2017-09-16,3838
Florida,2016-09-17,3544
Florida,2015-09-19,3495
Florida,2014-09-20,3356
Florida,2019-09-21,3768
Florida,2018-09-22,3717
Florida,2017-09-23,3905
Florida,2016-09-24,3583
Florida,2015-09-26,3615
Florida,2014-09-27,3334
Florida,2019-09-28,3719
Florida,2018-09-29,3730
Florida,2017-09-30,3802
Florida,2016-10-01,3597
Florida,2015-10-03,3464
Florida,2014-10-04,3282
Florida,2019-10-05,3800
Florida,2018-10-06,3738
Florida,2017-10-07,3875
Florida,2016-10-08,3613
Florida,2015-10-10,3570
Florida,2014-10-11,3460
Florida,2019-10-12,3832
Florida,2018-10-13,3750
Florida,2017-10-14,3786
Florida,2016-10-15,3627
Florida,2015-10-17,3487
Florida,2014-10-18,3429
Florida,2019-10-19,3730
Florida,2018-10-20,3683
Florida,2017-10-21,3759
Florida,2016-10-22,3788
Florida,2015-10-24,3580
Florida,2014-10-25,3381
Florida,2019-10-26,3704
Florida,2018-10-27,3855
Florida,2017-10-28,3816
Florida,2016-10-29,3599
Florida,2015-10-31,3494
Florida,2014-11-01,3501
Florida,2019-11-02,3858
Florida,2018-11-03,3726
Florida,2017-11-04,3940
Florida,2016-11-05,3717
Florida,2015-11-07,3607
Florida,2014-11-08,3646
Florida,2019-11-09,3967
Florida,2018-11-10,3780
Florida,2017-11-11,3850
Florida,2016-11-12,3800
Florida,2015-11-14,3488
Florida,2014-11-15,3615
Florida,2019-11-16,4045
Florida,2018-11-17,3912
Florida,2017-11-18,3899
Florida,2016-11-19,3789
Florida,2015-11-21,3608
Florida,2014-11-22,3672
Florida,2019-11-23,4025
Florida,2018-11-24,3841
Florida,2017-11-25,3879
Florida,2016-11-26,3920
Florida,2015-11-28,3575
Florida,2014-11-29,3707
Florida,2019-11-30,4007
Florida,2018-12-01,3899
Florida,2017-12-02,3957
Florida,2016-12-03,3934
Florida,2015-12-05,3667
Florida,2014-12-06,3816
Florida,2019-12-07,4189
Florida,2018-12-08,4122
Florida,2017-12-09,3873
Florida,2016-12-10,3847
Florida,2015-12-12,3707
Florida,2014-12-13,3805
Florida,2019-12-14,4293
Florida,2018-12-15,4110
Florida,2017-12-16,4155
Florida,2016-12-17,3870
Florida,2015-12-19,3687
Florida,2014-12-20,3994
Florida,2019-12-21,4102
Florida,2018-12-22,3937
Florida,2017-12-23,4238
Florida,2016-12-24,3803
Florida,2015-12-26,3807
Florida,2014-12-27,4009
Florida,2019-12-28,4270
Florida,2018-12-29,4144
Florida,2017-12-30,4173
Florida,2016-12-31,3901
Florida,2020-01-04,4341
Florida,2020-01-11,4410
Florida,2020-01-18,4385
Florida,2020-01-25,4387
Florida,2020-02-01,4419
Florida,2020-02-08,4385
Florida,2020-02-15,4358
Florida,2020-02-22,4416
Florida,2020-02-29,4399
Florida,2020-03-07,4520
Florida,2020-03-14,4435
Florida,2020-03-21,4362
Florida,2020-03-28,4461
Florida,2020-04-04,4497
Florida,2020-04-11,4544
Florida,2020-04-18,4416
Florida,2020-04-25,4555
Florida,2020-05-02,4352
Florida,2020-05-09,4407
Florida,2020-05-16,4279
Florida,2020-05-23,4360
Florida,2020-05-30,4211
Florida,2020-06-06,4265
Florida,2020-06-13,4256
Florida,2020-06-20,4408
Florida,2020-06-27,4504
Florida,2020-07-04,4725
Florida,2020-07-11,5084
Florida,2020-07-18,5509
Florida,2020-07-25,5704
Florida,2020-08-01,5791
Florida,2020-08-08,5585
Florida,2020-08-15,5510
Florida,2020-08-22,5203
Florida,2020-08-29,5015
Florida,2020-09-05,4758
Florida,2020-09-12,4513
Florida,2020-09-19,4667
Florida,2020-09-26,4444
Florida,2020-10-03,4346
Florida,2020-10-10,4525
Florida,2020-10-17,4389
Florida,2020-10-24,4335
Florida,2020-10-31,4265
Florida,2020-11-07,4305
Florida,2020-11-14,4487
Florida,2020-11-21,4561
Florida,2020-11-28,4634
Florida,2020-12-05,4911
Florida,2020-12-12,5085
Florida,2020-12-19,4945
Florida,2020-12-26,5137
Florida,2021-01-02,5709
Florida,2021-01-09,5497
Florida,2021-01-16,5923
Florida,2021-01-23,5664
Florida,2021-01-30,5488
Florida,2021-02-06,5569
Florida,2021-02-13,5459
Florida,2021-02-20,5119
Florida,2021-02-27,4892
Florida,2021-03-06,4821
Florida,2021-03-13,4636
Florida,2021-03-20,4584
Florida,2021-03-27,4732
Florida,2021-04-03,4475
Florida,2021-04-10,4697
Florida,2021-04-17,4642
Florida,2021-04-24,4718
Florida,2021-05-01,4472
Florida,2021-05-08,4588
Florida,2021-05-15,4514
Florida,2021-05-22,4571
Florida,2021-05-29,4511
Florida,2021-06-05,4375
Florida,2021-06-12,4411
Florida,2021-06-19,4378
Florida,2021-06-26,4479
Florida,2021-07-03,4370
Florida,2021-07-10,4426
Florida,2021-07-17,4407
Florida,2021-07-24,4630
Florida,2021-07-31,4344
Florida,2021-08-07,3574
Georgia,2016-01-02,1552
Georgia,2015-01-03,1786
Georgia,2014-01-04,1628
Georgia,2019-01-05,1798
Georgia,2018-01-06,1932
Georgia,2017-01-07,1815
Georgia,2016-01-09,1639
Georgia,2015-01-10,1767
Georgia,2014-01-11,1744
Georgia,2019-01-12,1741
Georgia,2018-01-13,2070
Georgia,2017-01-14,1748
Georgia,2016-01-16,1665
Georgia,2015-01-17,1721
Georgia,2014-01-18,1680
Georgia,2019-01-19,1795
Georgia,2018-01-20,1968
Georgia,2017-01-21,1732
Georgia,2016-01-23,1656
Georgia,2015-01-24,1650
Georgia,2014-01-25,1696
Georgia,2019-01-26,1729
Georgia,2018-01-27,1973
Georgia,2017-01-28,1617
Georgia,2016-01-30,1670
Georgia,2015-01-31,1653
Georgia,2014-02-01,1611
Georgia,2019-02-02,1758
Georgia,2018-02-03,1892
Georgia,2017-02-04,1692
Georgia,2016-02-06,1602
Georgia,2015-02-07,1628
Georgia,2014-02-08,1591
Georgia,2019-02-09,1670
Georgia,2018-02-10,1944
Georgia,2017-02-11,1701
Georgia,2016-02-13,1700
Georgia,2015-02-14,1656
Georgia,2014-02-15,1527
Georgia,2019-02-16,1644
Georgia,2018-02-17,1886
Georgia,2017-02-18,1662
Georgia,2016-02-20,1623
Georgia,2015-02-21,1699
Georgia,2014-02-22,1533
Georgia,2019-02-23,1710
Georgia,2018-02-24,1619
Georgia,2017-02-25,1711
Georgia,2016-02-27,1611
Georgia,2015-02-28,1743
Georgia,2014-03-01,1527
Georgia,2019-03-02,1693
Georgia,2018-03-03,1595
Georgia,2017-03-04,1631
Georgia,2016-03-05,1600
Georgia,2015-03-07,1665
Georgia,2014-03-08,1464
Georgia,2019-03-09,1715
Georgia,2018-03-10,1645
Georgia,2017-03-11,1675
Georgia,2016-03-12,1700
Georgia,2015-03-14,1698
Georgia,2014-03-15,1458
Georgia,2019-03-16,1706
Georgia,2018-03-17,1688
Georgia,2017-03-18,1693
Georgia,2016-03-19,1673
Georgia,2015-03-21,1587
Georgia,2014-03-22,1522
Georgia,2019-03-23,1692
Georgia,2018-03-24,1646
Georgia,2017-03-25,1693
Georgia,2016-03-26,1516
Georgia,2015-03-28,1578
Georgia,2014-03-29,1517
Georgia,2019-03-30,1682
Georgia,2018-03-31,1680
Georgia,2017-04-01,1756
Georgia,2016-04-02,1612
Georgia,2015-04-04,1573
Georgia,2014-04-05,1553
Georgia,2019-04-06,1652
Georgia,2018-04-07,1614
Georgia,2017-04-08,1594
Georgia,2016-04-09,1546
Georgia,2015-04-11,1539
Georgia,2014-04-12,1440
Georgia,2019-04-13,1651
Georgia,2018-04-14,1626
Georgia,2017-04-15,1585
Georgia,2016-04-16,1624
Georgia,2015-04-18,1451
Georgia,2014-04-19,1373
Georgia,2019-04-20,1644
Georgia,2018-04-21,1612
Georgia,2017-04-22,1644
Georgia,2016-04-23,1560
Georgia,2015-04-25,1571
Georgia,2014-04-26,1505
Georgia,2019-04-27,1748
Georgia,2018-04-28,1649
Georgia,2017-04-29,1562
Georgia,2016-04-30,1497
Georgia,2015-05-02,1511
Georgia,2014-05-03,1433
Georgia,2019-05-04,1711
Georgia,2018-05-05,1595
Georgia,2017-05-06,1632
Georgia,2016-05-07,1457
Georgia,2015-05-09,1497
Georgia,2014-05-10,1484
Georgia,2019-05-11,1639
Georgia,2018-05-12,1678
Georgia,2017-05-13,1446
Georgia,2016-05-14,1554
Georgia,2015-05-16,1507
Georgia,2014-05-17,1434
Georgia,2019-05-18,1556
Georgia,2018-05-19,1555
Georgia,2017-05-20,1579
Georgia,2016-05-21,1500
Georgia,2015-05-23,1527
Georgia,2014-05-24,1477
Georgia,2019-05-25,1578
Georgia,2018-05-26,1526
Georgia,2017-05-27,1533
Georgia,2016-05-28,1445
Georgia,2015-05-30,1426
Georgia,2014-05-31,1494
Georgia,2019-06-01,1619
Georgia,2018-06-02,1608
Georgia,2017-06-03,1505
Georgia,2016-06-04,1450
Georgia,2015-06-06,1456
Georgia,2014-06-07,1425
Georgia,2019-06-08,1619
Georgia,2018-06-09,1530
Georgia,2017-06-10,1525
Georgia,2016-06-11,1544
Georgia,2015-06-13,1476
Georgia,2014-06-14,1402
Georgia,2019-06-15,1572
Georgia,2018-06-16,1517
Georgia,2017-06-17,1507
Georgia,2016-06-18,1559
Georgia,2015-06-20,1456
Georgia,2014-06-21,1334
Georgia,2019-06-22,1591
Georgia,2018-06-23,1488
Georgia,2017-06-24,1593
Georgia,2016-06-25,1469
Georgia,2015-06-27,1521
Georgia,2014-06-28,1415
Georgia,2019-06-29,1512
Georgia,2018-06-30,1545
Georgia,2017-07-01,1495
Georgia,2016-07-02,1450
Georgia,2015-07-04,1435
Georgia,2014-07-05,1363
Georgia,2019-07-06,1528
Georgia,2018-07-07,1499
Georgia,2017-07-08,1517
Georgia,2016-07-09,1458
Georgia,2015-07-11,1466
Georgia,2014-07-12,1381
Georgia,2019-07-13,1587
Georgia,2018-07-14,1511
Georgia,2017-07-15,1490
Georgia,2016-07-16,1481
Georgia,2015-07-18,1474
Georgia,2014-07-19,1401
Georgia,2019-07-20,1627
Georgia,2018-07-21,1480
Georgia,2017-07-22,1564
Georgia,2016-07-23,1514
Georgia,2015-07-25,1451
Georgia,2014-07-26,1333
Georgia,2019-07-27,1619
Georgia,2018-07-28,1509
Georgia,2017-07-29,1516
Georgia,2016-07-30,1495
Georgia,2015-08-01,1463
Georgia,2014-08-02,1313
Georgia,2019-08-03,1608
Georgia,2018-08-04,1523
Georgia,2017-08-05,1501
Georgia,2016-08-06,1531
Georgia,2015-08-08,1438
Georgia,2014-08-09,1451
Georgia,2019-08-10,1573
Georgia,2018-08-11,1525
Georgia,2017-08-12,1487
Georgia,2016-08-13,1543
Georgia,2015-08-15,1408
Georgia,2014-08-16,1347
Georgia,2019-08-17,1606
Georgia,2018-08-18,1597
Georgia,2017-08-19,1570
Georgia,2016-08-20,1483
Georgia,2015-08-22,1434
Georgia,2014-08-23,1440
Georgia,2019-08-24,1538
Georgia,2018-08-25,1592
Georgia,2017-08-26,1484
Georgia,2016-08-27,1523
Georgia,2015-08-29,1412
Georgia,2014-08-30,1364
Georgia,2019-08-31,1553
Georgia,2018-09-01,1567
Georgia,2017-09-02,1528
Georgia,2016-09-03,1506
Georgia,2015-09-05,1442
Georgia,2014-09-06,1399
Georgia,2019-09-07,1596
Georgia,2018-09-08,1437
Georgia,2017-09-09,1512
Georgia,2016-09-10,1524
Georgia,2015-09-12,1435
Georgia,2014-09-13,1364
Georgia,2019-09-14,1608
Georgia,2018-09-15,1518
Georgia,2017-09-16,1587
Georgia,2016-09-17,1509
Georgia,2015-09-19,1468
Georgia,2014-09-20,1390
Georgia,2019-09-21,1527
Georgia,2018-09-22,1578
Georgia,2017-09-23,1517
Georgia,2016-09-24,1517
Georgia,2015-09-26,1458
Georgia,2014-09-27,1367
Georgia,2019-09-28,1649
Georgia,2018-09-29,1484
Georgia,2017-09-30,1525
Georgia,2016-10-01,1478
Georgia,2015-10-03,1464
Georgia,2014-10-04,1421
Georgia,2019-10-05,1590
Georgia,2018-10-06,1604
Georgia,2017-10-07,1544
Georgia,2016-10-08,1502
Georgia,2015-10-10,1473
Georgia,2014-10-11,1476
Georgia,2019-10-12,1584
Georgia,2018-10-13,1505
Georgia,2017-10-14,1589
Georgia,2016-10-15,1509
Georgia,2015-10-17,1451
Georgia,2014-10-18,1414
Georgia,2019-10-19,1592
Georgia,2018-10-20,1502
Georgia,2017-10-21,1675
Georgia,2016-10-22,1410
Georgia,2015-10-24,1514
Georgia,2014-10-25,1417
Georgia,2019-10-26,1609
Georgia,2018-10-27,1610
Georgia,2017-10-28,1525
Georgia,2016-10-29,1604
Georgia,2015-10-31,1573
Georgia,2014-11-01,1429
Georgia,2019-11-02,1664
Georgia,2018-11-03,1623
Georgia,2017-11-04,1626
Georgia,2016-11-05,1475
Georgia,2015-11-07,1597
Georgia,2014-11-08,1538
Georgia,2019-11-09,1681
Georgia,2018-11-10,1577
Georgia,2017-11-11,1634
Georgia,2016-11-12,1569
Georgia,2015-11-14,1531
Georgia,2014-11-15,1519
Georgia,2019-11-16,1665
Georgia,2018-11-17,1661
Georgia,2017-11-18,1565
Georgia,2016-11-19,1596
Georgia,2015-11-21,1572
Georgia,2014-11-22,1487
Georgia,2019-11-23,1796
Georgia,2018-11-24,1692
Georgia,2017-11-25,1628
Georgia,2016-11-26,1615
Georgia,2015-11-28,1593
Georgia,2014-11-29,1558
Georgia,2019-11-30,1732
Georgia,2018-12-01,1688
Georgia,2017-12-02,1626
Georgia,2016-12-03,1707
Georgia,2015-12-05,1580
Georgia,2014-12-06,1667
Georgia,2019-12-07,1684
Georgia,2018-12-08,1692
Georgia,2017-12-09,1701
Georgia,2016-12-10,1691
Georgia,2015-12-12,1704
Georgia,2014-12-13,1645
Georgia,2019-12-14,1709
Georgia,2018-12-15,1773
Georgia,2017-12-16,1702
Georgia,2016-12-17,1775
Georgia,2015-12-19,1555
Georgia,2014-12-20,1708
Georgia,2019-12-21,1734
Georgia,2018-12-22,1770
Georgia,2017-12-23,1737
Georgia,2016-12-24,1640
Georgia,2015-12-26,1629
Georgia,2014-12-27,1713
Georgia,2019-12-28,1773
Georgia,2018-12-29,1758
Georgia,2017-12-30,1673
Georgia,2016-12-31,1718
Georgia,2020-01-04,1803
Georgia,2020-01-11,1807
Georgia,2020-01-18,1746
Georgia,2020-01-25,1829
Georgia,2020-02-01,1797
Georgia,2020-02-08,1781
Georgia,2020-02-15,1762
Georgia,2020-02-22,1749
Georgia,2020-02-29,1860
Georgia,2020-03-07,1755
Georgia,2020-03-14,1784
Georgia,2020-03-21,1775
Georgia,2020-03-28,1881
Georgia,2020-04-04,2033
Georgia,2020-04-11,2042
Georgia,2020-04-18,2032
Georgia,2020-04-25,2040
Georgia,2020-05-02,1975
Georgia,2020-05-09,1987
Georgia,2020-05-16,1961
Georgia,2020-05-23,1911
Georgia,2020-05-30,1785
Georgia,2020-06-06,1782
Georgia,2020-06-13,1746
Georgia,2020-06-20,1780
Georgia,2020-06-27,1823
Georgia,2020-07-04,1880
Georgia,2020-07-11,1983
Georgia,2020-07-18,2177
Georgia,2020-07-25,2177
Georgia,2020-08-01,2193
Georgia,2020-08-08,2192
Georgia,2020-08-15,2245
Georgia,2020-08-22,2247
Georgia,2020-08-29,2132
Georgia,2020-09-05,2044
Georgia,2020-09-12,2073
Georgia,2020-09-19,1928
Georgia,2020-09-26,1997
Georgia,2020-10-03,1926
Georgia,2020-10-10,1886
Georgia,2020-10-17,1923
Georgia,2020-10-24,1960
Georgia,2020-10-31,1944
Georgia,2020-11-07,2020
Georgia,2020-11-14,2050
Georgia,2020-11-21,1978
Georgia,2020-11-28,2070
Georgia,2020-12-05,2171
Georgia,2020-12-12,2241
Georgia,2020-12-19,2422
Georgia,2020-12-26,2379
Georgia,2021-01-02,2724
Georgia,2021-01-09,2860
Georgia,2021-01-16,3086
Georgia,2021-01-23,2942
Georgia,2021-01-30,2756
Georgia,2021-02-06,2698
Georgia,2021-02-13,2373
Georgia,2021-02-20,2267
Georgia,2021-02-27,2091
Georgia,2021-03-06,1927
Georgia,2021-03-13,1974
Georgia,2021-03-20,1905
Georgia,2021-03-27,1867
Georgia,2021-04-03,1733
Georgia,2021-04-10,1922
Georgia,2021-04-17,1853
Georgia,2021-04-24,1858
Georgia,2021-05-01,1789
Georgia,2021-05-08,1773
Georgia,2021-05-15,1732
Georgia,2021-05-22,1810
Georgia,2021-05-29,1794
Georgia,2021-06-05,1685
Georgia,2021-06-12,1672
Georgia,2021-06-19,1597
Georgia,2021-06-26,1620
Georgia,2021-07-03,1578
Georgia,2021-07-10,1544
Georgia,2021-07-17,1443
Georgia,2021-07-24,1353
Georgia,2021-07-31,1155
Georgia,2021-08-07,684
Hawaii,2016-01-02,211
Hawaii,2015-01-03,215
Hawaii,2014-01-04,218
Hawaii,2019-01-05,244
Hawaii,2018-01-06,266
Hawaii,2017-01-07,216
Hawaii,2016-01-09,229
Hawaii,2015-01-10,265
Hawaii,2014-01-11,206
Hawaii,2019-01-12,210
Hawaii,2018-01-13,245
Hawaii,2017-01-14,262
Hawaii,2016-01-16,206
Hawaii,2015-01-17,258
Hawaii,2014-01-18,227
Hawaii,2019-01-19,257
Hawaii,2018-01-20,234
Hawaii,2017-01-21,263
Hawaii,2016-01-23,218
Hawaii,2015-01-24,239
Hawaii,2014-01-25,203
Hawaii,2019-01-26,226
Hawaii,2018-01-27,219
Hawaii,2017-01-28,217
Hawaii,2016-01-30,208
Hawaii,2015-01-31,229
Hawaii,2014-02-01,211
Hawaii,2019-02-02,229
Hawaii,2018-02-03,253
Hawaii,2017-02-04,221
Hawaii,2016-02-06,206
Hawaii,2015-02-07,260
Hawaii,2014-02-08,228
Hawaii,2019-02-09,217
Hawaii,2018-02-10,204
Hawaii,2017-02-11,213
Hawaii,2016-02-13,240
Hawaii,2015-02-14,242
Hawaii,2014-02-15,220
Hawaii,2019-02-16,255
Hawaii,2018-02-17,236
Hawaii,2017-02-18,228
Hawaii,2016-02-20,220
Hawaii,2015-02-21,222
Hawaii,2014-02-22,216
Hawaii,2019-02-23,230
Hawaii,2018-02-24,239
Hawaii,2017-02-25,217
Hawaii,2016-02-27,216
Hawaii,2015-02-28,200
Hawaii,2014-03-01,222
Hawaii,2019-03-02,240
Hawaii,2018-03-03,223
Hawaii,2017-03-04,222
Hawaii,2016-03-05,232
Hawaii,2015-03-07,227
Hawaii,2014-03-08,215
Hawaii,2019-03-09,263
Hawaii,2018-03-10,245
Hawaii,2017-03-11,246
Hawaii,2016-03-12,201
Hawaii,2015-03-14,216
Hawaii,2014-03-15,204
Hawaii,2019-03-16,259
Hawaii,2018-03-17,257
Hawaii,2017-03-18,224
Hawaii,2016-03-19,213
Hawaii,2015-03-21,228
Hawaii,2014-03-22,227
Hawaii,2019-03-23,250
Hawaii,2018-03-24,215
Hawaii,2017-03-25,204
Hawaii,2016-03-26,224
Hawaii,2015-03-28,201
Hawaii,2014-03-29,219
Hawaii,2019-03-30,231
Hawaii,2018-03-31,260
Hawaii,2017-04-01,231
Hawaii,2016-04-02,205
Hawaii,2015-04-04,210
Hawaii,2014-04-05,226
Hawaii,2019-04-06,249
Hawaii,2018-04-07,222
Hawaii,2017-04-08,225
Hawaii,2016-04-09,208
Hawaii,2015-04-11,197
Hawaii,2014-04-12,206
Hawaii,2019-04-13,216
Hawaii,2018-04-14,237
Hawaii,2017-04-15,212
Hawaii,2016-04-16,206
Hawaii,2015-04-18,209
Hawaii,2014-04-19,228
Hawaii,2019-04-20,215
Hawaii,2018-04-21,200
Hawaii,2017-04-22,203
Hawaii,2016-04-23,178
Hawaii,2015-04-25,197
Hawaii,2014-04-26,192
Hawaii,2019-04-27,220
Hawaii,2018-04-28,207
Hawaii,2017-04-29,215
Hawaii,2016-04-30,210
Hawaii,2015-05-02,194
Hawaii,2014-05-03,214
Hawaii,2019-05-04,207
Hawaii,2018-05-05,222
Hawaii,2017-05-06,221
Hawaii,2016-05-07,190
Hawaii,2015-05-09,234
Hawaii,2014-05-10,216
Hawaii,2019-05-11,246
Hawaii,2018-05-12,220
Hawaii,2017-05-13,206
Hawaii,2016-05-14,207
Hawaii,2015-05-16,218
Hawaii,2014-05-17,215
Hawaii,2019-05-18,233
Hawaii,2018-05-19,204
Hawaii,2017-05-20,238
Hawaii,2016-05-21,219
Hawaii,2015-05-23,209
Hawaii,2014-05-24,196
Hawaii,2019-05-25,239
Hawaii,2018-05-26,205
Hawaii,2017-05-27,214
Hawaii,2016-05-28,177
Hawaii,2015-05-30,219
Hawaii,2014-05-31,209
Hawaii,2019-06-01,210
Hawaii,2018-06-02,196
Hawaii,2017-06-03,211
Hawaii,2016-06-04,195
Hawaii,2015-06-06,204
Hawaii,2014-06-07,214
Hawaii,2019-06-08,217
Hawaii,2018-06-09,196
Hawaii,2017-06-10,225
Hawaii,2016-06-11,190
Hawaii,2015-06-13,213
Hawaii,2014-06-14,205
Hawaii,2019-06-15,239
Hawaii,2018-06-16,250
Hawaii,2017-06-17,218
Hawaii,2016-06-18,187
Hawaii,2015-06-20,248
Hawaii,2014-06-21,230
Hawaii,2019-06-22,227
Hawaii,2018-06-23,238
Hawaii,2017-06-24,221
Hawaii,2016-06-25,223
Hawaii,2015-06-27,206
Hawaii,2014-06-28,188
Hawaii,2019-06-29,220
Hawaii,2018-06-30,212
Hawaii,2017-07-01,207
Hawaii,2016-07-02,206
Hawaii,2015-07-04,241
Hawaii,2014-07-05,202
Hawaii,2019-07-06,200
Hawaii,2018-07-07,213
Hawaii,2017-07-08,204
Hawaii,2016-07-09,196
Hawaii,2015-07-11,213
Hawaii,2014-07-12,189
Hawaii,2019-07-13,245
Hawaii,2018-07-14,222
Hawaii,2017-07-15,215
Hawaii,2016-07-16,218
Hawaii,2015-07-18,200
Hawaii,2014-07-19,214
Hawaii,2019-07-20,214
Hawaii,2018-07-21,210
Hawaii,2017-07-22,204
Hawaii,2016-07-23,204
Hawaii,2015-07-25,177
Hawaii,2014-07-26,203
Hawaii,2019-07-27,234
Hawaii,2018-07-28,211
Hawaii,2017-07-29,214
Hawaii,2016-07-30,206
Hawaii,2015-08-01,197
Hawaii,2014-08-02,198
Hawaii,2019-08-03,216
Hawaii,2018-08-04,193
Hawaii,2017-08-05,190
Hawaii,2016-08-06,207
Hawaii,2015-08-08,196
Hawaii,2014-08-09,216
Hawaii,2019-08-10,210
Hawaii,2018-08-11,199
Hawaii,2017-08-12,219
Hawaii,2016-08-13,203
Hawaii,2015-08-15,218
Hawaii,2014-08-16,195
Hawaii,2019-08-17,206
Hawaii,2018-08-18,194
Hawaii,2017-08-19,215
Hawaii,2016-08-20,210
Hawaii,2015-08-22,219
Hawaii,2014-08-23,217
Hawaii,2019-08-24,208
Hawaii,2018-08-25,198
Hawaii,2017-08-26,211
Hawaii,2016-08-27,194
Hawaii,2015-08-29,192
Hawaii,2014-08-30,203
Hawaii,2019-08-31,207
Hawaii,2018-09-01,238
Hawaii,2017-09-02,204
Hawaii,2016-09-03,212
Hawaii,2015-09-05,240
Hawaii,2014-09-06,231
Hawaii,2019-09-07,214
Hawaii,2018-09-08,218
Hawaii,2017-09-09,195
Hawaii,2016-09-10,208
Hawaii,2015-09-12,198
Hawaii,2014-09-13,201
Hawaii,2019-09-14,236
Hawaii,2018-09-15,232
Hawaii,2017-09-16,241
Hawaii,2016-09-17,223
Hawaii,2015-09-19,219
Hawaii,2014-09-20,218
Hawaii,2019-09-21,234
Hawaii,2018-09-22,191
Hawaii,2017-09-23,208
Hawaii,2016-09-24,187
Hawaii,2015-09-26,228
Hawaii,2014-09-27,204
Hawaii,2019-09-28,191
Hawaii,2018-09-29,221
Hawaii,2017-09-30,204
Hawaii,2016-10-01,203
Hawaii,2015-10-03,221
Hawaii,2014-10-04,188
Hawaii,2019-10-05,228
Hawaii,2018-10-06,206
Hawaii,2017-10-07,209
Hawaii,2016-10-08,209
Hawaii,2015-10-10,229
Hawaii,2014-10-11,202
Hawaii,2019-10-12,194
Hawaii,2018-10-13,204
Hawaii,2017-10-14,190
Hawaii,2016-10-15,202
Hawaii,2015-10-17,211
Hawaii,2014-10-18,188
Hawaii,2019-10-19,225
Hawaii,2018-10-20,217
Hawaii,2017-10-21,196
Hawaii,2016-10-22,227
Hawaii,2015-10-24,176
Hawaii,2014-10-25,168
Hawaii,2019-10-26,198
Hawaii,2018-10-27,195
Hawaii,2017-10-28,186
Hawaii,2016-10-29,206
Hawaii,2015-10-31,169
Hawaii,2014-11-01,218
Hawaii,2019-11-02,203
Hawaii,2018-11-03,195
Hawaii,2017-11-04,229
Hawaii,2016-11-05,216
Hawaii,2015-11-07,221
Hawaii,2014-11-08,196
Hawaii,2019-11-09,215
Hawaii,2018-11-10,221
Hawaii,2017-11-11,228
Hawaii,2016-11-12,203
Hawaii,2015-11-14,187
Hawaii,2014-11-15,182
Hawaii,2019-11-16,202
Hawaii,2018-11-17,237
Hawaii,2017-11-18,197
Hawaii,2016-11-19,203
Hawaii,2015-11-21,163
Hawaii,2014-11-22,178
Hawaii,2019-11-23,204
Hawaii,2018-11-24,225
Hawaii,2017-11-25,213
Hawaii,2016-11-26,198
Hawaii,2015-11-28,204
Hawaii,2014-11-29,191
Hawaii,2019-11-30,211
Hawaii,2018-12-01,203
Hawaii,2017-12-02,265
Hawaii,2016-12-03,243
Hawaii,2015-12-05,210
Hawaii,2014-12-06,198
Hawaii,2019-12-07,213
Hawaii,2018-12-08,235
Hawaii,2017-12-09,235
Hawaii,2016-12-10,224
Hawaii,2015-12-12,205
Hawaii,2014-12-13,191
Hawaii,2019-12-14,222
Hawaii,2018-12-15,208
Hawaii,2017-12-16,239
Hawaii,2016-12-17,228
Hawaii,2015-12-19,202
Hawaii,2014-12-20,235
Hawaii,2019-12-21,231
Hawaii,2018-12-22,217
Hawaii,2017-12-23,252
Hawaii,2016-12-24,223
Hawaii,2015-12-26,194
Hawaii,2014-12-27,193
Hawaii,2019-12-28,248
Hawaii,2018-12-29,219
Hawaii,2017-12-30,242
Hawaii,2016-12-31,237
Hawaii,2020-01-04,242
Hawaii,2020-01-11,242
Hawaii,2020-01-18,215
Hawaii,2020-01-25,242
Hawaii,2020-02-01,242
Hawaii,2020-02-08,236
Hawaii,2020-02-15,281
Hawaii,2020-02-22,250
Hawaii,2020-02-29,238
Hawaii,2020-03-07,239
Hawaii,2020-03-14,243
Hawaii,2020-03-21,212
Hawaii,2020-03-28,235
Hawaii,2020-04-04,235
Hawaii,2020-04-11,221
Hawaii,2020-04-18,211
Hawaii,2020-04-25,200
Hawaii,2020-05-02,223
Hawaii,2020-05-09,210
Hawaii,2020-05-16,230
Hawaii,2020-05-23,210
Hawaii,2020-05-30,200
Hawaii,2020-06-06,217
Hawaii,2020-06-13,203
Hawaii,2020-06-20,246
Hawaii,2020-06-27,236
Hawaii,2020-07-04,207
Hawaii,2020-07-11,239
Hawaii,2020-07-18,227
Hawaii,2020-07-25,219
Hawaii,2020-08-01,217
Hawaii,2020-08-08,231
Hawaii,2020-08-15,223
Hawaii,2020-08-22,242
Hawaii,2020-08-29,255
Hawaii,2020-09-05,235
Hawaii,2020-09-12,274
Hawaii,2020-09-19,242
Hawaii,2020-09-26,242
Hawaii,2020-10-03,214
Hawaii,2020-10-10,231
Hawaii,2020-10-17,237
Hawaii,2020-10-24,237
Hawaii,2020-10-31,238
Hawaii,2020-11-07,236
Hawaii,2020-11-14,249
Hawaii,2020-11-21,224
Hawaii,2020-11-28,216
Hawaii,2020-12-05,237
Hawaii,2020-12-12,212
Hawaii,2020-12-19,249
Hawaii,2020-12-26,198
Hawaii,2021-01-02,225
Hawaii,2021-01-09,215
Hawaii,2021-01-16,246
Hawaii,2021-01-23,205
Hawaii,2021-01-30,227
Hawaii,2021-02-06,237
Hawaii,2021-02-13,264
Hawaii,2021-02-20,250
Hawaii,2021-02-27,261
Hawaii,2021-03-06,229
Hawaii,2021-03-13,252
Hawaii,2021-03-20,233
Hawaii,2021-03-27,241
Hawaii,2021-04-03,248
Hawaii,2021-04-10,248
Hawaii,2021-04-17,217
Hawaii,2021-04-24,252
Hawaii,2021-05-01,233
Hawaii,2021-05-08,237
Hawaii,2021-05-15,230
Hawaii,2021-05-22,252
Hawaii,2021-05-29,211
Hawaii,2021-06-05,208
Hawaii,2021-06-12,220
Hawaii,2021-06-19,228
Hawaii,2021-06-26,221
Hawaii,2021-07-03,206
Hawaii,2021-07-10,231
Hawaii,2021-07-17,215
Hawaii,2021-07-24,216
Hawaii,2021-07-31,183
Hawaii,2021-08-07,114
Idaho,2016-01-02,250
Idaho,2015-01-03,257
Idaho,2014-01-04,252
Idaho,2019-01-05,271
Idaho,2018-01-06,326
Idaho,2017-01-07,291
Idaho,2016-01-09,270
Idaho,2015-01-10,299
Idaho,2014-01-11,260
Idaho,2019-01-12,293
Idaho,2018-01-13,309
Idaho,2017-01-14,312
Idaho,2016-01-16,238
Idaho,2015-01-17,254
Idaho,2014-01-18,214
Idaho,2019-01-19,232
Idaho,2018-01-20,265
Idaho,2017-01-21,311
Idaho,2016-01-23,276
Idaho,2015-01-24,254
Idaho,2014-01-25,240
Idaho,2019-01-26,273
Idaho,2018-01-27,282
Idaho,2017-01-28,269
Idaho,2016-01-30,244
Idaho,2015-01-31,286
Idaho,2014-02-01,240
Idaho,2019-02-02,272
Idaho,2018-02-03,292
Idaho,2017-02-04,283
Idaho,2016-02-06,286
Idaho,2015-02-07,261
Idaho,2014-02-08,232
Idaho,2019-02-09,280
Idaho,2018-02-10,285
Idaho,2017-02-11,280
Idaho,2016-02-13,254
Idaho,2015-02-14,235
Idaho,2014-02-15,272
Idaho,2019-02-16,350
Idaho,2018-02-17,304
Idaho,2017-02-18,283
Idaho,2016-02-20,227
Idaho,2015-02-21,221
Idaho,2014-02-22,233
Idaho,2019-02-23,304
Idaho,2018-02-24,273
Idaho,2017-02-25,291
Idaho,2016-02-27,264
Idaho,2015-02-28,271
Idaho,2014-03-01,252
Idaho,2019-03-02,312
Idaho,2018-03-03,282
Idaho,2017-03-04,283
Idaho,2016-03-05,255
Idaho,2015-03-07,267
Idaho,2014-03-08,222
Idaho,2019-03-09,306
Idaho,2018-03-10,300
Idaho,2017-03-11,264
Idaho,2016-03-12,250
Idaho,2015-03-14,233
Idaho,2014-03-15,263
Idaho,2019-03-16,289
Idaho,2018-03-17,270
Idaho,2017-03-18,258
Idaho,2016-03-19,290
Idaho,2015-03-21,253
Idaho,2014-03-22,236
Idaho,2019-03-23,274
Idaho,2018-03-24,306
Idaho,2017-03-25,316
Idaho,2016-03-26,268
Idaho,2015-03-28,260
Idaho,2014-03-29,250
Idaho,2019-03-30,262
Idaho,2018-03-31,261
Idaho,2017-04-01,263
Idaho,2016-04-02,255
Idaho,2015-04-04,241
Idaho,2014-04-05,255
Idaho,2019-04-06,295
Idaho,2018-04-07,299
Idaho,2017-04-08,271
Idaho,2016-04-09,277
Idaho,2015-04-11,243
Idaho,2014-04-12,236
Idaho,2019-04-13,292
Idaho,2018-04-14,284
Idaho,2017-04-15,283
Idaho,2016-04-16,249
Idaho,2015-04-18,244
Idaho,2014-04-19,226
Idaho,2019-04-20,304
Idaho,2018-04-21,271
Idaho,2017-04-22,260
Idaho,2016-04-23,271
Idaho,2015-04-25,267
Idaho,2014-04-26,243
Idaho,2019-04-27,262
Idaho,2018-04-28,262
Idaho,2017-04-29,257
Idaho,2016-04-30,250
Idaho,2015-05-02,238
Idaho,2014-05-03,246
Idaho,2019-05-04,252
Idaho,2018-05-05,262
Idaho,2017-05-06,270
Idaho,2016-05-07,279
Idaho,2015-05-09,262
Idaho,2014-05-10,217
Idaho,2019-05-11,274
Idaho,2018-05-12,266
Idaho,2017-05-13,238
Idaho,2016-05-14,229
Idaho,2015-05-16,261
Idaho,2014-05-17,248
Idaho,2019-05-18,275
Idaho,2018-05-19,264
Idaho,2017-05-20,275
Idaho,2016-05-21,279
Idaho,2015-05-23,240
Idaho,2014-05-24,232
Idaho,2019-05-25,286
Idaho,2018-05-26,252
Idaho,2017-05-27,260
Idaho,2016-05-28,274
Idaho,2015-05-30,274
Idaho,2014-05-31,222
Idaho,2019-06-01,290
Idaho,2018-06-02,273
Idaho,2017-06-03,253
Idaho,2016-06-04,259
Idaho,2015-06-06,225
Idaho,2014-06-07,252
Idaho,2019-06-08,284
Idaho,2018-06-09,263
Idaho,2017-06-10,242
Idaho,2016-06-11,270
Idaho,2015-06-13,256
Idaho,2014-06-14,258
Idaho,2019-06-15,279
Idaho,2018-06-16,259
Idaho,2017-06-17,261
Idaho,2016-06-18,257
Idaho,2015-06-20,220
Idaho,2014-06-21,220
Idaho,2019-06-22,270
Idaho,2018-06-23,275
Idaho,2017-06-24,263
Idaho,2016-06-25,241
Idaho,2015-06-27,241
Idaho,2014-06-28,239
Idaho,2019-06-29,271
Idaho,2018-06-30,245
Idaho,2017-07-01,244
Idaho,2016-07-02,269
Idaho,2015-07-04,257
Idaho,2014-07-05,212
Idaho,2019-07-06,257
Idaho,2018-07-07,280
Idaho,2017-07-08,250
Idaho,2016-07-09,245
Idaho,2015-07-11,244
Idaho,2014-07-12,213
Idaho,2019-07-13,244
Idaho,2018-07-14,259
Idaho,2017-07-15,270
Idaho,2016-07-16,239
Idaho,2015-07-18,242
Idaho,2014-07-19,241
Idaho,2019-07-20,257
Idaho,2018-07-21,242
Idaho,2017-07-22,248
Idaho,2016-07-23,242
Idaho,2015-07-25,225
Idaho,2014-07-26,201
Idaho,2019-07-27,250
Idaho,2018-07-28,258
Idaho,2017-07-29,240
Idaho,2016-07-30,235
Idaho,2015-08-01,233
Idaho,2014-08-02,249
Idaho,2019-08-03,256
Idaho,2018-08-04,252
Idaho,2017-08-05,237
Idaho,2016-08-06,243
Idaho,2015-08-08,228
Idaho,2014-08-09,256
Idaho,2019-08-10,244
Idaho,2018-08-11,295
Idaho,2017-08-12,250
Idaho,2016-08-13,250
Idaho,2015-08-15,239
Idaho,2014-08-16,244
Idaho,2019-08-17,244
Idaho,2018-08-18,241
Idaho,2017-08-19,253
Idaho,2016-08-20,253
Idaho,2015-08-22,220
Idaho,2014-08-23,247
Idaho,2019-08-24,249
Idaho,2018-08-25,247
Idaho,2017-08-26,265
Idaho,2016-08-27,223
Idaho,2015-08-29,234
Idaho,2014-08-30,249
Idaho,2019-08-31,271
Idaho,2018-09-01,250
Idaho,2017-09-02,248
Idaho,2016-09-03,227
Idaho,2015-09-05,257
Idaho,2014-09-06,258
Idaho,2019-09-07,282
Idaho,2018-09-08,263
Idaho,2017-09-09,247
Idaho,2016-09-10,229
Idaho,2015-09-12,241
Idaho,2014-09-13,259
Idaho,2019-09-14,261
Idaho,2018-09-15,263
Idaho,2017-09-16,248
Idaho,2016-09-17,234
Idaho,2015-09-19,251
Idaho,2014-09-20,264
Idaho,2019-09-21,263
Idaho,2018-09-22,293
Idaho,2017-09-23,278
Idaho,2016-09-24,243
Idaho,2015-09-26,267
Idaho,2014-09-27,261
Idaho,2019-09-28,272
Idaho,2018-09-29,276
Idaho,2017-09-30,272
Idaho,2016-10-01,240
Idaho,2015-10-03,231
Idaho,2014-10-04,238
Idaho,2019-10-05,267
Idaho,2018-10-06,268
Idaho,2017-10-07,253
Idaho,2016-10-08,230
Idaho,2015-10-10,247
Idaho,2014-10-11,221
Idaho,2019-10-12,249
Idaho,2018-10-13,242
Idaho,2017-10-14,264
Idaho,2016-10-15,261
Idaho,2015-10-17,244
Idaho,2014-10-18,212
Idaho,2019-10-19,280
Idaho,2018-10-20,275
Idaho,2017-10-21,289
Idaho,2016-10-22,243
Idaho,2015-10-24,253
Idaho,2014-10-25,251
Idaho,2019-10-26,266
Idaho,2018-10-27,272
Idaho,2017-10-28,272
Idaho,2016-10-29,253
Idaho,2015-10-31,254
Idaho,2014-11-01,217
Idaho,2019-11-02,299
Idaho,2018-11-03,231
Idaho,2017-11-04,274
Idaho,2016-11-05,263
Idaho,2015-11-07,236
Idaho,2014-11-08,274
Idaho,2019-11-09,285
Idaho,2018-11-10,277
Idaho,2017-11-11,261
Idaho,2016-11-12,240
Idaho,2015-11-14,263
Idaho,2014-11-15,242
Idaho,2019-11-16,284
Idaho,2018-11-17,271
Idaho,2017-11-18,262
Idaho,2016-11-19,241
Idaho,2015-11-21,246
Idaho,2014-11-22,248
Idaho,2019-11-23,238
Idaho,2018-11-24,251
Idaho,2017-11-25,233
Idaho,2016-11-26,253
Idaho,2015-11-28,248
Idaho,2014-11-29,234
Idaho,2019-11-30,267
Idaho,2018-12-01,272
Idaho,2017-12-02,266
Idaho,2016-12-03,241
Idaho,2015-12-05,259
Idaho,2014-12-06,234
Idaho,2019-12-07,268
Idaho,2018-12-08,254
Idaho,2017-12-09,258
Idaho,2016-12-10,265
Idaho,2015-12-12,270
Idaho,2014-12-13,204
Idaho,2019-12-14,281
Idaho,2018-12-15,302
Idaho,2017-12-16,275
Idaho,2016-12-17,289
Idaho,2015-12-19,230
Idaho,2014-12-20,237
Idaho,2019-12-21,312
Idaho,2018-12-22,270
Idaho,2017-12-23,288
Idaho,2016-12-24,296
Idaho,2015-12-26,249
Idaho,2014-12-27,251
Idaho,2019-12-28,285
Idaho,2018-12-29,280
Idaho,2017-12-30,272
Idaho,2016-12-31,261
Idaho,2020-01-04,278
Idaho,2020-01-11,292
Idaho,2020-01-18,293
Idaho,2020-01-25,275
Idaho,2020-02-01,249
Idaho,2020-02-08,292
Idaho,2020-02-15,279
Idaho,2020-02-22,318
Idaho,2020-02-29,290
Idaho,2020-03-07,278
Idaho,2020-03-14,282
Idaho,2020-03-21,308
Idaho,2020-03-28,332
Idaho,2020-04-04,271
Idaho,2020-04-11,306
Idaho,2020-04-18,283
Idaho,2020-04-25,262
Idaho,2020-05-02,252
Idaho,2020-05-09,304
Idaho,2020-05-16,269
Idaho,2020-05-23,262
Idaho,2020-05-30,279
Idaho,2020-06-06,294
Idaho,2020-06-13,286
Idaho,2020-06-20,282
Idaho,2020-06-27,296
Idaho,2020-07-04,281
Idaho,2020-07-11,287
Idaho,2020-07-18,312
Idaho,2020-07-25,328
Idaho,2020-08-01,327
Idaho,2020-08-08,312
Idaho,2020-08-15,319
Idaho,2020-08-22,360
Idaho,2020-08-29,327
Idaho,2020-09-05,352
Idaho,2020-09-12,321
Idaho,2020-09-19,320
Idaho,2020-09-26,292
Idaho,2020-10-03,328
Idaho,2020-10-10,300
Idaho,2020-10-17,326
Idaho,2020-10-24,341
Idaho,2020-10-31,351
Idaho,2020-11-07,365
Idaho,2020-11-14,410
Idaho,2020-11-21,391
Idaho,2020-11-28,424
Idaho,2020-12-05,397
Idaho,2020-12-12,373
Idaho,2020-12-19,394
Idaho,2020-12-26,390
Idaho,2021-01-02,349
Idaho,2021-01-09,389
Idaho,2021-01-16,341
Idaho,2021-01-23,339
Idaho,2021-01-30,284
Idaho,2021-02-06,328
Idaho,2021-02-13,305
Idaho,2021-02-20,298
Idaho,2021-02-27,302
Idaho,2021-03-06,307
Idaho,2021-03-13,308
Idaho,2021-03-20,292
Idaho,2021-03-27,300
Idaho,2021-04-03,322
Idaho,2021-04-10,343
Idaho,2021-04-17,277
Idaho,2021-04-24,281
Idaho,2021-05-01,273
Idaho,2021-05-08,273
Idaho,2021-05-15,288
Idaho,2021-05-22,326
Idaho,2021-05-29,322
Idaho,2021-06-05,291
Idaho,2021-06-12,320
Idaho,2021-06-19,314
Idaho,2021-06-26,294
Idaho,2021-07-03,313
Idaho,2021-07-10,287
Idaho,2021-07-17,293
Idaho,2021-07-24,301
Idaho,2021-07-31,269
Idaho,2021-08-07,182
Illinois,2016-01-02,2047
Illinois,2015-01-03,2401
Illinois,2014-01-04,2049
Illinois,2019-01-05,2175
Illinois,2018-01-06,2587
Illinois,2017-01-07,2177
Illinois,2016-01-09,2110
Illinois,2015-01-10,2451
Illinois,2014-01-11,2176
Illinois,2019-01-12,2107
Illinois,2018-01-13,2670
Illinois,2017-01-14,2327
Illinois,2016-01-16,2107
Illinois,2015-01-17,2348
Illinois,2014-01-18,2113
Illinois,2019-01-19,2138
Illinois,2018-01-20,2458
Illinois,2017-01-21,2295
Illinois,2016-01-23,2106
Illinois,2015-01-24,2256
Illinois,2014-01-25,2106
Illinois,2019-01-26,2128
Illinois,2018-01-27,2416
Illinois,2017-01-28,2191
Illinois,2016-01-30,2037
Illinois,2015-01-31,1969
Illinois,2014-02-01,2108
Illinois,2019-02-02,2202
Illinois,2018-02-03,2168
Illinois,2017-02-04,2237
Illinois,2016-02-06,2093
Illinois,2015-02-07,2057
Illinois,2014-02-08,2043
Illinois,2019-02-09,2268
Illinois,2018-02-10,2253
Illinois,2017-02-11,2258
Illinois,2016-02-13,2084
Illinois,2015-02-14,1937
Illinois,2014-02-15,2068
Illinois,2019-02-16,2129
Illinois,2018-02-17,2198
Illinois,2017-02-18,2277
Illinois,2016-02-20,2205
Illinois,2015-02-21,2105
Illinois,2014-02-22,2014
Illinois,2019-02-23,2104
Illinois,2018-02-24,2257
Illinois,2017-02-25,2223
Illinois,2016-02-27,2096
Illinois,2015-02-28,2118
Illinois,2014-03-01,1975
Illinois,2019-03-02,2103
Illinois,2018-03-03,2141
Illinois,2017-03-04,2130
Illinois,2016-03-05,2125
Illinois,2015-03-07,2096
Illinois,2014-03-08,1950
Illinois,2019-03-09,2110
Illinois,2018-03-10,2055
Illinois,2017-03-11,2186
Illinois,2016-03-12,2123
Illinois,2015-03-14,2112
Illinois,2014-03-15,1999
Illinois,2019-03-16,2157
Illinois,2018-03-17,2089
Illinois,2017-03-18,2104
Illinois,2016-03-19,1955
Illinois,2015-03-21,2092
Illinois,2014-03-22,1969
Illinois,2019-03-23,2051
Illinois,2018-03-24,2168
Illinois,2017-03-25,2224
Illinois,2016-03-26,2093
Illinois,2015-03-28,2081
Illinois,2014-03-29,2006
Illinois,2019-03-30,2090
Illinois,2018-03-31,2040
Illinois,2017-04-01,2113
Illinois,2016-04-02,2013
Illinois,2015-04-04,2151
Illinois,2014-04-05,1957
Illinois,2019-04-06,2118
Illinois,2018-04-07,2100
Illinois,2017-04-08,2077
Illinois,2016-04-09,2004
Illinois,2015-04-11,2061
Illinois,2014-04-12,1937
Illinois,2019-04-13,1967
Illinois,2018-04-14,2127
Illinois,2017-04-15,2118
Illinois,2016-04-16,2007
Illinois,2015-04-18,2017
Illinois,2014-04-19,1866
Illinois,2019-04-20,2014
Illinois,2018-04-21,2046
Illinois,2017-04-22,1942
Illinois,2016-04-23,2044
Illinois,2015-04-25,2016
Illinois,2014-04-26,1950
Illinois,2019-04-27,1972
Illinois,2018-04-28,2077
Illinois,2017-04-29,1960
Illinois,2016-04-30,1841
Illinois,2015-05-02,2009
Illinois,2014-05-03,1843
Illinois,2019-05-04,1982
Illinois,2018-05-05,2159
Illinois,2017-05-06,1923
Illinois,2016-05-07,1935
Illinois,2015-05-09,1975
Illinois,2014-05-10,1902
Illinois,2019-05-11,1993
Illinois,2018-05-12,1902
Illinois,2017-05-13,1925
Illinois,2016-05-14,1932
Illinois,2015-05-16,1881
Illinois,2014-05-17,1811
Illinois,2019-05-18,1993
Illinois,2018-05-19,1891
Illinois,2017-05-20,2022
Illinois,2016-05-21,1935
Illinois,2015-05-23,1956
Illinois,2014-05-24,1908
Illinois,2019-05-25,2043
Illinois,2018-05-26,1897
Illinois,2017-05-27,1943
Illinois,2016-05-28,1920
Illinois,2015-05-30,1902
Illinois,2014-05-31,1871
Illinois,2019-06-01,1996
Illinois,2018-06-02,1920
Illinois,2017-06-03,1940
Illinois,2016-06-04,1904
Illinois,2015-06-06,1887
Illinois,2014-06-07,1825
Illinois,2019-06-08,1974
Illinois,2018-06-09,1878
Illinois,2017-06-10,1942
Illinois,2016-06-11,1883
Illinois,2015-06-13,1924
Illinois,2014-06-14,1892
Illinois,2019-06-15,1895
Illinois,2018-06-16,1867
Illinois,2017-06-17,1878
Illinois,2016-06-18,1839
Illinois,2015-06-20,1847
Illinois,2014-06-21,1885
Illinois,2019-06-22,1940
Illinois,2018-06-23,1879
Illinois,2017-06-24,1895
Illinois,2016-06-25,1974
Illinois,2015-06-27,1831
Illinois,2014-06-28,1809
Illinois,2019-06-29,1906
Illinois,2018-06-30,1927
Illinois,2017-07-01,1826
Illinois,2016-07-02,1848
Illinois,2015-07-04,1865
Illinois,2014-07-05,1844
Illinois,2019-07-06,1945
Illinois,2018-07-07,1873
Illinois,2017-07-08,1866
Illinois,2016-07-09,1936
Illinois,2015-07-11,1900
Illinois,2014-07-12,1890
Illinois,2019-07-13,1854
Illinois,2018-07-14,1958
Illinois,2017-07-15,1871
Illinois,2016-07-16,1823
Illinois,2015-07-18,1963
Illinois,2014-07-19,1786
Illinois,2019-07-20,1932
Illinois,2018-07-21,1915
Illinois,2017-07-22,1859
Illinois,2016-07-23,1888
Illinois,2015-07-25,1879
Illinois,2014-07-26,1800
Illinois,2019-07-27,1863
Illinois,2018-07-28,1907
Illinois,2017-07-29,1855
Illinois,2016-07-30,1895
Illinois,2015-08-01,1869
Illinois,2014-08-02,1743
Illinois,2019-08-03,1906
Illinois,2018-08-04,1892
Illinois,2017-08-05,1883
Illinois,2016-08-06,1888
Illinois,2015-08-08,1866
Illinois,2014-08-09,1820
Illinois,2019-08-10,1877
Illinois,2018-08-11,1825
Illinois,2017-08-12,1943
Illinois,2016-08-13,1812
Illinois,2015-08-15,1865
Illinois,2014-08-16,1822
Illinois,2019-08-17,1852
Illinois,2018-08-18,1812
Illinois,2017-08-19,1885
Illinois,2016-08-20,1895
Illinois,2015-08-22,1871
Illinois,2014-08-23,1780
Illinois,2019-08-24,1890
Illinois,2018-08-25,1878
Illinois,2017-08-26,1885
Illinois,2016-08-27,1928
Illinois,2015-08-29,1884
Illinois,2014-08-30,1802
Illinois,2019-08-31,1903
Illinois,2018-09-01,1881
Illinois,2017-09-02,1874
Illinois,2016-09-03,1866
Illinois,2015-09-05,1925
Illinois,2014-09-06,1948
Illinois,2019-09-07,1839
Illinois,2018-09-08,1927
Illinois,2017-09-09,1970
Illinois,2016-09-10,1951
Illinois,2015-09-12,1905
Illinois,2014-09-13,1865
Illinois,2019-09-14,1960
Illinois,2018-09-15,1936
Illinois,2017-09-16,2038
Illinois,2016-09-17,1864
Illinois,2015-09-19,1886
Illinois,2014-09-20,1949
Illinois,2019-09-21,1962
Illinois,2018-09-22,1981
Illinois,2017-09-23,2036
Illinois,2016-09-24,1975
Illinois,2015-09-26,1890
Illinois,2014-09-27,1943
Illinois,2019-09-28,2002
Illinois,2018-09-29,1979
Illinois,2017-09-30,1951
Illinois,2016-10-01,1946
Illinois,2015-10-03,1914
Illinois,2014-10-04,1915
Illinois,2019-10-05,1965
Illinois,2018-10-06,2030
Illinois,2017-10-07,2020
Illinois,2016-10-08,1930
Illinois,2015-10-10,1972
Illinois,2014-10-11,1841
Illinois,2019-10-12,2020
Illinois,2018-10-13,1945
Illinois,2017-10-14,1839
Illinois,2016-10-15,1977
Illinois,2015-10-17,1931
Illinois,2014-10-18,2000
Illinois,2019-10-19,2124
Illinois,2018-10-20,2043
Illinois,2017-10-21,1925
Illinois,2016-10-22,1871
Illinois,2015-10-24,1998
Illinois,2014-10-25,1908
Illinois,2019-10-26,2124
Illinois,2018-10-27,2013
Illinois,2017-10-28,2012
Illinois,2016-10-29,1995
Illinois,2015-10-31,2034
Illinois,2014-11-01,1922
Illinois,2019-11-02,2017
Illinois,2018-11-03,2067
Illinois,2017-11-04,2052
Illinois,2016-11-05,1989
Illinois,2015-11-07,1900
Illinois,2014-11-08,2033
Illinois,2019-11-09,2112
Illinois,2018-11-10,2048
Illinois,2017-11-11,2048
Illinois,2016-11-12,1927
Illinois,2015-11-14,1966
Illinois,2014-11-15,1897
Illinois,2019-11-16,2128
Illinois,2018-11-17,2010
Illinois,2017-11-18,2091
Illinois,2016-11-19,2070
Illinois,2015-11-21,2002
Illinois,2014-11-22,2113
Illinois,2019-11-23,2020
Illinois,2018-11-24,2092
Illinois,2017-11-25,2047
Illinois,2016-11-26,1964
Illinois,2015-11-28,2013
Illinois,2014-11-29,2049
Illinois,2019-11-30,2087
Illinois,2018-12-01,2045
Illinois,2017-12-02,2099
Illinois,2016-12-03,1998
Illinois,2015-12-05,1994
Illinois,2014-12-06,2114
Illinois,2019-12-07,2078
Illinois,2018-12-08,2066
Illinois,2017-12-09,2217
Illinois,2016-12-10,2113
Illinois,2015-12-12,2001
Illinois,2014-12-13,2207
Illinois,2019-12-14,2128
Illinois,2018-12-15,2135
Illinois,2017-12-16,2166
Illinois,2016-12-17,2254
Illinois,2015-12-19,1971
Illinois,2014-12-20,2378
Illinois,2019-12-21,2099
Illinois,2018-12-22,2006
Illinois,2017-12-23,2190
Illinois,2016-12-24,2200
Illinois,2015-12-26,1991
Illinois,2014-12-27,2389
Illinois,2019-12-28,2167
Illinois,2018-12-29,2025
Illinois,2017-12-30,2406
Illinois,2016-12-31,2205
Illinois,2020-01-04,2191
Illinois,2020-01-11,2252
Illinois,2020-01-18,2231
Illinois,2020-01-25,2199
Illinois,2020-02-01,2137
Illinois,2020-02-08,2232
Illinois,2020-02-15,2216
Illinois,2020-02-22,2207
Illinois,2020-02-29,2209
Illinois,2020-03-07,2254
Illinois,2020-03-14,2191
Illinois,2020-03-21,2283
Illinois,2020-03-28,2304
Illinois,2020-04-04,2622
Illinois,2020-04-11,2870
Illinois,2020-04-18,2912
Illinois,2020-04-25,3010
Illinois,2020-05-02,2952
Illinois,2020-05-09,2962
Illinois,2020-05-16,2865
Illinois,2020-05-23,2638
Illinois,2020-05-30,2547
Illinois,2020-06-06,2511
Illinois,2020-06-13,2270
Illinois,2020-06-20,2255
Illinois,2020-06-27,2134
Illinois,2020-07-04,2182
Illinois,2020-07-11,2189
Illinois,2020-07-18,2087
Illinois,2020-07-25,2034
Illinois,2020-08-01,2071
Illinois,2020-08-08,2138
Illinois,2020-08-15,2126
Illinois,2020-08-22,2151
Illinois,2020-08-29,2120
Illinois,2020-09-05,2198
Illinois,2020-09-12,2080
Illinois,2020-09-19,2080
Illinois,2020-09-26,2295
Illinois,2020-10-03,2138
Illinois,2020-10-10,2333
Illinois,2020-10-17,2281
Illinois,2020-10-24,2290
Illinois,2020-10-31,2455
Illinois,2020-11-07,2699
Illinois,2020-11-14,2905
Illinois,2020-11-21,3186
Illinois,2020-11-28,3151
Illinois,2020-12-05,3282
Illinois,2020-12-12,3345
Illinois,2020-12-19,3130
Illinois,2020-12-26,3040
Illinois,2021-01-02,3031
Illinois,2021-01-09,2794
Illinois,2021-01-16,2733
Illinois,2021-01-23,2608
Illinois,2021-01-30,2585
Illinois,2021-02-06,2562
Illinois,2021-02-13,2476
Illinois,2021-02-20,2438
Illinois,2021-02-27,2333
Illinois,2021-03-06,2178
Illinois,2021-03-13,2109
Illinois,2021-03-20,2119
Illinois,2021-03-27,2128
Illinois,2021-04-03,2179
Illinois,2021-04-10,2231
Illinois,2021-04-17,2108
Illinois,2021-04-24,2221
Illinois,2021-05-01,2225
Illinois,2021-05-08,2157
Illinois,2021-05-15,2130
Illinois,2021-05-22,2218
Illinois,2021-05-29,2027
Illinois,2021-06-05,2187
Illinois,2021-06-12,2116
Illinois,2021-06-19,2027
Illinois,2021-06-26,1984
Illinois,2021-07-03,2044
Illinois,2021-07-10,2086
Illinois,2021-07-17,2083
Illinois,2021-07-24,2006
Illinois,2021-07-31,1797
Illinois,2021-08-07,1459
Indiana,2016-01-02,1240
Indiana,2015-01-03,1483
Indiana,2014-01-04,1302
Indiana,2019-01-05,1325
Indiana,2018-01-06,1522
Indiana,2017-01-07,1456
Indiana,2016-01-09,1272
Indiana,2015-01-10,1573
Indiana,2014-01-11,1320
Indiana,2019-01-12,1329
Indiana,2018-01-13,1582
Indiana,2017-01-14,1428
Indiana,2016-01-16,1320
Indiana,2015-01-17,1503
Indiana,2014-01-18,1298
Indiana,2019-01-19,1275
Indiana,2018-01-20,1536
Indiana,2017-01-21,1409
Indiana,2016-01-23,1293
Indiana,2015-01-24,1415
Indiana,2014-01-25,1259
Indiana,2019-01-26,1325
Indiana,2018-01-27,1490
Indiana,2017-01-28,1376
Indiana,2016-01-30,1341
Indiana,2015-01-31,1234
Indiana,2014-02-01,1223
Indiana,2019-02-02,1387
Indiana,2018-02-03,1447
Indiana,2017-02-04,1314
Indiana,2016-02-06,1339
Indiana,2015-02-07,1236
Indiana,2014-02-08,1201
Indiana,2019-02-09,1407
Indiana,2018-02-10,1475
Indiana,2017-02-11,1387
Indiana,2016-02-13,1220
Indiana,2015-02-14,1276
Indiana,2014-02-15,1178
Indiana,2019-02-16,1309
Indiana,2018-02-17,1338
Indiana,2017-02-18,1383
Indiana,2016-02-20,1302
Indiana,2015-02-21,1243
Indiana,2014-02-22,1200
Indiana,2019-02-23,1367
Indiana,2018-02-24,1336
Indiana,2017-02-25,1425
Indiana,2016-02-27,1253
Indiana,2015-02-28,1289
Indiana,2014-03-01,1227
Indiana,2019-03-02,1277
Indiana,2018-03-03,1268
Indiana,2017-03-04,1421
Indiana,2016-03-05,1359
Indiana,2015-03-07,1347
Indiana,2014-03-08,1177
Indiana,2019-03-09,1331
Indiana,2018-03-10,1308
Indiana,2017-03-11,1385
Indiana,2016-03-12,1301
Indiana,2015-03-14,1317
Indiana,2014-03-15,1243
Indiana,2019-03-16,1375
Indiana,2018-03-17,1303
Indiana,2017-03-18,1377
Indiana,2016-03-19,1274
Indiana,2015-03-21,1256
Indiana,2014-03-22,1108
Indiana,2019-03-23,1337
Indiana,2018-03-24,1281
Indiana,2017-03-25,1364
Indiana,2016-03-26,1293
Indiana,2015-03-28,1219
Indiana,2014-03-29,1150
Indiana,2019-03-30,1317
Indiana,2018-03-31,1338
Indiana,2017-04-01,1344
Indiana,2016-04-02,1250
Indiana,2015-04-04,1316
Indiana,2014-04-05,1143
Indiana,2019-04-06,1356
Indiana,2018-04-07,1278
Indiana,2017-04-08,1337
Indiana,2016-04-09,1219
Indiana,2015-04-11,1254
Indiana,2014-04-12,1162
Indiana,2019-04-13,1251
Indiana,2018-04-14,1296
Indiana,2017-04-15,1342
Indiana,2016-04-16,1211
Indiana,2015-04-18,1303
Indiana,2014-04-19,1102
Indiana,2019-04-20,1262
Indiana,2018-04-21,1277
Indiana,2017-04-22,1225
Indiana,2016-04-23,1278
Indiana,2015-04-25,1253
Indiana,2014-04-26,1177
Indiana,2019-04-27,1276
Indiana,2018-04-28,1247
Indiana,2017-04-29,1206
Indiana,2016-04-30,1186
Indiana,2015-05-02,1146
Indiana,2014-05-03,1167
Indiana,2019-05-04,1262
Indiana,2018-05-05,1277
Indiana,2017-05-06,1196
Indiana,2016-05-07,1146
Indiana,2015-05-09,1220
Indiana,2014-05-10,1186
Indiana,2019-05-11,1290
Indiana,2018-05-12,1222
Indiana,2017-05-13,1274
Indiana,2016-05-14,1112
Indiana,2015-05-16,1182
Indiana,2014-05-17,1130
Indiana,2019-05-18,1254
Indiana,2018-05-19,1187
Indiana,2017-05-20,1166
Indiana,2016-05-21,1116
Indiana,2015-05-23,1174
Indiana,2014-05-24,1152
Indiana,2019-05-25,1299
Indiana,2018-05-26,1177
Indiana,2017-05-27,1202
Indiana,2016-05-28,1216
Indiana,2015-05-30,1185
Indiana,2014-05-31,1138
Indiana,2019-06-01,1213
Indiana,2018-06-02,1150
Indiana,2017-06-03,1160
Indiana,2016-06-04,1139
Indiana,2015-06-06,1091
Indiana,2014-06-07,1084
Indiana,2019-06-08,1213
Indiana,2018-06-09,1166
Indiana,2017-06-10,1251
Indiana,2016-06-11,1162
Indiana,2015-06-13,1185
Indiana,2014-06-14,1118
Indiana,2019-06-15,1206
Indiana,2018-06-16,1190
Indiana,2017-06-17,1208
Indiana,2016-06-18,1109
Indiana,2015-06-20,1093
Indiana,2014-06-21,1154
Indiana,2019-06-22,1233
Indiana,2018-06-23,1143
Indiana,2017-06-24,1149
Indiana,2016-06-25,1133
Indiana,2015-06-27,1098
Indiana,2014-06-28,1106
Indiana,2019-06-29,1219
Indiana,2018-06-30,1223
Indiana,2017-07-01,1209
Indiana,2016-07-02,1112
Indiana,2015-07-04,1161
Indiana,2014-07-05,1108
Indiana,2019-07-06,1201
Indiana,2018-07-07,1210
Indiana,2017-07-08,1193
Indiana,2016-07-09,1138
Indiana,2015-07-11,1096
Indiana,2014-07-12,1171
Indiana,2019-07-13,1168
Indiana,2018-07-14,1132
Indiana,2017-07-15,1144
Indiana,2016-07-16,1192
Indiana,2015-07-18,1156
Indiana,2014-07-19,1097
Indiana,2019-07-20,1257
Indiana,2018-07-21,1165
Indiana,2017-07-22,1176
Indiana,2016-07-23,1198
Indiana,2015-07-25,1099
Indiana,2014-07-26,1088
Indiana,2019-07-27,1155
Indiana,2018-07-28,1175
Indiana,2017-07-29,1159
Indiana,2016-07-30,1124
Indiana,2015-08-01,1122
Indiana,2014-08-02,1147
Indiana,2019-08-03,1177
Indiana,2018-08-04,1203
Indiana,2017-08-05,1161
Indiana,2016-08-06,1161
Indiana,2015-08-08,1169
Indiana,2014-08-09,1095
Indiana,2019-08-10,1186
Indiana,2018-08-11,1166
Indiana,2017-08-12,1175
Indiana,2016-08-13,1154
Indiana,2015-08-15,1140
Indiana,2014-08-16,1071
Indiana,2019-08-17,1247
Indiana,2018-08-18,1137
Indiana,2017-08-19,1173
Indiana,2016-08-20,1168
Indiana,2015-08-22,1153
Indiana,2014-08-23,1108
Indiana,2019-08-24,1141
Indiana,2018-08-25,1219
Indiana,2017-08-26,1139
Indiana,2016-08-27,1171
Indiana,2015-08-29,1088
Indiana,2014-08-30,1118
Indiana,2019-08-31,1147
Indiana,2018-09-01,1255
Indiana,2017-09-02,1208
Indiana,2016-09-03,1113
Indiana,2015-09-05,1150
Indiana,2014-09-06,1056
Indiana,2019-09-07,1216
Indiana,2018-09-08,1215
Indiana,2017-09-09,1156
Indiana,2016-09-10,1196
Indiana,2015-09-12,1154
Indiana,2014-09-13,1160
Indiana,2019-09-14,1284
Indiana,2018-09-15,1155
Indiana,2017-09-16,1179
Indiana,2016-09-17,1211
Indiana,2015-09-19,1189
Indiana,2014-09-20,1180
Indiana,2019-09-21,1207
Indiana,2018-09-22,1169
Indiana,2017-09-23,1185
Indiana,2016-09-24,1131
Indiana,2015-09-26,1163
Indiana,2014-09-27,1151
Indiana,2019-09-28,1231
Indiana,2018-09-29,1222
Indiana,2017-09-30,1219
Indiana,2016-10-01,1149
Indiana,2015-10-03,1164
Indiana,2014-10-04,1152
Indiana,2019-10-05,1190
Indiana,2018-10-06,1230
Indiana,2017-10-07,1212
Indiana,2016-10-08,1271
Indiana,2015-10-10,1150
Indiana,2014-10-11,1158
Indiana,2019-10-12,1246
Indiana,2018-10-13,1198
Indiana,2017-10-14,1153
Indiana,2016-10-15,1233
Indiana,2015-10-17,1137
Indiana,2014-10-18,1209
Indiana,2019-10-19,1266
Indiana,2018-10-20,1232
Indiana,2017-10-21,1200
Indiana,2016-10-22,1182
Indiana,2015-10-24,1168
Indiana,2014-10-25,1101
Indiana,2019-10-26,1272
Indiana,2018-10-27,1290
Indiana,2017-10-28,1273
Indiana,2016-10-29,1224
Indiana,2015-10-31,1195
Indiana,2014-11-01,1180
Indiana,2019-11-02,1341
Indiana,2018-11-03,1256
Indiana,2017-11-04,1269
Indiana,2016-11-05,1190
Indiana,2015-11-07,1161
Indiana,2014-11-08,1152
Indiana,2019-11-09,1278
Indiana,2018-11-10,1196
Indiana,2017-11-11,1226
Indiana,2016-11-12,1267
Indiana,2015-11-14,1163
Indiana,2014-11-15,1169
Indiana,2019-11-16,1290
Indiana,2018-11-17,1313
Indiana,2017-11-18,1250
Indiana,2016-11-19,1254
Indiana,2015-11-21,1143
Indiana,2014-11-22,1269
Indiana,2019-11-23,1321
Indiana,2018-11-24,1233
Indiana,2017-11-25,1294
Indiana,2016-11-26,1306
Indiana,2015-11-28,1178
Indiana,2014-11-29,1193
Indiana,2019-11-30,1321
Indiana,2018-12-01,1272
Indiana,2017-12-02,1202
Indiana,2016-12-03,1256
Indiana,2015-12-05,1258
Indiana,2014-12-06,1297
Indiana,2019-12-07,1338
Indiana,2018-12-08,1367
Indiana,2017-12-09,1312
Indiana,2016-12-10,1363
Indiana,2015-12-12,1264
Indiana,2014-12-13,1240
Indiana,2019-12-14,1326
Indiana,2018-12-15,1323
Indiana,2017-12-16,1356
Indiana,2016-12-17,1379
Indiana,2015-12-19,1186
Indiana,2014-12-20,1319
Indiana,2019-12-21,1403
Indiana,2018-12-22,1273
Indiana,2017-12-23,1386
Indiana,2016-12-24,1339
Indiana,2015-12-26,1268
Indiana,2014-12-27,1445
Indiana,2019-12-28,1325
Indiana,2018-12-29,1403
Indiana,2017-12-30,1431
Indiana,2016-12-31,1342
Indiana,2020-01-04,1470
Indiana,2020-01-11,1386
Indiana,2020-01-18,1389
Indiana,2020-01-25,1422
Indiana,2020-02-01,1380
Indiana,2020-02-08,1363
Indiana,2020-02-15,1429
Indiana,2020-02-22,1412
Indiana,2020-02-29,1449
Indiana,2020-03-07,1372
Indiana,2020-03-14,1407
Indiana,2020-03-21,1329
Indiana,2020-03-28,1486
Indiana,2020-04-04,1581
Indiana,2020-04-11,1633
Indiana,2020-04-18,1510
Indiana,2020-04-25,1597
Indiana,2020-05-02,1537
Indiana,2020-05-09,1583
Indiana,2020-05-16,1572
Indiana,2020-05-23,1474
Indiana,2020-05-30,1383
Indiana,2020-06-06,1396
Indiana,2020-06-13,1392
Indiana,2020-06-20,1353
Indiana,2020-06-27,1380
Indiana,2020-07-04,1345
Indiana,2020-07-11,1352
Indiana,2020-07-18,1383
Indiana,2020-07-25,1318
Indiana,2020-08-01,1367
Indiana,2020-08-08,1344
Indiana,2020-08-15,1372
Indiana,2020-08-22,1359
Indiana,2020-08-29,1356
Indiana,2020-09-05,1271
Indiana,2020-09-12,1343
Indiana,2020-09-19,1409
Indiana,2020-09-26,1441
Indiana,2020-10-03,1411
Indiana,2020-10-10,1442
Indiana,2020-10-17,1524
Indiana,2020-10-24,1514
Indiana,2020-10-31,1600
Indiana,2020-11-07,1655
Indiana,2020-11-14,1721
Indiana,2020-11-21,1936
Indiana,2020-11-28,2015
Indiana,2020-12-05,1943
Indiana,2020-12-12,2119
Indiana,2020-12-19,2060
Indiana,2020-12-26,2010
Indiana,2021-01-02,2048
Indiana,2021-01-09,1973
Indiana,2021-01-16,1912
Indiana,2021-01-23,1790
Indiana,2021-01-30,1623
Indiana,2021-02-06,1604
Indiana,2021-02-13,1503
Indiana,2021-02-20,1462
Indiana,2021-02-27,1433
Indiana,2021-03-06,1410
Indiana,2021-03-13,1371
Indiana,2021-03-20,1301
Indiana,2021-03-27,1294
Indiana,2021-04-03,1273
Indiana,2021-04-10,1366
Indiana,2021-04-17,1384
Indiana,2021-04-24,1275
Indiana,2021-05-01,1351
Indiana,2021-05-08,1311
Indiana,2021-05-15,1283
Indiana,2021-05-22,1341
Indiana,2021-05-29,1310
Indiana,2021-06-05,1376
Indiana,2021-06-12,1269
Indiana,2021-06-19,1374
Indiana,2021-06-26,1229
Indiana,2021-07-03,1225
Indiana,2021-07-10,1236
Indiana,2021-07-17,1191
Indiana,2021-07-24,1078
Indiana,2021-07-31,964
Indiana,2021-08-07,645
Iowa,2016-01-02,589
Iowa,2015-01-03,694
Iowa,2014-01-04,631
Iowa,2019-01-05,628
Iowa,2018-01-06,667
Iowa,2017-01-07,655
Iowa,2016-01-09,615
Iowa,2015-01-10,734
Iowa,2014-01-11,653
Iowa,2019-01-12,597
Iowa,2018-01-13,675
Iowa,2017-01-14,716
Iowa,2016-01-16,616
Iowa,2015-01-17,671
Iowa,2014-01-18,590
Iowa,2019-01-19,615
Iowa,2018-01-20,661
Iowa,2017-01-21,673
Iowa,2016-01-23,606
Iowa,2015-01-24,648
Iowa,2014-01-25,563
Iowa,2019-01-26,615
Iowa,2018-01-27,640
Iowa,2017-01-28,650
Iowa,2016-01-30,587
Iowa,2015-01-31,593
Iowa,2014-02-01,621
Iowa,2019-02-02,617
Iowa,2018-02-03,609
Iowa,2017-02-04,672
Iowa,2016-02-06,582
Iowa,2015-02-07,574
Iowa,2014-02-08,546
Iowa,2019-02-09,581
Iowa,2018-02-10,649
Iowa,2017-02-11,634
Iowa,2016-02-13,588
Iowa,2015-02-14,600
Iowa,2014-02-15,583
Iowa,2019-02-16,625
Iowa,2018-02-17,661
Iowa,2017-02-18,658
Iowa,2016-02-20,601
Iowa,2015-02-21,568
Iowa,2014-02-22,613
Iowa,2019-02-23,650
Iowa,2018-02-24,671
Iowa,2017-02-25,603
Iowa,2016-02-27,607
Iowa,2015-02-28,584
Iowa,2014-03-01,536
Iowa,2019-03-02,603
Iowa,2018-03-03,599
Iowa,2017-03-04,625
Iowa,2016-03-05,557
Iowa,2015-03-07,603
Iowa,2014-03-08,594
Iowa,2019-03-09,589
Iowa,2018-03-10,600
Iowa,2017-03-11,609
Iowa,2016-03-12,560
Iowa,2015-03-14,609
Iowa,2014-03-15,561
Iowa,2019-03-16,634
Iowa,2018-03-17,600
Iowa,2017-03-18,595
Iowa,2016-03-19,574
Iowa,2015-03-21,635
Iowa,2014-03-22,593
Iowa,2019-03-23,633
Iowa,2018-03-24,595
Iowa,2017-03-25,637
Iowa,2016-03-26,552
Iowa,2015-03-28,604
Iowa,2014-03-29,558
Iowa,2019-03-30,607
Iowa,2018-03-31,568
Iowa,2017-04-01,576
Iowa,2016-04-02,525
Iowa,2015-04-04,612
Iowa,2014-04-05,522
Iowa,2019-04-06,583
Iowa,2018-04-07,614
Iowa,2017-04-08,551
Iowa,2016-04-09,639
Iowa,2015-04-11,573
Iowa,2014-04-12,600
Iowa,2019-04-13,597
Iowa,2018-04-14,580
Iowa,2017-04-15,611
Iowa,2016-04-16,543
Iowa,2015-04-18,579
Iowa,2014-04-19,558
Iowa,2019-04-20,588
Iowa,2018-04-21,576
Iowa,2017-04-22,577
Iowa,2016-04-23,537
Iowa,2015-04-25,533
Iowa,2014-04-26,543
Iowa,2019-04-27,547
Iowa,2018-04-28,594
Iowa,2017-04-29,597
Iowa,2016-04-30,574
Iowa,2015-05-02,585
Iowa,2014-05-03,592
Iowa,2019-05-04,564
Iowa,2018-05-05,588
Iowa,2017-05-06,626
Iowa,2016-05-07,572
Iowa,2015-05-09,515
Iowa,2014-05-10,519
Iowa,2019-05-11,569
Iowa,2018-05-12,561
Iowa,2017-05-13,535
Iowa,2016-05-14,533
Iowa,2015-05-16,519
Iowa,2014-05-17,506
Iowa,2019-05-18,529
Iowa,2018-05-19,544
Iowa,2017-05-20,553
Iowa,2016-05-21,563
Iowa,2015-05-23,542
Iowa,2014-05-24,513
Iowa,2019-05-25,584
Iowa,2018-05-26,553
Iowa,2017-05-27,547
Iowa,2016-05-28,493
Iowa,2015-05-30,522
Iowa,2014-05-31,523
Iowa,2019-06-01,553
Iowa,2018-06-02,476
Iowa,2017-06-03,571
Iowa,2016-06-04,474
Iowa,2015-06-06,622
Iowa,2014-06-07,538
Iowa,2019-06-08,581
Iowa,2018-06-09,552
Iowa,2017-06-10,541
Iowa,2016-06-11,542
Iowa,2015-06-13,478
Iowa,2014-06-14,517
Iowa,2019-06-15,589
Iowa,2018-06-16,573
Iowa,2017-06-17,535
Iowa,2016-06-18,530
Iowa,2015-06-20,524
Iowa,2014-06-21,515
Iowa,2019-06-22,542
Iowa,2018-06-23,554
Iowa,2017-06-24,533
Iowa,2016-06-25,504
Iowa,2015-06-27,522
Iowa,2014-06-28,481
Iowa,2019-06-29,553
Iowa,2018-06-30,552
Iowa,2017-07-01,533
Iowa,2016-07-02,543
Iowa,2015-07-04,510
Iowa,2014-07-05,521
Iowa,2019-07-06,555
Iowa,2018-07-07,506
Iowa,2017-07-08,518
Iowa,2016-07-09,503
Iowa,2015-07-11,559
Iowa,2014-07-12,521
Iowa,2019-07-13,622
Iowa,2018-07-14,534
Iowa,2017-07-15,506
Iowa,2016-07-16,465
Iowa,2015-07-18,541
Iowa,2014-07-19,533
Iowa,2019-07-20,538
Iowa,2018-07-21,514
Iowa,2017-07-22,468
Iowa,2016-07-23,505
Iowa,2015-07-25,517
Iowa,2014-07-26,508
Iowa,2019-07-27,559
Iowa,2018-07-28,541
Iowa,2017-07-29,539
Iowa,2016-07-30,555
Iowa,2015-08-01,551
Iowa,2014-08-02,470
Iowa,2019-08-03,560
Iowa,2018-08-04,498
Iowa,2017-08-05,508
Iowa,2016-08-06,485
Iowa,2015-08-08,544
Iowa,2014-08-09,526
Iowa,2019-08-10,551
Iowa,2018-08-11,544
Iowa,2017-08-12,497
Iowa,2016-08-13,567
Iowa,2015-08-15,512
Iowa,2014-08-16,512
Iowa,2019-08-17,511
Iowa,2018-08-18,509
Iowa,2017-08-19,528
Iowa,2016-08-20,521
Iowa,2015-08-22,500
Iowa,2014-08-23,565
Iowa,2019-08-24,583
Iowa,2018-08-25,537
Iowa,2017-08-26,510
Iowa,2016-08-27,556
Iowa,2015-08-29,552
Iowa,2014-08-30,508
Iowa,2019-08-31,534
Iowa,2018-09-01,560
Iowa,2017-09-02,511
Iowa,2016-09-03,559
Iowa,2015-09-05,555
Iowa,2014-09-06,529
Iowa,2019-09-07,570
Iowa,2018-09-08,513
Iowa,2017-09-09,542
Iowa,2016-09-10,542
Iowa,2015-09-12,505
Iowa,2014-09-13,512
Iowa,2019-09-14,571
Iowa,2018-09-15,535
Iowa,2017-09-16,542
Iowa,2016-09-17,549
Iowa,2015-09-19,512
Iowa,2014-09-20,539
Iowa,2019-09-21,538
Iowa,2018-09-22,514
Iowa,2017-09-23,575
Iowa,2016-09-24,543
Iowa,2015-09-26,552
Iowa,2014-09-27,555
Iowa,2019-09-28,559
Iowa,2018-09-29,583
Iowa,2017-09-30,547
Iowa,2016-10-01,534
Iowa,2015-10-03,528
Iowa,2014-10-04,510
Iowa,2019-10-05,613
Iowa,2018-10-06,634
Iowa,2017-10-07,559
Iowa,2016-10-08,540
Iowa,2015-10-10,585
Iowa,2014-10-11,563
Iowa,2019-10-12,592
Iowa,2018-10-13,536
Iowa,2017-10-14,550
Iowa,2016-10-15,604
Iowa,2015-10-17,543
Iowa,2014-10-18,514
Iowa,2019-10-19,593
Iowa,2018-10-20,614
Iowa,2017-10-21,558
Iowa,2016-10-22,554
Iowa,2015-10-24,543
Iowa,2014-10-25,527
Iowa,2019-10-26,601
Iowa,2018-10-27,615
Iowa,2017-10-28,560
Iowa,2016-10-29,573
Iowa,2015-10-31,489
Iowa,2014-11-01,538
Iowa,2019-11-02,615
Iowa,2018-11-03,564
Iowa,2017-11-04,630
Iowa,2016-11-05,557
Iowa,2015-11-07,509
Iowa,2014-11-08,571
Iowa,2019-11-09,604
Iowa,2018-11-10,560
Iowa,2017-11-11,599
Iowa,2016-11-12,551
Iowa,2015-11-14,573
Iowa,2014-11-15,591
Iowa,2019-11-16,605
Iowa,2018-11-17,604
Iowa,2017-11-18,595
Iowa,2016-11-19,553
Iowa,2015-11-21,555
Iowa,2014-11-22,594
Iowa,2019-11-23,631
Iowa,2018-11-24,579
Iowa,2017-11-25,626
Iowa,2016-11-26,623
Iowa,2015-11-28,588
Iowa,2014-11-29,567
Iowa,2019-11-30,553
Iowa,2018-12-01,612
Iowa,2017-12-02,582
Iowa,2016-12-03,585
Iowa,2015-12-05,522
Iowa,2014-12-06,577
Iowa,2019-12-07,654
Iowa,2018-12-08,601
Iowa,2017-12-09,590
Iowa,2016-12-10,588
Iowa,2015-12-12,551
Iowa,2014-12-13,620
Iowa,2019-12-14,599
Iowa,2018-12-15,587
Iowa,2017-12-16,603
Iowa,2016-12-17,593
Iowa,2015-12-19,569
Iowa,2014-12-20,627
Iowa,2019-12-21,629
Iowa,2018-12-22,617
Iowa,2017-12-23,638
Iowa,2016-12-24,630
Iowa,2015-12-26,566
Iowa,2014-12-27,623
Iowa,2019-12-28,636
Iowa,2018-12-29,589
Iowa,2017-12-30,637
Iowa,2016-12-31,676
Iowa,2020-01-04,665
Iowa,2020-01-11,647
Iowa,2020-01-18,620
Iowa,2020-01-25,640
Iowa,2020-02-01,615
Iowa,2020-02-08,637
Iowa,2020-02-15,600
Iowa,2020-02-22,643
Iowa,2020-02-29,642
Iowa,2020-03-07,624
Iowa,2020-03-14,636
Iowa,2020-03-21,598
Iowa,2020-03-28,595
Iowa,2020-04-04,608
Iowa,2020-04-11,597
Iowa,2020-04-18,633
Iowa,2020-04-25,587
Iowa,2020-05-02,673
Iowa,2020-05-09,702
Iowa,2020-05-16,674
Iowa,2020-05-23,619
Iowa,2020-05-30,632
Iowa,2020-06-06,600
Iowa,2020-06-13,589
Iowa,2020-06-20,575
Iowa,2020-06-27,552
Iowa,2020-07-04,596
Iowa,2020-07-11,567
Iowa,2020-07-18,601
Iowa,2020-07-25,651
Iowa,2020-08-01,650
Iowa,2020-08-08,649
Iowa,2020-08-15,669
Iowa,2020-08-22,625
Iowa,2020-08-29,691
Iowa,2020-09-05,597
Iowa,2020-09-12,637
Iowa,2020-09-19,642
Iowa,2020-09-26,641
Iowa,2020-10-03,680
Iowa,2020-10-10,733
Iowa,2020-10-17,688
Iowa,2020-10-24,750
Iowa,2020-10-31,759
Iowa,2020-11-07,860
Iowa,2020-11-14,905
Iowa,2020-11-21,998
Iowa,2020-11-28,976
Iowa,2020-12-05,1002
Iowa,2020-12-12,950
Iowa,2020-12-19,864
Iowa,2020-12-26,834
Iowa,2021-01-02,741
Iowa,2021-01-09,799
Iowa,2021-01-16,754
Iowa,2021-01-23,746
Iowa,2021-01-30,644
Iowa,2021-02-06,648
Iowa,2021-02-13,608
Iowa,2021-02-20,658
Iowa,2021-02-27,584
Iowa,2021-03-06,616
Iowa,2021-03-13,557
Iowa,2021-03-20,501
Iowa,2021-03-27,562
Iowa,2021-04-03,571
Iowa,2021-04-10,625
Iowa,2021-04-17,569
Iowa,2021-04-24,611
Iowa,2021-05-01,629
Iowa,2021-05-08,564
Iowa,2021-05-15,552
Iowa,2021-05-22,527
Iowa,2021-05-29,578
Iowa,2021-06-05,545
Iowa,2021-06-12,563
Iowa,2021-06-19,579
Iowa,2021-06-26,560
Iowa,2021-07-03,517
Iowa,2021-07-10,545
Iowa,2021-07-17,523
Iowa,2021-07-24,522
Iowa,2021-07-31,397
Iowa,2021-08-07,273
Kansas,2016-01-02,496
Kansas,2015-01-03,576
Kansas,2014-01-04,537
Kansas,2019-01-05,588
Kansas,2018-01-06,601
Kansas,2017-01-07,576
Kansas,2016-01-09,565
Kansas,2015-01-10,606
Kansas,2014-01-11,531
Kansas,2019-01-12,552
Kansas,2018-01-13,611
Kansas,2017-01-14,574
Kansas,2016-01-16,522
Kansas,2015-01-17,610
Kansas,2014-01-18,563
Kansas,2019-01-19,511
Kansas,2018-01-20,595
Kansas,2017-01-21,547
Kansas,2016-01-23,510
Kansas,2015-01-24,566
Kansas,2014-01-25,497
Kansas,2019-01-26,540
Kansas,2018-01-27,610
Kansas,2017-01-28,562
Kansas,2016-01-30,456
Kansas,2015-01-31,523
Kansas,2014-02-01,503
Kansas,2019-02-02,568
Kansas,2018-02-03,555
Kansas,2017-02-04,554
Kansas,2016-02-06,488
Kansas,2015-02-07,594
Kansas,2014-02-08,513
Kansas,2019-02-09,546
Kansas,2018-02-10,539
Kansas,2017-02-11,571
Kansas,2016-02-13,477
Kansas,2015-02-14,518
Kansas,2014-02-15,519
Kansas,2019-02-16,522
Kansas,2018-02-17,617
Kansas,2017-02-18,572
Kansas,2016-02-20,518
Kansas,2015-02-21,510
Kansas,2014-02-22,504
Kansas,2019-02-23,563
Kansas,2018-02-24,558
Kansas,2017-02-25,585
Kansas,2016-02-27,494
Kansas,2015-02-28,512
Kansas,2014-03-01,482
Kansas,2019-03-02,547
Kansas,2018-03-03,561
Kansas,2017-03-04,529
Kansas,2016-03-05,492
Kansas,2015-03-07,543
Kansas,2014-03-08,496
Kansas,2019-03-09,580
Kansas,2018-03-10,539
Kansas,2017-03-11,572
Kansas,2016-03-12,493
Kansas,2015-03-14,487
Kansas,2014-03-15,500
Kansas,2019-03-16,556
Kansas,2018-03-17,546
Kansas,2017-03-18,557
Kansas,2016-03-19,480
Kansas,2015-03-21,506
Kansas,2014-03-22,503
Kansas,2019-03-23,533
Kansas,2018-03-24,529
Kansas,2017-03-25,543
Kansas,2016-03-26,507
Kansas,2015-03-28,539
Kansas,2014-03-29,500
Kansas,2019-03-30,538
Kansas,2018-03-31,523
Kansas,2017-04-01,503
Kansas,2016-04-02,520
Kansas,2015-04-04,490
Kansas,2014-04-05,485
Kansas,2019-04-06,517
Kansas,2018-04-07,518
Kansas,2017-04-08,477
Kansas,2016-04-09,510
Kansas,2015-04-11,515
Kansas,2014-04-12,519
Kansas,2019-04-13,513
Kansas,2018-04-14,518
Kansas,2017-04-15,492
Kansas,2016-04-16,484
Kansas,2015-04-18,470
Kansas,2014-04-19,501
Kansas,2019-04-20,482
Kansas,2018-04-21,484
Kansas,2017-04-22,496
Kansas,2016-04-23,471
Kansas,2015-04-25,473
Kansas,2014-04-26,470
Kansas,2019-04-27,485
Kansas,2018-04-28,486
Kansas,2017-04-29,471
Kansas,2016-04-30,493
Kansas,2015-05-02,458
Kansas,2014-05-03,423
Kansas,2019-05-04,506
Kansas,2018-05-05,456
Kansas,2017-05-06,503
Kansas,2016-05-07,468
Kansas,2015-05-09,470
Kansas,2014-05-10,466
Kansas,2019-05-11,503
Kansas,2018-05-12,481
Kansas,2017-05-13,487
Kansas,2016-05-14,492
Kansas,2015-05-16,504
Kansas,2014-05-17,474
Kansas,2019-05-18,493
Kansas,2018-05-19,476
Kansas,2017-05-20,436
Kansas,2016-05-21,477
Kansas,2015-05-23,466
Kansas,2014-05-24,470
Kansas,2019-05-25,487
Kansas,2018-05-26,480
Kansas,2017-05-27,470
Kansas,2016-05-28,426
Kansas,2015-05-30,456
Kansas,2014-05-31,438
Kansas,2019-06-01,483
Kansas,2018-06-02,503
Kansas,2017-06-03,436
Kansas,2016-06-04,414
Kansas,2015-06-06,463
Kansas,2014-06-07,398
Kansas,2019-06-08,502
Kansas,2018-06-09,495
Kansas,2017-06-10,449
Kansas,2016-06-11,480
Kansas,2015-06-13,520
Kansas,2014-06-14,444
Kansas,2019-06-15,471
Kansas,2018-06-16,493
Kansas,2017-06-17,440
Kansas,2016-06-18,488
Kansas,2015-06-20,456
Kansas,2014-06-21,448
Kansas,2019-06-22,487
Kansas,2018-06-23,476
Kansas,2017-06-24,452
Kansas,2016-06-25,496
Kansas,2015-06-27,483
Kansas,2014-06-28,443
Kansas,2019-06-29,530
Kansas,2018-06-30,476
Kansas,2017-07-01,485
Kansas,2016-07-02,430
Kansas,2015-07-04,474
Kansas,2014-07-05,435
Kansas,2019-07-06,487
Kansas,2018-07-07,478
Kansas,2017-07-08,471
Kansas,2016-07-09,494
Kansas,2015-07-11,472
Kansas,2014-07-12,485
Kansas,2019-07-13,490
Kansas,2018-07-14,429
Kansas,2017-07-15,494
Kansas,2016-07-16,453
Kansas,2015-07-18,518
Kansas,2014-07-19,438
Kansas,2019-07-20,479
Kansas,2018-07-21,477
Kansas,2017-07-22,484
Kansas,2016-07-23,492
Kansas,2015-07-25,475
Kansas,2014-07-26,447
Kansas,2019-07-27,482
Kansas,2018-07-28,463
Kansas,2017-07-29,470
Kansas,2016-07-30,443
Kansas,2015-08-01,468
Kansas,2014-08-02,460
Kansas,2019-08-03,481
Kansas,2018-08-04,458
Kansas,2017-08-05,427
Kansas,2016-08-06,455
Kansas,2015-08-08,492
Kansas,2014-08-09,457
Kansas,2019-08-10,479
Kansas,2018-08-11,477
Kansas,2017-08-12,440
Kansas,2016-08-13,449
Kansas,2015-08-15,487
Kansas,2014-08-16,436
Kansas,2019-08-17,463
Kansas,2018-08-18,470
Kansas,2017-08-19,466
Kansas,2016-08-20,506
Kansas,2015-08-22,467
Kansas,2014-08-23,443
Kansas,2019-08-24,457
Kansas,2018-08-25,463
Kansas,2017-08-26,452
Kansas,2016-08-27,470
Kansas,2015-08-29,464
Kansas,2014-08-30,472
Kansas,2019-08-31,442
Kansas,2018-09-01,425
Kansas,2017-09-02,491
Kansas,2016-09-03,485
Kansas,2015-09-05,437
Kansas,2014-09-06,448
Kansas,2019-09-07,523
Kansas,2018-09-08,466
Kansas,2017-09-09,454
Kansas,2016-09-10,461
Kansas,2015-09-12,454
Kansas,2014-09-13,476
Kansas,2019-09-14,490
Kansas,2018-09-15,485
Kansas,2017-09-16,453
Kansas,2016-09-17,442
Kansas,2015-09-19,506
Kansas,2014-09-20,477
Kansas,2019-09-21,493
Kansas,2018-09-22,518
Kansas,2017-09-23,465
Kansas,2016-09-24,458
Kansas,2015-09-26,485
Kansas,2014-09-27,440
Kansas,2019-09-28,496
Kansas,2018-09-29,477
Kansas,2017-09-30,478
Kansas,2016-10-01,451
Kansas,2015-10-03,451
Kansas,2014-10-04,467
Kansas,2019-10-05,497
Kansas,2018-10-06,499
Kansas,2017-10-07,490
Kansas,2016-10-08,458
Kansas,2015-10-10,476
Kansas,2014-10-11,430
Kansas,2019-10-12,489
Kansas,2018-10-13,473
Kansas,2017-10-14,442
Kansas,2016-10-15,502
Kansas,2015-10-17,479
Kansas,2014-10-18,477
Kansas,2019-10-19,517
Kansas,2018-10-20,444
Kansas,2017-10-21,528
Kansas,2016-10-22,448
Kansas,2015-10-24,521
Kansas,2014-10-25,489
Kansas,2019-10-26,531
Kansas,2018-10-27,494
Kansas,2017-10-28,439
Kansas,2016-10-29,493
Kansas,2015-10-31,482
Kansas,2014-11-01,450
Kansas,2019-11-02,494
Kansas,2018-11-03,499
Kansas,2017-11-04,545
Kansas,2016-11-05,476
Kansas,2015-11-07,488
Kansas,2014-11-08,504
Kansas,2019-11-09,524
Kansas,2018-11-10,490
Kansas,2017-11-11,515
Kansas,2016-11-12,497
Kansas,2015-11-14,473
Kansas,2014-11-15,512
Kansas,2019-11-16,529
Kansas,2018-11-17,502
Kansas,2017-11-18,478
Kansas,2016-11-19,534
Kansas,2015-11-21,487
Kansas,2014-11-22,484
Kansas,2019-11-23,546
Kansas,2018-11-24,518
Kansas,2017-11-25,509
Kansas,2016-11-26,488
Kansas,2015-11-28,472
Kansas,2014-11-29,498
Kansas,2019-11-30,461
Kansas,2018-12-01,529
Kansas,2017-12-02,517
Kansas,2016-12-03,528
Kansas,2015-12-05,460
Kansas,2014-12-06,483
Kansas,2019-12-07,535
Kansas,2018-12-08,475
Kansas,2017-12-09,546
Kansas,2016-12-10,530
Kansas,2015-12-12,511
Kansas,2014-12-13,505
Kansas,2019-12-14,567
Kansas,2018-12-15,560
Kansas,2017-12-16,511
Kansas,2016-12-17,554
Kansas,2015-12-19,495
Kansas,2014-12-20,507
Kansas,2019-12-21,514
Kansas,2018-12-22,544
Kansas,2017-12-23,518
Kansas,2016-12-24,542
Kansas,2015-12-26,513
Kansas,2014-12-27,510
Kansas,2019-12-28,556
Kansas,2018-12-29,535
Kansas,2017-12-30,597
Kansas,2016-12-31,536
Kansas,2020-01-04,591
Kansas,2020-01-11,560
Kansas,2020-01-18,576
Kansas,2020-01-25,571
Kansas,2020-02-01,549
Kansas,2020-02-08,503
Kansas,2020-02-15,575
Kansas,2020-02-22,559
Kansas,2020-02-29,548
Kansas,2020-03-07,575
Kansas,2020-03-14,522
Kansas,2020-03-21,515
Kansas,2020-03-28,523
Kansas,2020-04-04,550
Kansas,2020-04-11,525
Kansas,2020-04-18,546
Kansas,2020-04-25,541
Kansas,2020-05-02,526
Kansas,2020-05-09,507
Kansas,2020-05-16,530
Kansas,2020-05-23,520
Kansas,2020-05-30,506
Kansas,2020-06-06,499
Kansas,2020-06-13,516
Kansas,2020-06-20,508
Kansas,2020-06-27,521
Kansas,2020-07-04,562
Kansas,2020-07-11,504
Kansas,2020-07-18,518
Kansas,2020-07-25,540
Kansas,2020-08-01,543
Kansas,2020-08-08,601
Kansas,2020-08-15,577
Kansas,2020-08-22,514
Kansas,2020-08-29,532
Kansas,2020-09-05,566
Kansas,2020-09-12,581
Kansas,2020-09-19,553
Kansas,2020-09-26,601
Kansas,2020-10-03,580
Kansas,2020-10-10,638
Kansas,2020-10-17,636
Kansas,2020-10-24,658
Kansas,2020-10-31,577
Kansas,2020-11-07,679
Kansas,2020-11-14,719
Kansas,2020-11-21,782
Kansas,2020-11-28,814
Kansas,2020-12-05,870
Kansas,2020-12-12,880
Kansas,2020-12-19,931
Kansas,2020-12-26,855
Kansas,2021-01-02,811
Kansas,2021-01-09,789
Kansas,2021-01-16,787
Kansas,2021-01-23,675
Kansas,2021-01-30,690
Kansas,2021-02-06,681
Kansas,2021-02-13,583
Kansas,2021-02-20,588
Kansas,2021-02-27,594
Kansas,2021-03-06,552
Kansas,2021-03-13,528
Kansas,2021-03-20,505
Kansas,2021-03-27,521
Kansas,2021-04-03,521
Kansas,2021-04-10,507
Kansas,2021-04-17,495
Kansas,2021-04-24,528
Kansas,2021-05-01,513
Kansas,2021-05-08,513
Kansas,2021-05-15,509
Kansas,2021-05-22,554
Kansas,2021-05-29,482
Kansas,2021-06-05,515
Kansas,2021-06-12,538
Kansas,2021-06-19,502
Kansas,2021-06-26,507
Kansas,2021-07-03,522
Kansas,2021-07-10,532
Kansas,2021-07-17,530
Kansas,2021-07-24,500
Kansas,2021-07-31,474
Kansas,2021-08-07,377
Kentucky,2016-01-02,926
Kentucky,2015-01-03,1122
Kentucky,2014-01-04,917
Kentucky,2019-01-05,976
Kentucky,2018-01-06,1060
Kentucky,2017-01-07,1049
Kentucky,2016-01-09,918
Kentucky,2015-01-10,1069
Kentucky,2014-01-11,1034
Kentucky,2019-01-12,1033
Kentucky,2018-01-13,1191
Kentucky,2017-01-14,1075
Kentucky,2016-01-16,955
Kentucky,2015-01-17,1040
Kentucky,2014-01-18,920
Kentucky,2019-01-19,965
Kentucky,2018-01-20,1092
Kentucky,2017-01-21,1014
Kentucky,2016-01-23,956
Kentucky,2015-01-24,1053
Kentucky,2014-01-25,891
Kentucky,2019-01-26,989
Kentucky,2018-01-27,1090
Kentucky,2017-01-28,913
Kentucky,2016-01-30,980
Kentucky,2015-01-31,942
Kentucky,2014-02-01,913
Kentucky,2019-02-02,935
Kentucky,2018-02-03,1044
Kentucky,2017-02-04,987
Kentucky,2016-02-06,950
Kentucky,2015-02-07,991
Kentucky,2014-02-08,884
Kentucky,2019-02-09,977
Kentucky,2018-02-10,1036
Kentucky,2017-02-11,998
Kentucky,2016-02-13,913
Kentucky,2015-02-14,974
Kentucky,2014-02-15,863
Kentucky,2019-02-16,947
Kentucky,2018-02-17,985
Kentucky,2017-02-18,968
Kentucky,2016-02-20,980
Kentucky,2015-02-21,969
Kentucky,2014-02-22,861
Kentucky,2019-02-23,1022
Kentucky,2018-02-24,953
Kentucky,2017-02-25,1031
Kentucky,2016-02-27,920
Kentucky,2015-02-28,953
Kentucky,2014-03-01,876
Kentucky,2019-03-02,1038
Kentucky,2018-03-03,936
Kentucky,2017-03-04,1015
Kentucky,2016-03-05,986
Kentucky,2015-03-07,946
Kentucky,2014-03-08,885
Kentucky,2019-03-09,1058
Kentucky,2018-03-10,975
Kentucky,2017-03-11,967
Kentucky,2016-03-12,949
Kentucky,2015-03-14,928
Kentucky,2014-03-15,923
Kentucky,2019-03-16,938
Kentucky,2018-03-17,956
Kentucky,2017-03-18,971
Kentucky,2016-03-19,954
Kentucky,2015-03-21,888
Kentucky,2014-03-22,888
Kentucky,2019-03-23,975
Kentucky,2018-03-24,924
Kentucky,2017-03-25,973
Kentucky,2016-03-26,969
Kentucky,2015-03-28,901
Kentucky,2014-03-29,833
Kentucky,2019-03-30,1013
Kentucky,2018-03-31,913
Kentucky,2017-04-01,964
Kentucky,2016-04-02,910
Kentucky,2015-04-04,877
Kentucky,2014-04-05,836
Kentucky,2019-04-06,971
Kentucky,2018-04-07,888
Kentucky,2017-04-08,945
Kentucky,2016-04-09,943
Kentucky,2015-04-11,869
Kentucky,2014-04-12,785
Kentucky,2019-04-13,955
Kentucky,2018-04-14,929
Kentucky,2017-04-15,960
Kentucky,2016-04-16,924
Kentucky,2015-04-18,904
Kentucky,2014-04-19,890
Kentucky,2019-04-20,974
Kentucky,2018-04-21,904
Kentucky,2017-04-22,930
Kentucky,2016-04-23,1001
Kentucky,2015-04-25,863
Kentucky,2014-04-26,844
Kentucky,2019-04-27,908
Kentucky,2018-04-28,968
Kentucky,2017-04-29,933
Kentucky,2016-04-30,863
Kentucky,2015-05-02,855
Kentucky,2014-05-03,781
Kentucky,2019-05-04,908
Kentucky,2018-05-05,912
Kentucky,2017-05-06,873
Kentucky,2016-05-07,853
Kentucky,2015-05-09,892
Kentucky,2014-05-10,852
Kentucky,2019-05-11,935
Kentucky,2018-05-12,867
Kentucky,2017-05-13,903
Kentucky,2016-05-14,823
Kentucky,2015-05-16,907
Kentucky,2014-05-17,803
Kentucky,2019-05-18,903
Kentucky,2018-05-19,917
Kentucky,2017-05-20,859
Kentucky,2016-05-21,858
Kentucky,2015-05-23,868
Kentucky,2014-05-24,793
Kentucky,2019-05-25,896
Kentucky,2018-05-26,860
Kentucky,2017-05-27,885
Kentucky,2016-05-28,884
Kentucky,2015-05-30,790
Kentucky,2014-05-31,822
Kentucky,2019-06-01,861
Kentucky,2018-06-02,842
Kentucky,2017-06-03,853
Kentucky,2016-06-04,876
Kentucky,2015-06-06,799
Kentucky,2014-06-07,806
Kentucky,2019-06-08,883
Kentucky,2018-06-09,884
Kentucky,2017-06-10,899
Kentucky,2016-06-11,861
Kentucky,2015-06-13,841
Kentucky,2014-06-14,810
Kentucky,2019-06-15,932
Kentucky,2018-06-16,868
Kentucky,2017-06-17,919
Kentucky,2016-06-18,840
Kentucky,2015-06-20,806
Kentucky,2014-06-21,816
Kentucky,2019-06-22,906
Kentucky,2018-06-23,855
Kentucky,2017-06-24,848
Kentucky,2016-06-25,854
Kentucky,2015-06-27,811
Kentucky,2014-06-28,839
Kentucky,2019-06-29,926
Kentucky,2018-06-30,823
Kentucky,2017-07-01,869
Kentucky,2016-07-02,856
Kentucky,2015-07-04,824
Kentucky,2014-07-05,842
Kentucky,2019-07-06,901
Kentucky,2018-07-07,905
Kentucky,2017-07-08,875
Kentucky,2016-07-09,868
Kentucky,2015-07-11,812
Kentucky,2014-07-12,836
Kentucky,2019-07-13,881
Kentucky,2018-07-14,847
Kentucky,2017-07-15,856
Kentucky,2016-07-16,896
Kentucky,2015-07-18,804
Kentucky,2014-07-19,763
Kentucky,2019-07-20,861
Kentucky,2018-07-21,863
Kentucky,2017-07-22,834
Kentucky,2016-07-23,832
Kentucky,2015-07-25,869
Kentucky,2014-07-26,820
Kentucky,2019-07-27,856
Kentucky,2018-07-28,839
Kentucky,2017-07-29,871
Kentucky,2016-07-30,856
Kentucky,2015-08-01,832
Kentucky,2014-08-02,850
Kentucky,2019-08-03,876
Kentucky,2018-08-04,850
Kentucky,2017-08-05,822
Kentucky,2016-08-06,871
Kentucky,2015-08-08,821
Kentucky,2014-08-09,826
Kentucky,2019-08-10,870
Kentucky,2018-08-11,906
Kentucky,2017-08-12,844
Kentucky,2016-08-13,874
Kentucky,2015-08-15,787
Kentucky,2014-08-16,784
Kentucky,2019-08-17,861
Kentucky,2018-08-18,868
Kentucky,2017-08-19,848
Kentucky,2016-08-20,881
Kentucky,2015-08-22,820
Kentucky,2014-08-23,767
Kentucky,2019-08-24,885
Kentucky,2018-08-25,830
Kentucky,2017-08-26,857
Kentucky,2016-08-27,845
Kentucky,2015-08-29,869
Kentucky,2014-08-30,816
Kentucky,2019-08-31,865
Kentucky,2018-09-01,870
Kentucky,2017-09-02,873
Kentucky,2016-09-03,881
Kentucky,2015-09-05,832
Kentucky,2014-09-06,860
Kentucky,2019-09-07,873
Kentucky,2018-09-08,862
Kentucky,2017-09-09,818
Kentucky,2016-09-10,891
Kentucky,2015-09-12,852
Kentucky,2014-09-13,721
Kentucky,2019-09-14,899
Kentucky,2018-09-15,871
Kentucky,2017-09-16,917
Kentucky,2016-09-17,878
Kentucky,2015-09-19,828
Kentucky,2014-09-20,772
Kentucky,2019-09-21,875
Kentucky,2018-09-22,918
Kentucky,2017-09-23,811
Kentucky,2016-09-24,881
Kentucky,2015-09-26,819
Kentucky,2014-09-27,777
Kentucky,2019-09-28,928
Kentucky,2018-09-29,871
Kentucky,2017-09-30,860
Kentucky,2016-10-01,891
Kentucky,2015-10-03,794
Kentucky,2014-10-04,839
Kentucky,2019-10-05,881
Kentucky,2018-10-06,903
Kentucky,2017-10-07,849
Kentucky,2016-10-08,898
Kentucky,2015-10-10,869
Kentucky,2014-10-11,847
Kentucky,2019-10-12,903
Kentucky,2018-10-13,871
Kentucky,2017-10-14,904
Kentucky,2016-10-15,903
Kentucky,2015-10-17,916
Kentucky,2014-10-18,815
Kentucky,2019-10-19,967
Kentucky,2018-10-20,894
Kentucky,2017-10-21,852
Kentucky,2016-10-22,901
Kentucky,2015-10-24,884
Kentucky,2014-10-25,842
Kentucky,2019-10-26,930
Kentucky,2018-10-27,963
Kentucky,2017-10-28,878
Kentucky,2016-10-29,826
Kentucky,2015-10-31,862
Kentucky,2014-11-01,794
Kentucky,2019-11-02,893
Kentucky,2018-11-03,941
Kentucky,2017-11-04,925
Kentucky,2016-11-05,896
Kentucky,2015-11-07,926
Kentucky,2014-11-08,881
Kentucky,2019-11-09,878
Kentucky,2018-11-10,912
Kentucky,2017-11-11,878
Kentucky,2016-11-12,887
Kentucky,2015-11-14,845
Kentucky,2014-11-15,806
Kentucky,2019-11-16,944
Kentucky,2018-11-17,968
Kentucky,2017-11-18,930
Kentucky,2016-11-19,978
Kentucky,2015-11-21,866
Kentucky,2014-11-22,899
Kentucky,2019-11-23,1008
Kentucky,2018-11-24,964
Kentucky,2017-11-25,854
Kentucky,2016-11-26,927
Kentucky,2015-11-28,892
Kentucky,2014-11-29,911
Kentucky,2019-11-30,930
Kentucky,2018-12-01,948
Kentucky,2017-12-02,927
Kentucky,2016-12-03,942
Kentucky,2015-12-05,885
Kentucky,2014-12-06,857
Kentucky,2019-12-07,935
Kentucky,2018-12-08,905
Kentucky,2017-12-09,976
Kentucky,2016-12-10,978
Kentucky,2015-12-12,909
Kentucky,2014-12-13,929
Kentucky,2019-12-14,961
Kentucky,2018-12-15,976
Kentucky,2017-12-16,1035
Kentucky,2016-12-17,987
Kentucky,2015-12-19,932
Kentucky,2014-12-20,969
Kentucky,2019-12-21,1003
Kentucky,2018-12-22,963
Kentucky,2017-12-23,1012
Kentucky,2016-12-24,964
Kentucky,2015-12-26,933
Kentucky,2014-12-27,1019
Kentucky,2019-12-28,1089
Kentucky,2018-12-29,934
Kentucky,2017-12-30,1077
Kentucky,2016-12-31,1023
Kentucky,2020-01-04,1093
Kentucky,2020-01-11,1058
Kentucky,2020-01-18,1041
Kentucky,2020-01-25,944
Kentucky,2020-02-01,978
Kentucky,2020-02-08,956
Kentucky,2020-02-15,955
Kentucky,2020-02-22,992
Kentucky,2020-02-29,1022
Kentucky,2020-03-07,1006
Kentucky,2020-03-14,1021
Kentucky,2020-03-21,949
Kentucky,2020-03-28,937
Kentucky,2020-04-04,1048
Kentucky,2020-04-11,1026
Kentucky,2020-04-18,960
Kentucky,2020-04-25,975
Kentucky,2020-05-02,998
Kentucky,2020-05-09,1006
Kentucky,2020-05-16,995
Kentucky,2020-05-23,998
Kentucky,2020-05-30,987
Kentucky,2020-06-06,918
Kentucky,2020-06-13,1002
Kentucky,2020-06-20,966
Kentucky,2020-06-27,937
Kentucky,2020-07-04,993
Kentucky,2020-07-11,1047
Kentucky,2020-07-18,936
Kentucky,2020-07-25,968
Kentucky,2020-08-01,1031
Kentucky,2020-08-08,1007
Kentucky,2020-08-15,1015
Kentucky,2020-08-22,1078
Kentucky,2020-08-29,1007
Kentucky,2020-09-05,1055
Kentucky,2020-09-12,1020
Kentucky,2020-09-19,1017
Kentucky,2020-09-26,1069
Kentucky,2020-10-03,1008
Kentucky,2020-10-10,1068
Kentucky,2020-10-17,1127
Kentucky,2020-10-24,1183
Kentucky,2020-10-31,1125
Kentucky,2020-11-07,1181
Kentucky,2020-11-14,1187
Kentucky,2020-11-21,1289
Kentucky,2020-11-28,1332
Kentucky,2020-12-05,1357
Kentucky,2020-12-12,1410
Kentucky,2020-12-19,1382
Kentucky,2020-12-26,1485
Kentucky,2021-01-02,1409
Kentucky,2021-01-09,1292
Kentucky,2021-01-16,1398
Kentucky,2021-01-23,1320
Kentucky,2021-01-30,1257
Kentucky,2021-02-06,1168
Kentucky,2021-02-13,1164
Kentucky,2021-02-20,1138
Kentucky,2021-02-27,1110
Kentucky,2021-03-06,1069
Kentucky,2021-03-13,1129
Kentucky,2021-03-20,1021
Kentucky,2021-03-27,1027
Kentucky,2021-04-03,982
Kentucky,2021-04-10,1057
Kentucky,2021-04-17,1033
Kentucky,2021-04-24,1027
Kentucky,2021-05-01,1001
Kentucky,2021-05-08,963
Kentucky,2021-05-15,937
Kentucky,2021-05-22,1031
Kentucky,2021-05-29,1017
Kentucky,2021-06-05,928
Kentucky,2021-06-12,936
Kentucky,2021-06-19,954
Kentucky,2021-06-26,891
Kentucky,2021-07-03,862
Kentucky,2021-07-10,837
Kentucky,2021-07-17,791
Kentucky,2021-07-24,698
Kentucky,2021-07-31,531
Kentucky,2021-08-07,222
Louisiana,2016-01-02,843
Louisiana,2015-01-03,952
Louisiana,2014-01-04,968
Louisiana,2019-01-05,900
Louisiana,2018-01-06,1149
Louisiana,2017-01-07,907
Louisiana,2016-01-09,879
Louisiana,2015-01-10,978
Louisiana,2014-01-11,1008
Louisiana,2019-01-12,918
Louisiana,2018-01-13,1126
Louisiana,2017-01-14,938
Louisiana,2016-01-16,831
Louisiana,2015-01-17,1022
Louisiana,2014-01-18,1013
Louisiana,2019-01-19,979
Louisiana,2018-01-20,1151
Louisiana,2017-01-21,897
Louisiana,2016-01-23,882
Louisiana,2015-01-24,939
Louisiana,2014-01-25,929
Louisiana,2019-01-26,947
Louisiana,2018-01-27,1024
Louisiana,2017-01-28,875
Louisiana,2016-01-30,913
Louisiana,2015-01-31,933
Louisiana,2014-02-01,911
Louisiana,2019-02-02,947
Louisiana,2018-02-03,1004
Louisiana,2017-02-04,935
Louisiana,2016-02-06,883
Louisiana,2015-02-07,895
Louisiana,2014-02-08,901
Louisiana,2019-02-09,959
Louisiana,2018-02-10,1038
Louisiana,2017-02-11,917
Louisiana,2016-02-13,902
Louisiana,2015-02-14,939
Louisiana,2014-02-15,940
Louisiana,2019-02-16,934
Louisiana,2018-02-17,978
Louisiana,2017-02-18,871
Louisiana,2016-02-20,874
Louisiana,2015-02-21,952
Louisiana,2014-02-22,915
Louisiana,2019-02-23,944
Louisiana,2018-02-24,884
Louisiana,2017-02-25,962
Louisiana,2016-02-27,862
Louisiana,2015-02-28,922
Louisiana,2014-03-01,908
Louisiana,2019-03-02,911
Louisiana,2018-03-03,792
Louisiana,2017-03-04,935
Louisiana,2016-03-05,892
Louisiana,2015-03-07,903
Louisiana,2014-03-08,872
Louisiana,2019-03-09,889
Louisiana,2018-03-10,834
Louisiana,2017-03-11,911
Louisiana,2016-03-12,929
Louisiana,2015-03-14,837
Louisiana,2014-03-15,801
Louisiana,2019-03-16,938
Louisiana,2018-03-17,888
Louisiana,2017-03-18,916
Louisiana,2016-03-19,818
Louisiana,2015-03-21,892
Louisiana,2014-03-22,834
Louisiana,2019-03-23,926
Louisiana,2018-03-24,867
Louisiana,2017-03-25,939
Louisiana,2016-03-26,878
Louisiana,2015-03-28,861
Louisiana,2014-03-29,852
Louisiana,2019-03-30,929
Louisiana,2018-03-31,834
Louisiana,2017-04-01,928
Louisiana,2016-04-02,876
Louisiana,2015-04-04,874
Louisiana,2014-04-05,835
Louisiana,2019-04-06,892
Louisiana,2018-04-07,886
Louisiana,2017-04-08,945
Louisiana,2016-04-09,861
Louisiana,2015-04-11,847
Louisiana,2014-04-12,883
Louisiana,2019-04-13,853
Louisiana,2018-04-14,832
Louisiana,2017-04-15,844
Louisiana,2016-04-16,874
Louisiana,2015-04-18,863
Louisiana,2014-04-19,840
Louisiana,2019-04-20,840
Louisiana,2018-04-21,867
Louisiana,2017-04-22,835
Louisiana,2016-04-23,863
Louisiana,2015-04-25,814
Louisiana,2014-04-26,819
Louisiana,2019-04-27,914
Louisiana,2018-04-28,907
Louisiana,2017-04-29,886
Louisiana,2016-04-30,870
Louisiana,2015-05-02,794
Louisiana,2014-05-03,871
Louisiana,2019-05-04,864
Louisiana,2018-05-05,846
Louisiana,2017-05-06,836
Louisiana,2016-05-07,819
Louisiana,2015-05-09,825
Louisiana,2014-05-10,866
Louisiana,2019-05-11,873
Louisiana,2018-05-12,891
Louisiana,2017-05-13,878
Louisiana,2016-05-14,863
Louisiana,2015-05-16,807
Louisiana,2014-05-17,748
Louisiana,2019-05-18,822
Louisiana,2018-05-19,877
Louisiana,2017-05-20,865
Louisiana,2016-05-21,855
Louisiana,2015-05-23,788
Louisiana,2014-05-24,842
Louisiana,2019-05-25,799
Louisiana,2018-05-26,889
Louisiana,2017-05-27,829
Louisiana,2016-05-28,820
Louisiana,2015-05-30,793
Louisiana,2014-05-31,820
Louisiana,2019-06-01,872
Louisiana,2018-06-02,828
Louisiana,2017-06-03,874
Louisiana,2016-06-04,771
Louisiana,2015-06-06,815
Louisiana,2014-06-07,792
Louisiana,2019-06-08,921
Louisiana,2018-06-09,881
Louisiana,2017-06-10,848
Louisiana,2016-06-11,842
Louisiana,2015-06-13,823
Louisiana,2014-06-14,791
Louisiana,2019-06-15,869
Louisiana,2018-06-16,820
Louisiana,2017-06-17,800
Louisiana,2016-06-18,833
Louisiana,2015-06-20,787
Louisiana,2014-06-21,764
Louisiana,2019-06-22,837
Louisiana,2018-06-23,805
Louisiana,2017-06-24,808
Louisiana,2016-06-25,791
Louisiana,2015-06-27,789
Louisiana,2014-06-28,809
Louisiana,2019-06-29,834
Louisiana,2018-06-30,853
Louisiana,2017-07-01,820
Louisiana,2016-07-02,808
Louisiana,2015-07-04,838
Louisiana,2014-07-05,832
Louisiana,2019-07-06,842
Louisiana,2018-07-07,831
Louisiana,2017-07-08,805
Louisiana,2016-07-09,820
Louisiana,2015-07-11,770
Louisiana,2014-07-12,807
Louisiana,2019-07-13,864
Louisiana,2018-07-14,853
Louisiana,2017-07-15,803
Louisiana,2016-07-16,794
Louisiana,2015-07-18,844
Louisiana,2014-07-19,811
Louisiana,2019-07-20,817
Louisiana,2018-07-21,805
Louisiana,2017-07-22,847
Louisiana,2016-07-23,836
Louisiana,2015-07-25,846
Louisiana,2014-07-26,828
Louisiana,2019-07-27,808
Louisiana,2018-07-28,842
Louisiana,2017-07-29,827
Louisiana,2016-07-30,812
Louisiana,2015-08-01,792
Louisiana,2014-08-02,836
Louisiana,2019-08-03,803
Louisiana,2018-08-04,847
Louisiana,2017-08-05,838
Louisiana,2016-08-06,808
Louisiana,2015-08-08,774
Louisiana,2014-08-09,757
Louisiana,2019-08-10,843
Louisiana,2018-08-11,824
Louisiana,2017-08-12,829
Louisiana,2016-08-13,814
Louisiana,2015-08-15,781
Louisiana,2014-08-16,784
Louisiana,2019-08-17,852
Louisiana,2018-08-18,825
Louisiana,2017-08-19,847
Louisiana,2016-08-20,873
Louisiana,2015-08-22,741
Louisiana,2014-08-23,759
Louisiana,2019-08-24,812
Louisiana,2018-08-25,862
Louisiana,2017-08-26,834
Louisiana,2016-08-27,822
Louisiana,2015-08-29,836
Louisiana,2014-08-30,806
Louisiana,2019-08-31,899
Louisiana,2018-09-01,801
Louisiana,2017-09-02,789
Louisiana,2016-09-03,814
Louisiana,2015-09-05,808
Louisiana,2014-09-06,742
Louisiana,2019-09-07,802
Louisiana,2018-09-08,813
Louisiana,2017-09-09,829
Louisiana,2016-09-10,805
Louisiana,2015-09-12,802
Louisiana,2014-09-13,782
Louisiana,2019-09-14,876
Louisiana,2018-09-15,855
Louisiana,2017-09-16,917
Louisiana,2016-09-17,877
Louisiana,2015-09-19,811
Louisiana,2014-09-20,762
Louisiana,2019-09-21,888
Louisiana,2018-09-22,860
Louisiana,2017-09-23,841
Louisiana,2016-09-24,832
Louisiana,2015-09-26,863
Louisiana,2014-09-27,828
Louisiana,2019-09-28,797
Louisiana,2018-09-29,820
Louisiana,2017-09-30,781
Louisiana,2016-10-01,843
Louisiana,2015-10-03,748
Louisiana,2014-10-04,794
Louisiana,2019-10-05,791
Louisiana,2018-10-06,800
Louisiana,2017-10-07,839
Louisiana,2016-10-08,901
Louisiana,2015-10-10,827
Louisiana,2014-10-11,820
Louisiana,2019-10-12,879
Louisiana,2018-10-13,805
Louisiana,2017-10-14,857
Louisiana,2016-10-15,848
Louisiana,2015-10-17,807
Louisiana,2014-10-18,822
Louisiana,2019-10-19,915
Louisiana,2018-10-20,810
Louisiana,2017-10-21,895
Louisiana,2016-10-22,814
Louisiana,2015-10-24,829
Louisiana,2014-10-25,783
Louisiana,2019-10-26,863
Louisiana,2018-10-27,840
Louisiana,2017-10-28,828
Louisiana,2016-10-29,856
Louisiana,2015-10-31,787
Louisiana,2014-11-01,831
Louisiana,2019-11-02,821
Louisiana,2018-11-03,870
Louisiana,2017-11-04,895
Louisiana,2016-11-05,812
Louisiana,2015-11-07,801
Louisiana,2014-11-08,846
Louisiana,2019-11-09,962
Louisiana,2018-11-10,888
Louisiana,2017-11-11,924
Louisiana,2016-11-12,822
Louisiana,2015-11-14,785
Louisiana,2014-11-15,853
Louisiana,2019-11-16,952
Louisiana,2018-11-17,860
Louisiana,2017-11-18,883
Louisiana,2016-11-19,882
Louisiana,2015-11-21,816
Louisiana,2014-11-22,878
Louisiana,2019-11-23,896
Louisiana,2018-11-24,898
Louisiana,2017-11-25,890
Louisiana,2016-11-26,824
Louisiana,2015-11-28,855
Louisiana,2014-11-29,867
Louisiana,2019-11-30,896
Louisiana,2018-12-01,926
Louisiana,2017-12-02,957
Louisiana,2016-12-03,894
Louisiana,2015-12-05,844
Louisiana,2014-12-06,906
Louisiana,2019-12-07,996
Louisiana,2018-12-08,967
Louisiana,2017-12-09,962
Louisiana,2016-12-10,833
Louisiana,2015-12-12,870
Louisiana,2014-12-13,879
Louisiana,2019-12-14,915
Louisiana,2018-12-15,974
Louisiana,2017-12-16,953
Louisiana,2016-12-17,862
Louisiana,2015-12-19,850
Louisiana,2014-12-20,901
Louisiana,2019-12-21,970
Louisiana,2018-12-22,917
Louisiana,2017-12-23,1008
Louisiana,2016-12-24,907
Louisiana,2015-12-26,860
Louisiana,2014-12-27,908
Louisiana,2019-12-28,891
Louisiana,2018-12-29,892
Louisiana,2017-12-30,1091
Louisiana,2016-12-31,839
Louisiana,2020-01-04,927
Louisiana,2020-01-11,967
Louisiana,2020-01-18,960
Louisiana,2020-01-25,970
Louisiana,2020-02-01,977
Louisiana,2020-02-08,956
Louisiana,2020-02-15,951
Louisiana,2020-02-22,950
Louisiana,2020-02-29,993
Louisiana,2020-03-07,964
Louisiana,2020-03-14,994
Louisiana,2020-03-21,955
Louisiana,2020-03-28,1233
Louisiana,2020-04-04,1390
Louisiana,2020-04-11,1529
Louisiana,2020-04-18,1360
Louisiana,2020-04-25,1248
Louisiana,2020-05-02,1171
Louisiana,2020-05-09,1129
Louisiana,2020-05-16,1105
Louisiana,2020-05-23,1052
Louisiana,2020-05-30,1054
Louisiana,2020-06-06,1016
Louisiana,2020-06-13,951
Louisiana,2020-06-20,1004
Louisiana,2020-06-27,998
Louisiana,2020-07-04,985
Louisiana,2020-07-11,1061
Louisiana,2020-07-18,1152
Louisiana,2020-07-25,1213
Louisiana,2020-08-01,1205
Louisiana,2020-08-08,1243
Louisiana,2020-08-15,1181
Louisiana,2020-08-22,1132
Louisiana,2020-08-29,1098
Louisiana,2020-09-05,1110
Louisiana,2020-09-12,1027
Louisiana,2020-09-19,1040
Louisiana,2020-09-26,991
Louisiana,2020-10-03,1036
Louisiana,2020-10-10,1044
Louisiana,2020-10-17,991
Louisiana,2020-10-24,1008
Louisiana,2020-10-31,951
Louisiana,2020-11-07,1052
Louisiana,2020-11-14,1056
Louisiana,2020-11-21,1068
Louisiana,2020-11-28,1084
Louisiana,2020-12-05,1103
Louisiana,2020-12-12,1238
Louisiana,2020-12-19,1207
Louisiana,2020-12-26,1240
Louisiana,2021-01-02,1251
Louisiana,2021-01-09,1396
Louisiana,2021-01-16,1404
Louisiana,2021-01-23,1362
Louisiana,2021-01-30,1247
Louisiana,2021-02-06,1194
Louisiana,2021-02-13,1161
Louisiana,2021-02-20,1158
Louisiana,2021-02-27,1101
Louisiana,2021-03-06,1071
Louisiana,2021-03-13,1042
Louisiana,2021-03-20,1002
Louisiana,2021-03-27,1015
Louisiana,2021-04-03,981
Louisiana,2021-04-10,959
Louisiana,2021-04-17,968
Louisiana,2021-04-24,987
Louisiana,2021-05-01,968
Louisiana,2021-05-08,912
Louisiana,2021-05-15,910
Louisiana,2021-05-22,908
Louisiana,2021-05-29,894
Louisiana,2021-06-05,922
Louisiana,2021-06-12,899
Louisiana,2021-06-19,869
Louisiana,2021-06-26,855
Louisiana,2021-07-03,782
Louisiana,2021-07-10,781
Louisiana,2021-07-17,787
Louisiana,2021-07-24,727
Louisiana,2021-07-31,574
Louisiana,2021-08-07,340
Maine,2016-01-02,268
Maine,2015-01-03,287
Maine,2014-01-04,254
Maine,2019-01-05,310
Maine,2018-01-06,320
Maine,2017-01-07,260
Maine,2016-01-09,250
Maine,2015-01-10,330
Maine,2014-01-11,294
Maine,2019-01-12,285
Maine,2018-01-13,313
Maine,2017-01-14,280
Maine,2016-01-16,279
Maine,2015-01-17,310
Maine,2014-01-18,249
Maine,2019-01-19,321
Maine,2018-01-20,296
Maine,2017-01-21,303
Maine,2016-01-23,272
Maine,2015-01-24,287
Maine,2014-01-25,230
Maine,2019-01-26,309
Maine,2018-01-27,301
Maine,2017-01-28,302
Maine,2016-01-30,270
Maine,2015-01-31,314
Maine,2014-02-01,243
Maine,2019-02-02,271
Maine,2018-02-03,296
Maine,2017-02-04,264
Maine,2016-02-06,237
Maine,2015-02-07,338
Maine,2014-02-08,263
Maine,2019-02-09,295
Maine,2018-02-10,300
Maine,2017-02-11,292
Maine,2016-02-13,261
Maine,2015-02-14,292
Maine,2014-02-15,254
Maine,2019-02-16,283
Maine,2018-02-17,301
Maine,2017-02-18,279
Maine,2016-02-20,278
Maine,2015-02-21,312
Maine,2014-02-22,263
Maine,2019-02-23,314
Maine,2018-02-24,295
Maine,2017-02-25,295
Maine,2016-02-27,260
Maine,2015-02-28,306
Maine,2014-03-01,245
Maine,2019-03-02,291
Maine,2018-03-03,273
Maine,2017-03-04,280
Maine,2016-03-05,288
Maine,2015-03-07,276
Maine,2014-03-08,280
Maine,2019-03-09,330
Maine,2018-03-10,269
Maine,2017-03-11,308
Maine,2016-03-12,283
Maine,2015-03-14,312
Maine,2014-03-15,281
Maine,2019-03-16,298
Maine,2018-03-17,300
Maine,2017-03-18,327
Maine,2016-03-19,249
Maine,2015-03-21,298
Maine,2014-03-22,277
Maine,2019-03-23,312
Maine,2018-03-24,281
Maine,2017-03-25,284
Maine,2016-03-26,286
Maine,2015-03-28,281
Maine,2014-03-29,264
Maine,2019-03-30,328
Maine,2018-03-31,278
Maine,2017-04-01,319
Maine,2016-04-02,270
Maine,2015-04-04,284
Maine,2014-04-05,280
Maine,2019-04-06,298
Maine,2018-04-07,276
Maine,2017-04-08,325
Maine,2016-04-09,296
Maine,2015-04-11,273
Maine,2014-04-12,260
Maine,2019-04-13,294
Maine,2018-04-14,322
Maine,2017-04-15,295
Maine,2016-04-16,271
Maine,2015-04-18,284
Maine,2014-04-19,263
Maine,2019-04-20,284
Maine,2018-04-21,270
Maine,2017-04-22,273
Maine,2016-04-23,266
Maine,2015-04-25,259
Maine,2014-04-26,244
Maine,2019-04-27,294
Maine,2018-04-28,301
Maine,2017-04-29,288
Maine,2016-04-30,250
Maine,2015-05-02,274
Maine,2014-05-03,264
Maine,2019-05-04,287
Maine,2018-05-05,260
Maine,2017-05-06,254
Maine,2016-05-07,305
Maine,2015-05-09,280
Maine,2014-05-10,264
Maine,2019-05-11,295
Maine,2018-05-12,238
Maine,2017-05-13,270
Maine,2016-05-14,278
Maine,2015-05-16,259
Maine,2014-05-17,264
Maine,2019-05-18,253
Maine,2018-05-19,243
Maine,2017-05-20,285
Maine,2016-05-21,290
Maine,2015-05-23,258
Maine,2014-05-24,241
Maine,2019-05-25,261
Maine,2018-05-26,281
Maine,2017-05-27,257
Maine,2016-05-28,293
Maine,2015-05-30,262
Maine,2014-05-31,255
Maine,2019-06-01,262
Maine,2018-06-02,265
Maine,2017-06-03,253
Maine,2016-06-04,245
Maine,2015-06-06,251
Maine,2014-06-07,242
Maine,2019-06-08,260
Maine,2018-06-09,236
Maine,2017-06-10,262
Maine,2016-06-11,246
Maine,2015-06-13,247
Maine,2014-06-14,247
Maine,2019-06-15,279
Maine,2018-06-16,249
Maine,2017-06-17,255
Maine,2016-06-18,289
Maine,2015-06-20,222
Maine,2014-06-21,246
Maine,2019-06-22,274
Maine,2018-06-23,244
Maine,2017-06-24,281
Maine,2016-06-25,268
Maine,2015-06-27,245
Maine,2014-06-28,223
Maine,2019-06-29,256
Maine,2018-06-30,285
Maine,2017-07-01,264
Maine,2016-07-02,250
Maine,2015-07-04,261
Maine,2014-07-05,276
Maine,2019-07-06,294
Maine,2018-07-07,262
Maine,2017-07-08,236
Maine,2016-07-09,260
Maine,2015-07-11,276
Maine,2014-07-12,263
Maine,2019-07-13,254
Maine,2018-07-14,265
Maine,2017-07-15,258
Maine,2016-07-16,262
Maine,2015-07-18,255
Maine,2014-07-19,244
Maine,2019-07-20,275
Maine,2018-07-21,273
Maine,2017-07-22,271
Maine,2016-07-23,260
Maine,2015-07-25,237
Maine,2014-07-26,227
Maine,2019-07-27,268
Maine,2018-07-28,256
Maine,2017-07-29,231
Maine,2016-07-30,253
Maine,2015-08-01,280
Maine,2014-08-02,247
Maine,2019-08-03,274
Maine,2018-08-04,249
Maine,2017-08-05,282
Maine,2016-08-06,249
Maine,2015-08-08,266
Maine,2014-08-09,242
Maine,2019-08-10,260
Maine,2018-08-11,264
Maine,2017-08-12,294
Maine,2016-08-13,276
Maine,2015-08-15,262
Maine,2014-08-16,230
Maine,2019-08-17,277
Maine,2018-08-18,263
Maine,2017-08-19,262
Maine,2016-08-20,267
Maine,2015-08-22,245
Maine,2014-08-23,235
Maine,2019-08-24,278
Maine,2018-08-25,257
Maine,2017-08-26,248
Maine,2016-08-27,233
Maine,2015-08-29,270
Maine,2014-08-30,237
Maine,2019-08-31,272
Maine,2018-09-01,269
Maine,2017-09-02,246
Maine,2016-09-03,245
Maine,2015-09-05,250
Maine,2014-09-06,205
Maine,2019-09-07,266
Maine,2018-09-08,269
Maine,2017-09-09,270
Maine,2016-09-10,227
Maine,2015-09-12,277
Maine,2014-09-13,220
Maine,2019-09-14,260
Maine,2018-09-15,262
Maine,2017-09-16,297
Maine,2016-09-17,263
Maine,2015-09-19,273
Maine,2014-09-20,264
Maine,2019-09-21,293
Maine,2018-09-22,283
Maine,2017-09-23,260
Maine,2016-09-24,252
Maine,2015-09-26,276
Maine,2014-09-27,272
Maine,2019-09-28,287
Maine,2018-09-29,289
Maine,2017-09-30,279
Maine,2016-10-01,286
Maine,2015-10-03,275
Maine,2014-10-04,252
Maine,2019-10-05,267
Maine,2018-10-06,283
Maine,2017-10-07,275
Maine,2016-10-08,243
Maine,2015-10-10,282
Maine,2014-10-11,285
Maine,2019-10-12,279
Maine,2018-10-13,294
Maine,2017-10-14,284
Maine,2016-10-15,300
Maine,2015-10-17,263
Maine,2014-10-18,245
Maine,2019-10-19,276
Maine,2018-10-20,294
Maine,2017-10-21,274
Maine,2016-10-22,271
Maine,2015-10-24,268
Maine,2014-10-25,255
Maine,2019-10-26,299
Maine,2018-10-27,269
Maine,2017-10-28,242
Maine,2016-10-29,260
Maine,2015-10-31,290
Maine,2014-11-01,267
Maine,2019-11-02,308
Maine,2018-11-03,283
Maine,2017-11-04,263
Maine,2016-11-05,313
Maine,2015-11-07,274
Maine,2014-11-08,264
Maine,2019-11-09,277
Maine,2018-11-10,295
Maine,2017-11-11,270
Maine,2016-11-12,281
Maine,2015-11-14,267
Maine,2014-11-15,252
Maine,2019-11-16,309
Maine,2018-11-17,277
Maine,2017-11-18,300
Maine,2016-11-19,274
Maine,2015-11-21,250
Maine,2014-11-22,269
Maine,2019-11-23,289
Maine,2018-11-24,299
Maine,2017-11-25,290
Maine,2016-11-26,259
Maine,2015-11-28,267
Maine,2014-11-29,281
Maine,2019-11-30,273
Maine,2018-12-01,285
Maine,2017-12-02,317
Maine,2016-12-03,282
Maine,2015-12-05,270
Maine,2014-12-06,250
Maine,2019-12-07,280
Maine,2018-12-08,299
Maine,2017-12-09,289
Maine,2016-12-10,313
Maine,2015-12-12,285
Maine,2014-12-13,301
Maine,2019-12-14,299
Maine,2018-12-15,270
Maine,2017-12-16,287
Maine,2016-12-17,288
Maine,2015-12-19,233
Maine,2014-12-20,298
Maine,2019-12-21,273
Maine,2018-12-22,301
Maine,2017-12-23,293
Maine,2016-12-24,293
Maine,2015-12-26,272
Maine,2014-12-27,248
Maine,2019-12-28,288
Maine,2018-12-29,304
Maine,2017-12-30,269
Maine,2016-12-31,255
Maine,2020-01-04,320
Maine,2020-01-11,318
Maine,2020-01-18,295
Maine,2020-01-25,308
Maine,2020-02-01,288
Maine,2020-02-08,316
Maine,2020-02-15,329
Maine,2020-02-22,299
Maine,2020-02-29,292
Maine,2020-03-07,313
Maine,2020-03-14,301
Maine,2020-03-21,277
Maine,2020-03-28,279
Maine,2020-04-04,300
Maine,2020-04-11,304
Maine,2020-04-18,310
Maine,2020-04-25,285
Maine,2020-05-02,277
Maine,2020-05-09,293
Maine,2020-05-16,256
Maine,2020-05-23,267
Maine,2020-05-30,302
Maine,2020-06-06,255
Maine,2020-06-13,254
Maine,2020-06-20,275
Maine,2020-06-27,299
Maine,2020-07-04,280
Maine,2020-07-11,289
Maine,2020-07-18,294
Maine,2020-07-25,282
Maine,2020-08-01,283
Maine,2020-08-08,276
Maine,2020-08-15,280
Maine,2020-08-22,312
Maine,2020-08-29,285
Maine,2020-09-05,289
Maine,2020-09-12,319
Maine,2020-09-19,299
Maine,2020-09-26,309
Maine,2020-10-03,289
Maine,2020-10-10,302
Maine,2020-10-17,275
Maine,2020-10-24,275
Maine,2020-10-31,275
Maine,2020-11-07,334
Maine,2020-11-14,323
Maine,2020-11-21,307
Maine,2020-11-28,349
Maine,2020-12-05,342
Maine,2020-12-12,353
Maine,2020-12-19,324
Maine,2020-12-26,347
Maine,2021-01-02,350
Maine,2021-01-09,344
Maine,2021-01-16,362
Maine,2021-01-23,335
Maine,2021-01-30,356
Maine,2021-02-06,302
Maine,2021-02-13,327
Maine,2021-02-20,289
Maine,2021-02-27,280
Maine,2021-03-06,327
Maine,2021-03-13,284
Maine,2021-03-20,246
Maine,2021-03-27,266
Maine,2021-04-03,309
Maine,2021-04-10,286
Maine,2021-04-17,307
Maine,2021-04-24,290
Maine,2021-05-01,303
Maine,2021-05-08,295
Maine,2021-05-15,293
Maine,2021-05-22,336
Maine,2021-05-29,312
Maine,2021-06-05,294
Maine,2021-06-12,323
Maine,2021-06-19,293
Maine,2021-06-26,314
Maine,2021-07-03,314
Maine,2021-07-10,318
Maine,2021-07-17,304
Maine,2021-07-24,284
Maine,2021-07-31,278
Maine,2021-08-07,220
Maryland,2016-01-02,896
Maryland,2015-01-03,1115
Maryland,2014-01-04,932
Maryland,2019-01-05,1041
Maryland,2018-01-06,1105
Maryland,2017-01-07,1028
Maryland,2016-01-09,956
Maryland,2015-01-10,1121
Maryland,2014-01-11,975
Maryland,2019-01-12,997
Maryland,2018-01-13,1184
Maryland,2017-01-14,1076
Maryland,2016-01-16,981
Maryland,2015-01-17,1088
Maryland,2014-01-18,931
Maryland,2019-01-19,982
Maryland,2018-01-20,1092
Maryland,2017-01-21,1084
Maryland,2016-01-23,902
Maryland,2015-01-24,1075
Maryland,2014-01-25,932
Maryland,2019-01-26,1022
Maryland,2018-01-27,1103
Maryland,2017-01-28,989
Maryland,2016-01-30,1011
Maryland,2015-01-31,1038
Maryland,2014-02-01,924
Maryland,2019-02-02,1103
Maryland,2018-02-03,1012
Maryland,2017-02-04,1019
Maryland,2016-02-06,996
Maryland,2015-02-07,971
Maryland,2014-02-08,948
Maryland,2019-02-09,1062
Maryland,2018-02-10,1054
Maryland,2017-02-11,1034
Maryland,2016-02-13,1001
Maryland,2015-02-14,975
Maryland,2014-02-15,994
Maryland,2019-02-16,952
Maryland,2018-02-17,1057
Maryland,2017-02-18,1078
Maryland,2016-02-20,936
Maryland,2015-02-21,1030
Maryland,2014-02-22,937
Maryland,2019-02-23,939
Maryland,2018-02-24,1080
Maryland,2017-02-25,1074
Maryland,2016-02-27,943
Maryland,2015-02-28,993
Maryland,2014-03-01,942
Maryland,2019-03-02,1090
Maryland,2018-03-03,987
Maryland,2017-03-04,993
Maryland,2016-03-05,941
Maryland,2015-03-07,921
Maryland,2014-03-08,932
Maryland,2019-03-09,1032
Maryland,2018-03-10,999
Maryland,2017-03-11,981
Maryland,2016-03-12,971
Maryland,2015-03-14,958
Maryland,2014-03-15,911
Maryland,2019-03-16,1035
Maryland,2018-03-17,1007
Maryland,2017-03-18,948
Maryland,2016-03-19,894
Maryland,2015-03-21,937
Maryland,2014-03-22,886
Maryland,2019-03-23,1043
Maryland,2018-03-24,915
Maryland,2017-03-25,1032
Maryland,2016-03-26,916
Maryland,2015-03-28,930
Maryland,2014-03-29,885
Maryland,2019-03-30,1024
Maryland,2018-03-31,1001
Maryland,2017-04-01,993
Maryland,2016-04-02,935
Maryland,2015-04-04,870
Maryland,2014-04-05,878
Maryland,2019-04-06,1049
Maryland,2018-04-07,936
Maryland,2017-04-08,979
Maryland,2016-04-09,977
Maryland,2015-04-11,903
Maryland,2014-04-12,863
Maryland,2019-04-13,998
Maryland,2018-04-14,1016
Maryland,2017-04-15,983
Maryland,2016-04-16,927
Maryland,2015-04-18,849
Maryland,2014-04-19,856
Maryland,2019-04-20,984
Maryland,2018-04-21,928
Maryland,2017-04-22,935
Maryland,2016-04-23,942
Maryland,2015-04-25,889
Maryland,2014-04-26,888
Maryland,2019-04-27,938
Maryland,2018-04-28,920
Maryland,2017-04-29,945
Maryland,2016-04-30,918
Maryland,2015-05-02,930
Maryland,2014-05-03,864
Maryland,2019-05-04,1010
Maryland,2018-05-05,917
Maryland,2017-05-06,925
Maryland,2016-05-07,850
Maryland,2015-05-09,910
Maryland,2014-05-10,852
Maryland,2019-05-11,896
Maryland,2018-05-12,936
Maryland,2017-05-13,881
Maryland,2016-05-14,916
Maryland,2015-05-16,860
Maryland,2014-05-17,819
Maryland,2019-05-18,931
Maryland,2018-05-19,858
Maryland,2017-05-20,923
Maryland,2016-05-21,910
Maryland,2015-05-23,839
Maryland,2014-05-24,817
Maryland,2019-05-25,916
Maryland,2018-05-26,899
Maryland,2017-05-27,898
Maryland,2016-05-28,947
Maryland,2015-05-30,853
Maryland,2014-05-31,839
Maryland,2019-06-01,899
Maryland,2018-06-02,858
Maryland,2017-06-03,856
Maryland,2016-06-04,926
Maryland,2015-06-06,869
Maryland,2014-06-07,861
Maryland,2019-06-08,885
Maryland,2018-06-09,986
Maryland,2017-06-10,913
Maryland,2016-06-11,883
Maryland,2015-06-13,881
Maryland,2014-06-14,820
Maryland,2019-06-15,963
Maryland,2018-06-16,865
Maryland,2017-06-17,927
Maryland,2016-06-18,948
Maryland,2015-06-20,896
Maryland,2014-06-21,791
Maryland,2019-06-22,930
Maryland,2018-06-23,870
Maryland,2017-06-24,891
Maryland,2016-06-25,866
Maryland,2015-06-27,852
Maryland,2014-06-28,841
Maryland,2019-06-29,920
Maryland,2018-06-30,949
Maryland,2017-07-01,906
Maryland,2016-07-02,847
Maryland,2015-07-04,868
Maryland,2014-07-05,824
Maryland,2019-07-06,903
Maryland,2018-07-07,957
Maryland,2017-07-08,872
Maryland,2016-07-09,918
Maryland,2015-07-11,862
Maryland,2014-07-12,861
Maryland,2019-07-13,870
Maryland,2018-07-14,897
Maryland,2017-07-15,906
Maryland,2016-07-16,892
Maryland,2015-07-18,827
Maryland,2014-07-19,814
Maryland,2019-07-20,951
Maryland,2018-07-21,931
Maryland,2017-07-22,848
Maryland,2016-07-23,894
Maryland,2015-07-25,842
Maryland,2014-07-26,821
Maryland,2019-07-27,914
Maryland,2018-07-28,864
Maryland,2017-07-29,878
Maryland,2016-07-30,861
Maryland,2015-08-01,880
Maryland,2014-08-02,841
Maryland,2019-08-03,896
Maryland,2018-08-04,943
Maryland,2017-08-05,858
Maryland,2016-08-06,929
Maryland,2015-08-08,814
Maryland,2014-08-09,828
Maryland,2019-08-10,930
Maryland,2018-08-11,862
Maryland,2017-08-12,880
Maryland,2016-08-13,865
Maryland,2015-08-15,867
Maryland,2014-08-16,799
Maryland,2019-08-17,900
Maryland,2018-08-18,900
Maryland,2017-08-19,923
Maryland,2016-08-20,913
Maryland,2015-08-22,868
Maryland,2014-08-23,830
Maryland,2019-08-24,877
Maryland,2018-08-25,875
Maryland,2017-08-26,912
Maryland,2016-08-27,910
Maryland,2015-08-29,801
Maryland,2014-08-30,825
Maryland,2019-08-31,916
Maryland,2018-09-01,903
Maryland,2017-09-02,861
Maryland,2016-09-03,899
Maryland,2015-09-05,828
Maryland,2014-09-06,818
Maryland,2019-09-07,925
Maryland,2018-09-08,875
Maryland,2017-09-09,937
Maryland,2016-09-10,912
Maryland,2015-09-12,843
Maryland,2014-09-13,785
Maryland,2019-09-14,883
Maryland,2018-09-15,872
Maryland,2017-09-16,947
Maryland,2016-09-17,940
Maryland,2015-09-19,822
Maryland,2014-09-20,853
Maryland,2019-09-21,902
Maryland,2018-09-22,908
Maryland,2017-09-23,886
Maryland,2016-09-24,823
Maryland,2015-09-26,814
Maryland,2014-09-27,809
Maryland,2019-09-28,916
Maryland,2018-09-29,883
Maryland,2017-09-30,893
Maryland,2016-10-01,892
Maryland,2015-10-03,859
Maryland,2014-10-04,873
Maryland,2019-10-05,891
Maryland,2018-10-06,960
Maryland,2017-10-07,912
Maryland,2016-10-08,911
Maryland,2015-10-10,901
Maryland,2014-10-11,912
Maryland,2019-10-12,939
Maryland,2018-10-13,894
Maryland,2017-10-14,903
Maryland,2016-10-15,927
Maryland,2015-10-17,887
Maryland,2014-10-18,864
Maryland,2019-10-19,981
Maryland,2018-10-20,979
Maryland,2017-10-21,914
Maryland,2016-10-22,985
Maryland,2015-10-24,872
Maryland,2014-10-25,859
Maryland,2019-10-26,988
Maryland,2018-10-27,977
Maryland,2017-10-28,971
Maryland,2016-10-29,936
Maryland,2015-10-31,950
Maryland,2014-11-01,834
Maryland,2019-11-02,940
Maryland,2018-11-03,1021
Maryland,2017-11-04,888
Maryland,2016-11-05,919
Maryland,2015-11-07,900
Maryland,2014-11-08,851
Maryland,2019-11-09,998
Maryland,2018-11-10,929
Maryland,2017-11-11,983
Maryland,2016-11-12,921
Maryland,2015-11-14,850
Maryland,2014-11-15,871
Maryland,2019-11-16,1024
Maryland,2018-11-17,962
Maryland,2017-11-18,971
Maryland,2016-11-19,949
Maryland,2015-11-21,872
Maryland,2014-11-22,904
Maryland,2019-11-23,1035
Maryland,2018-11-24,959
Maryland,2017-11-25,938
Maryland,2016-11-26,980
Maryland,2015-11-28,859
Maryland,2014-11-29,947
Maryland,2019-11-30,1023
Maryland,2018-12-01,1003
Maryland,2017-12-02,982
Maryland,2016-12-03,1010
Maryland,2015-12-05,936
Maryland,2014-12-06,966
Maryland,2019-12-07,973
Maryland,2018-12-08,1020
Maryland,2017-12-09,950
Maryland,2016-12-10,931
Maryland,2015-12-12,931
Maryland,2014-12-13,973
Maryland,2019-12-14,1000
Maryland,2018-12-15,1021
Maryland,2017-12-16,993
Maryland,2016-12-17,927
Maryland,2015-12-19,907
Maryland,2014-12-20,998
Maryland,2019-12-21,962
Maryland,2018-12-22,1102
Maryland,2017-12-23,1052
Maryland,2016-12-24,1039
Maryland,2015-12-26,897
Maryland,2014-12-27,989
Maryland,2019-12-28,1053
Maryland,2018-12-29,987
Maryland,2017-12-30,1039
Maryland,2016-12-31,998
Maryland,2020-01-04,1049
Maryland,2020-01-11,1035
Maryland,2020-01-18,988
Maryland,2020-01-25,1003
Maryland,2020-02-01,1034
Maryland,2020-02-08,1004
Maryland,2020-02-15,1019
Maryland,2020-02-22,973
Maryland,2020-02-29,1082
Maryland,2020-03-07,1049
Maryland,2020-03-14,1005
Maryland,2020-03-21,1064
Maryland,2020-03-28,1092
Maryland,2020-04-04,1191
Maryland,2020-04-11,1353
Maryland,2020-04-18,1357
Maryland,2020-04-25,1538
Maryland,2020-05-02,1523
Maryland,2020-05-09,1445
Maryland,2020-05-16,1431
Maryland,2020-05-23,1336
Maryland,2020-05-30,1265
Maryland,2020-06-06,1167
Maryland,2020-06-13,1158
Maryland,2020-06-20,1070
Maryland,2020-06-27,1031
Maryland,2020-07-04,1051
Maryland,2020-07-11,1031
Maryland,2020-07-18,1026
Maryland,2020-07-25,1002
Maryland,2020-08-01,1067
Maryland,2020-08-08,1007
Maryland,2020-08-15,1064
Maryland,2020-08-22,1002
Maryland,2020-08-29,1040
Maryland,2020-09-05,1046
Maryland,2020-09-12,996
Maryland,2020-09-19,991
Maryland,2020-09-26,1071
Maryland,2020-10-03,1074
Maryland,2020-10-10,1086
Maryland,2020-10-17,1052
Maryland,2020-10-24,1101
Maryland,2020-10-31,1071
Maryland,2020-11-07,1088
Maryland,2020-11-14,1106
Maryland,2020-11-21,1224
Maryland,2020-11-28,1185
Maryland,2020-12-05,1258
Maryland,2020-12-12,1378
Maryland,2020-12-19,1432
Maryland,2020-12-26,1337
Maryland,2021-01-02,1477
Maryland,2021-01-09,1364
Maryland,2021-01-16,1426
Maryland,2021-01-23,1366
Maryland,2021-01-30,1321
Maryland,2021-02-06,1273
Maryland,2021-02-13,1295
Maryland,2021-02-20,1170
Maryland,2021-02-27,1176
Maryland,2021-03-06,1145
Maryland,2021-03-13,1095
Maryland,2021-03-20,1142
Maryland,2021-03-27,1113
Maryland,2021-04-03,1062
Maryland,2021-04-10,1158
Maryland,2021-04-17,1035
Maryland,2021-04-24,1103
Maryland,2021-05-01,1079
Maryland,2021-05-08,1017
Maryland,2021-05-15,1051
Maryland,2021-05-22,1010
Maryland,2021-05-29,1030
Maryland,2021-06-05,1019
Maryland,2021-06-12,899
Maryland,2021-06-19,948
Maryland,2021-06-26,913
Maryland,2021-07-03,978
Maryland,2021-07-10,874
Maryland,2021-07-17,916
Maryland,2021-07-24,906
Maryland,2021-07-31,855
Maryland,2021-08-07,622
Massachusetts,2016-01-02,1041
Massachusetts,2015-01-03,1178
Massachusetts,2014-01-04,1074
Massachusetts,2019-01-05,1205
Massachusetts,2018-01-06,1372
Massachusetts,2017-01-07,1245
Massachusetts,2016-01-09,1121
Massachusetts,2015-01-10,1302
Massachusetts,2014-01-11,1145
Massachusetts,2019-01-12,1263
Massachusetts,2018-01-13,1452
Massachusetts,2017-01-14,1306
Massachusetts,2016-01-16,1130
Massachusetts,2015-01-17,1329
Massachusetts,2014-01-18,1125
Massachusetts,2019-01-19,1290
Massachusetts,2018-01-20,1309
Massachusetts,2017-01-21,1282
Massachusetts,2016-01-23,1139
Massachusetts,2015-01-24,1347
Massachusetts,2014-01-25,1183
Massachusetts,2019-01-26,1269
Massachusetts,2018-01-27,1249
Massachusetts,2017-01-28,1236
Massachusetts,2016-01-30,1155
Massachusetts,2015-01-31,1402
Massachusetts,2014-02-01,1090
Massachusetts,2019-02-02,1268
Massachusetts,2018-02-03,1272
Massachusetts,2017-02-04,1293
Massachusetts,2016-02-06,1201
Massachusetts,2015-02-07,1400
Massachusetts,2014-02-08,1125
Massachusetts,2019-02-09,1243
Massachusetts,2018-02-10,1280
Massachusetts,2017-02-11,1258
Massachusetts,2016-02-13,1177
Massachusetts,2015-02-14,1347
Massachusetts,2014-02-15,1215
Massachusetts,2019-02-16,1268
Massachusetts,2018-02-17,1272
Massachusetts,2017-02-18,1376
Massachusetts,2016-02-20,1147
Massachusetts,2015-02-21,1299
Massachusetts,2014-02-22,1163
Massachusetts,2019-02-23,1202
Massachusetts,2018-02-24,1207
Massachusetts,2017-02-25,1300
Massachusetts,2016-02-27,1191
Massachusetts,2015-02-28,1222
Massachusetts,2014-03-01,1159
Massachusetts,2019-03-02,1277
Massachusetts,2018-03-03,1227
Massachusetts,2017-03-04,1244
Massachusetts,2016-03-05,1153
Massachusetts,2015-03-07,1239
Massachusetts,2014-03-08,1186
Massachusetts,2019-03-09,1197
Massachusetts,2018-03-10,1233
Massachusetts,2017-03-11,1250
Massachusetts,2016-03-12,1144
Massachusetts,2015-03-14,1248
Massachusetts,2014-03-15,1123
Massachusetts,2019-03-16,1151
Massachusetts,2018-03-17,1143
Massachusetts,2017-03-18,1183
Massachusetts,2016-03-19,1166
Massachusetts,2015-03-21,1204
Massachusetts,2014-03-22,1147
Massachusetts,2019-03-23,1111
Massachusetts,2018-03-24,1185
Massachusetts,2017-03-25,1136
Massachusetts,2016-03-26,1160
Massachusetts,2015-03-28,1210
Massachusetts,2014-03-29,1086
Massachusetts,2019-03-30,1223
Massachusetts,2018-03-31,1187
Massachusetts,2017-04-01,1219
Massachusetts,2016-04-02,1233
Massachusetts,2015-04-04,1216
Massachusetts,2014-04-05,1111
Massachusetts,2019-04-06,1210
Massachusetts,2018-04-07,1172
Massachusetts,2017-04-08,1218
Massachusetts,2016-04-09,1172
Massachusetts,2015-04-11,1190
Massachusetts,2014-04-12,1198
Massachusetts,2019-04-13,1165
Massachusetts,2018-04-14,1148
Massachusetts,2017-04-15,1230
Massachusetts,2016-04-16,1150
Massachusetts,2015-04-18,1188
Massachusetts,2014-04-19,1148
Massachusetts,2019-04-20,1214
Massachusetts,2018-04-21,1139
Massachusetts,2017-04-22,1089
Massachusetts,2016-04-23,1105
Massachusetts,2015-04-25,1156
Massachusetts,2014-04-26,1143
Massachusetts,2019-04-27,1085
Massachusetts,2018-04-28,1105
Massachusetts,2017-04-29,1142
Massachusetts,2016-04-30,1107
Massachusetts,2015-05-02,1152
Massachusetts,2014-05-03,1120
Massachusetts,2019-05-04,1104
Massachusetts,2018-05-05,1157
Massachusetts,2017-05-06,1153
Massachusetts,2016-05-07,1094
Massachusetts,2015-05-09,1184
Massachusetts,2014-05-10,1117
Massachusetts,2019-05-11,1077
Massachusetts,2018-05-12,1133
Massachusetts,2017-05-13,1040
Massachusetts,2016-05-14,1095
Massachusetts,2015-05-16,1100
Massachusetts,2014-05-17,1062
Massachusetts,2019-05-18,1045
Massachusetts,2018-05-19,1112
Massachusetts,2017-05-20,1106
Massachusetts,2016-05-21,1019
Massachusetts,2015-05-23,1044
Massachusetts,2014-05-24,1060
Massachusetts,2019-05-25,1066
Massachusetts,2018-05-26,1099
Massachusetts,2017-05-27,1037
Massachusetts,2016-05-28,1121
Massachusetts,2015-05-30,1081
Massachusetts,2014-05-31,1041
Massachusetts,2019-06-01,1093
Massachusetts,2018-06-02,1138
Massachusetts,2017-06-03,1084
Massachusetts,2016-06-04,1063
Massachusetts,2015-06-06,1000
Massachusetts,2014-06-07,951
Massachusetts,2019-06-08,1098
Massachusetts,2018-06-09,1109
Massachusetts,2017-06-10,1022
Massachusetts,2016-06-11,1055
Massachusetts,2015-06-13,1083
Massachusetts,2014-06-14,1052
Massachusetts,2019-06-15,1043
Massachusetts,2018-06-16,1095
Massachusetts,2017-06-17,1075
Massachusetts,2016-06-18,1082
Massachusetts,2015-06-20,1076
Massachusetts,2014-06-21,1029
Massachusetts,2019-06-22,1061
Massachusetts,2018-06-23,1046
Massachusetts,2017-06-24,1090
Massachusetts,2016-06-25,1058
Massachusetts,2015-06-27,1015
Massachusetts,2014-06-28,1009
Massachusetts,2019-06-29,1080
Massachusetts,2018-06-30,1040
Massachusetts,2017-07-01,1089
Massachusetts,2016-07-02,992
Massachusetts,2015-07-04,1098
Massachusetts,2014-07-05,1068
Massachusetts,2019-07-06,1103
Massachusetts,2018-07-07,1141
Massachusetts,2017-07-08,1093
Massachusetts,2016-07-09,998
Massachusetts,2015-07-11,1063
Massachusetts,2014-07-12,941
Massachusetts,2019-07-13,1062
Massachusetts,2018-07-14,1081
Massachusetts,2017-07-15,1107
Massachusetts,2016-07-16,985
Massachusetts,2015-07-18,981
Massachusetts,2014-07-19,976
Massachusetts,2019-07-20,1036
Massachusetts,2018-07-21,1013
Massachusetts,2017-07-22,1027
Massachusetts,2016-07-23,1012
Massachusetts,2015-07-25,1049
Massachusetts,2014-07-26,977
Massachusetts,2019-07-27,1101
Massachusetts,2018-07-28,1049
Massachusetts,2017-07-29,1036
Massachusetts,2016-07-30,1020
Massachusetts,2015-08-01,1032
Massachusetts,2014-08-02,1003
Massachusetts,2019-08-03,1037
Massachusetts,2018-08-04,1080
Massachusetts,2017-08-05,1102
Massachusetts,2016-08-06,1057
Massachusetts,2015-08-08,976
Massachusetts,2014-08-09,1018
Massachusetts,2019-08-10,1087
Massachusetts,2018-08-11,1047
Massachusetts,2017-08-12,1078
Massachusetts,2016-08-13,1050
Massachusetts,2015-08-15,998
Massachusetts,2014-08-16,967
Massachusetts,2019-08-17,1031
Massachusetts,2018-08-18,1041
Massachusetts,2017-08-19,1101
Massachusetts,2016-08-20,1077
Massachusetts,2015-08-22,1005
Massachusetts,2014-08-23,943
Massachusetts,2019-08-24,1059
Massachusetts,2018-08-25,1012
Massachusetts,2017-08-26,1050
Massachusetts,2016-08-27,1023
Massachusetts,2015-08-29,1029
Massachusetts,2014-08-30,1004
Massachusetts,2019-08-31,1070
Massachusetts,2018-09-01,1036
Massachusetts,2017-09-02,1048
Massachusetts,2016-09-03,1024
Massachusetts,2015-09-05,1000
Massachusetts,2014-09-06,988
Massachusetts,2019-09-07,1030
Massachusetts,2018-09-08,1061
Massachusetts,2017-09-09,1062
Massachusetts,2016-09-10,1060
Massachusetts,2015-09-12,1027
Massachusetts,2014-09-13,1008
Massachusetts,2019-09-14,1067
Massachusetts,2018-09-15,1099
Massachusetts,2017-09-16,1063
Massachusetts,2016-09-17,1036
Massachusetts,2015-09-19,1012
Massachusetts,2014-09-20,962
Massachusetts,2019-09-21,1077
Massachusetts,2018-09-22,1114
Massachusetts,2017-09-23,974
Massachusetts,2016-09-24,1025
Massachusetts,2015-09-26,991
Massachusetts,2014-09-27,983
Massachusetts,2019-09-28,1112
Massachusetts,2018-09-29,1044
Massachusetts,2017-09-30,1041
Massachusetts,2016-10-01,1084
Massachusetts,2015-10-03,1065
Massachusetts,2014-10-04,1074
Massachusetts,2019-10-05,1118
Massachusetts,2018-10-06,1125
Massachusetts,2017-10-07,1129
Massachusetts,2016-10-08,1049
Massachusetts,2015-10-10,1127
Massachusetts,2014-10-11,1033
Massachusetts,2019-10-12,1094
Massachusetts,2018-10-13,1091
Massachusetts,2017-10-14,1060
Massachusetts,2016-10-15,1102
Massachusetts,2015-10-17,1123
Massachusetts,2014-10-18,1031
Massachusetts,2019-10-19,1127
Massachusetts,2018-10-20,1187
Massachusetts,2017-10-21,1110
Massachusetts,2016-10-22,1142
Massachusetts,2015-10-24,1077
Massachusetts,2014-10-25,1062
Massachusetts,2019-10-26,1161
Massachusetts,2018-10-27,1134
Massachusetts,2017-10-28,1089
Massachusetts,2016-10-29,1050
Massachusetts,2015-10-31,1120
Massachusetts,2014-11-01,1066
Massachusetts,2019-11-02,1104
Massachusetts,2018-11-03,1164
Massachusetts,2017-11-04,1156
Massachusetts,2016-11-05,1152
Massachusetts,2015-11-07,1133
Massachusetts,2014-11-08,1114
Massachusetts,2019-11-09,1115
Massachusetts,2018-11-10,1103
Massachusetts,2017-11-11,1093
Massachusetts,2016-11-12,1168
Massachusetts,2015-11-14,1091
Massachusetts,2014-11-15,1085
Massachusetts,2019-11-16,1130
Massachusetts,2018-11-17,1142
Massachusetts,2017-11-18,1203
Massachusetts,2016-11-19,1203
Massachusetts,2015-11-21,1090
Massachusetts,2014-11-22,1110
Massachusetts,2019-11-23,1229
Massachusetts,2018-11-24,1138
Massachusetts,2017-11-25,1156
Massachusetts,2016-11-26,1129
Massachusetts,2015-11-28,1100
Massachusetts,2014-11-29,1089
Massachusetts,2019-11-30,1201
Massachusetts,2018-12-01,1107
Massachusetts,2017-12-02,1176
Massachusetts,2016-12-03,1148
Massachusetts,2015-12-05,1000
Massachusetts,2014-12-06,1071
Massachusetts,2019-12-07,1280
Massachusetts,2018-12-08,1277
Massachusetts,2017-12-09,1129
Massachusetts,2016-12-10,1124
Massachusetts,2015-12-12,1057
Massachusetts,2014-12-13,1209
Massachusetts,2019-12-14,1177
Massachusetts,2018-12-15,1145
Massachusetts,2017-12-16,1145
Massachusetts,2016-12-17,1104
Massachusetts,2015-12-19,1081
Massachusetts,2014-12-20,1092
Massachusetts,2019-12-21,1144
Massachusetts,2018-12-22,1275
Massachusetts,2017-12-23,1259
Massachusetts,2016-12-24,1180
Massachusetts,2015-12-26,1045
Massachusetts,2014-12-27,1115
Massachusetts,2019-12-28,1204
Massachusetts,2018-12-29,1213
Massachusetts,2017-12-30,1244
Massachusetts,2016-12-31,1240
Massachusetts,2020-01-04,1242
Massachusetts,2020-01-11,1266
Massachusetts,2020-01-18,1189
Massachusetts,2020-01-25,1303
Massachusetts,2020-02-01,1204
Massachusetts,2020-02-08,1233
Massachusetts,2020-02-15,1251
Massachusetts,2020-02-22,1166
Massachusetts,2020-02-29,1278
Massachusetts,2020-03-07,1216
Massachusetts,2020-03-14,1311
Massachusetts,2020-03-21,1170
Massachusetts,2020-03-28,1290
Massachusetts,2020-04-04,1549
Massachusetts,2020-04-11,2038
Massachusetts,2020-04-18,2494
Massachusetts,2020-04-25,2535
Massachusetts,2020-05-02,2310
Massachusetts,2020-05-09,2071
Massachusetts,2020-05-16,1886
Massachusetts,2020-05-23,1578
Massachusetts,2020-05-30,1360
Massachusetts,2020-06-06,1236
Massachusetts,2020-06-13,1140
Massachusetts,2020-06-20,1129
Massachusetts,2020-06-27,1084
Massachusetts,2020-07-04,1048
Massachusetts,2020-07-11,1047
Massachusetts,2020-07-18,1060
Massachusetts,2020-07-25,1089
Massachusetts,2020-08-01,1022
Massachusetts,2020-08-08,996
Massachusetts,2020-08-15,1049
Massachusetts,2020-08-22,1037
Massachusetts,2020-08-29,1059
Massachusetts,2020-09-05,1014
Massachusetts,2020-09-12,1012
Massachusetts,2020-09-19,1094
Massachusetts,2020-09-26,1125
Massachusetts,2020-10-03,1105
Massachusetts,2020-10-10,1101
Massachusetts,2020-10-17,1131
Massachusetts,2020-10-24,1196
Massachusetts,2020-10-31,1089
Massachusetts,2020-11-07,1218
Massachusetts,2020-11-14,1234
Massachusetts,2020-11-21,1214
Massachusetts,2020-11-28,1261
Massachusetts,2020-12-05,1331
Massachusetts,2020-12-12,1351
Massachusetts,2020-12-19,1426
Massachusetts,2020-12-26,1552
Massachusetts,2021-01-02,1524
Massachusetts,2021-01-09,1556
Massachusetts,2021-01-16,1558
Massachusetts,2021-01-23,1523
Massachusetts,2021-01-30,1568
Massachusetts,2021-02-06,1501
Massachusetts,2021-02-13,1362
Massachusetts,2021-02-20,1341
Massachusetts,2021-02-27,1266
Massachusetts,2021-03-06,1217
Massachusetts,2021-03-13,1210
Massachusetts,2021-03-20,1198
Massachusetts,2021-03-27,1144
Massachusetts,2021-04-03,1116
Massachusetts,2021-04-10,1113
Massachusetts,2021-04-17,1136
Massachusetts,2021-04-24,1099
Massachusetts,2021-05-01,1114
Massachusetts,2021-05-08,1136
Massachusetts,2021-05-15,1101
Massachusetts,2021-05-22,1160
Massachusetts,2021-05-29,1068
Massachusetts,2021-06-05,1075
Massachusetts,2021-06-12,1078
Massachusetts,2021-06-19,1012
Massachusetts,2021-06-26,1056
Massachusetts,2021-07-03,1044
Massachusetts,2021-07-10,1116
Massachusetts,2021-07-17,993
Massachusetts,2021-07-24,1022
Massachusetts,2021-07-31,958
Massachusetts,2021-08-07,836
Michigan,2016-01-02,1706
Michigan,2015-01-03,2118
Michigan,2014-01-04,1923
Michigan,2019-01-05,1919
Michigan,2018-01-06,2244
Michigan,2017-01-07,2101
Michigan,2016-01-09,1872
Michigan,2015-01-10,2170
Michigan,2014-01-11,2026
Michigan,2019-01-12,1941
Michigan,2018-01-13,2136
Michigan,2017-01-14,2045
Michigan,2016-01-16,1970
Michigan,2015-01-17,2113
Michigan,2014-01-18,1929
Michigan,2019-01-19,1991
Michigan,2018-01-20,2181
Michigan,2017-01-21,2011
Michigan,2016-01-23,1887
Michigan,2015-01-24,2033
Michigan,2014-01-25,1876
Michigan,2019-01-26,1936
Michigan,2018-01-27,2107
Michigan,2017-01-28,2005
Michigan,2016-01-30,1843
Michigan,2015-01-31,1871
Michigan,2014-02-01,1825
Michigan,2019-02-02,1944
Michigan,2018-02-03,2036
Michigan,2017-02-04,1920
Michigan,2016-02-06,1791
Michigan,2015-02-07,1917
Michigan,2014-02-08,1873
Michigan,2019-02-09,1951
Michigan,2018-02-10,2091
Michigan,2017-02-11,2064
Michigan,2016-02-13,1864
Michigan,2015-02-14,1880
Michigan,2014-02-15,1872
Michigan,2019-02-16,1846
Michigan,2018-02-17,2105
Michigan,2017-02-18,1935
Michigan,2016-02-20,1942
Michigan,2015-02-21,1923
Michigan,2014-02-22,1819
Michigan,2019-02-23,1888
Michigan,2018-02-24,2007
Michigan,2017-02-25,1997
Michigan,2016-02-27,1953
Michigan,2015-02-28,1845
Michigan,2014-03-01,1732
Michigan,2019-03-02,2043
Michigan,2018-03-03,1964
Michigan,2017-03-04,1957
Michigan,2016-03-05,1948
Michigan,2015-03-07,1983
Michigan,2014-03-08,1803
Michigan,2019-03-09,1981
Michigan,2018-03-10,1925
Michigan,2017-03-11,2034
Michigan,2016-03-12,1989
Michigan,2015-03-14,1910
Michigan,2014-03-15,1808
Michigan,2019-03-16,1978
Michigan,2018-03-17,1938
Michigan,2017-03-18,1983
Michigan,2016-03-19,1837
Michigan,2015-03-21,1879
Michigan,2014-03-22,1712
Michigan,2019-03-23,1908
Michigan,2018-03-24,1941
Michigan,2017-03-25,1948
Michigan,2016-03-26,1838
Michigan,2015-03-28,1849
Michigan,2014-03-29,1788
Michigan,2019-03-30,1849
Michigan,2018-03-31,1988
Michigan,2017-04-01,1938
Michigan,2016-04-02,1767
Michigan,2015-04-04,1906
Michigan,2014-04-05,1793
Michigan,2019-04-06,1871
Michigan,2018-04-07,1983
Michigan,2017-04-08,2007
Michigan,2016-04-09,1953
Michigan,2015-04-11,1802
Michigan,2014-04-12,1733
Michigan,2019-04-13,1887
Michigan,2018-04-14,1936
Michigan,2017-04-15,1963
Michigan,2016-04-16,1863
Michigan,2015-04-18,1886
Michigan,2014-04-19,1777
Michigan,2019-04-20,1829
Michigan,2018-04-21,1924
Michigan,2017-04-22,1786
Michigan,2016-04-23,1828
Michigan,2015-04-25,1812
Michigan,2014-04-26,1663
Michigan,2019-04-27,1891
Michigan,2018-04-28,1897
Michigan,2017-04-29,1843
Michigan,2016-04-30,1813
Michigan,2015-05-02,1866
Michigan,2014-05-03,1706
Michigan,2019-05-04,1829
Michigan,2018-05-05,1853
Michigan,2017-05-06,1770
Michigan,2016-05-07,1822
Michigan,2015-05-09,1842
Michigan,2014-05-10,1778
Michigan,2019-05-11,1808
Michigan,2018-05-12,1788
Michigan,2017-05-13,1855
Michigan,2016-05-14,1833
Michigan,2015-05-16,1710
Michigan,2014-05-17,1702
Michigan,2019-05-18,1840
Michigan,2018-05-19,1709
Michigan,2017-05-20,1817
Michigan,2016-05-21,1759
Michigan,2015-05-23,1742
Michigan,2014-05-24,1725
Michigan,2019-05-25,1888
Michigan,2018-05-26,1713
Michigan,2017-05-27,1698
Michigan,2016-05-28,1789
Michigan,2015-05-30,1683
Michigan,2014-05-31,1746
Michigan,2019-06-01,1817
Michigan,2018-06-02,1781
Michigan,2017-06-03,1788
Michigan,2016-06-04,1717
Michigan,2015-06-06,1713
Michigan,2014-06-07,1632
Michigan,2019-06-08,1786
Michigan,2018-06-09,1714
Michigan,2017-06-10,1736
Michigan,2016-06-11,1773
Michigan,2015-06-13,1747
Michigan,2014-06-14,1682
Michigan,2019-06-15,1809
Michigan,2018-06-16,1794
Michigan,2017-06-17,1800
Michigan,2016-06-18,1698
Michigan,2015-06-20,1737
Michigan,2014-06-21,1675
Michigan,2019-06-22,1807
Michigan,2018-06-23,1796
Michigan,2017-06-24,1688
Michigan,2016-06-25,1708
Michigan,2015-06-27,1717
Michigan,2014-06-28,1641
Michigan,2019-06-29,1810
Michigan,2018-06-30,1754
Michigan,2017-07-01,1709
Michigan,2016-07-02,1673
Michigan,2015-07-04,1725
Michigan,2014-07-05,1703
Michigan,2019-07-06,1811
Michigan,2018-07-07,1836
Michigan,2017-07-08,1690
Michigan,2016-07-09,1719
Michigan,2015-07-11,1679
Michigan,2014-07-12,1612
Michigan,2019-07-13,1827
Michigan,2018-07-14,1686
Michigan,2017-07-15,1689
Michigan,2016-07-16,1684
Michigan,2015-07-18,1709
Michigan,2014-07-19,1718
Michigan,2019-07-20,1852
Michigan,2018-07-21,1786
Michigan,2017-07-22,1760
Michigan,2016-07-23,1642
Michigan,2015-07-25,1739
Michigan,2014-07-26,1741
Michigan,2019-07-27,1725
Michigan,2018-07-28,1691
Michigan,2017-07-29,1626
Michigan,2016-07-30,1744
Michigan,2015-08-01,1708
Michigan,2014-08-02,1661
Michigan,2019-08-03,1792
Michigan,2018-08-04,1758
Michigan,2017-08-05,1749
Michigan,2016-08-06,1705
Michigan,2015-08-08,1687
Michigan,2014-08-09,1616
Michigan,2019-08-10,1790
Michigan,2018-08-11,1769
Michigan,2017-08-12,1670
Michigan,2016-08-13,1793
Michigan,2015-08-15,1674
Michigan,2014-08-16,1593
Michigan,2019-08-17,1758
Michigan,2018-08-18,1695
Michigan,2017-08-19,1803
Michigan,2016-08-20,1651
Michigan,2015-08-22,1699
Michigan,2014-08-23,1785
Michigan,2019-08-24,1739
Michigan,2018-08-25,1692
Michigan,2017-08-26,1621
Michigan,2016-08-27,1708
Michigan,2015-08-29,1689
Michigan,2014-08-30,1646
Michigan,2019-08-31,1731
Michigan,2018-09-01,1761
Michigan,2017-09-02,1766
Michigan,2016-09-03,1640
Michigan,2015-09-05,1746
Michigan,2014-09-06,1739
Michigan,2019-09-07,1807
Michigan,2018-09-08,1739
Michigan,2017-09-09,1687
Michigan,2016-09-10,1755
Michigan,2015-09-12,1664
Michigan,2014-09-13,1701
Michigan,2019-09-14,1747
Michigan,2018-09-15,1751
Michigan,2017-09-16,1770
Michigan,2016-09-17,1701
Michigan,2015-09-19,1691
Michigan,2014-09-20,1732
Michigan,2019-09-21,1789
Michigan,2018-09-22,1745
Michigan,2017-09-23,1700
Michigan,2016-09-24,1792
Michigan,2015-09-26,1747
Michigan,2014-09-27,1758
Michigan,2019-09-28,1848
Michigan,2018-09-29,1776
Michigan,2017-09-30,1725
Michigan,2016-10-01,1877
Michigan,2015-10-03,1690
Michigan,2014-10-04,1748
Michigan,2019-10-05,1824
Michigan,2018-10-06,1812
Michigan,2017-10-07,1802
Michigan,2016-10-08,1856
Michigan,2015-10-10,1813
Michigan,2014-10-11,1745
Michigan,2019-10-12,1806
Michigan,2018-10-13,1746
Michigan,2017-10-14,1787
Michigan,2016-10-15,1818
Michigan,2015-10-17,1723
Michigan,2014-10-18,1814
Michigan,2019-10-19,1939
Michigan,2018-10-20,1852
Michigan,2017-10-21,1826
Michigan,2016-10-22,1807
Michigan,2015-10-24,1824
Michigan,2014-10-25,1797
Michigan,2019-10-26,1910
Michigan,2018-10-27,1852
Michigan,2017-10-28,1747
Michigan,2016-10-29,1860
Michigan,2015-10-31,1791
Michigan,2014-11-01,1767
Michigan,2019-11-02,1920
Michigan,2018-11-03,1886
Michigan,2017-11-04,1882
Michigan,2016-11-05,1822
Michigan,2015-11-07,1796
Michigan,2014-11-08,1793
Michigan,2019-11-09,1954
Michigan,2018-11-10,1904
Michigan,2017-11-11,1774
Michigan,2016-11-12,1754
Michigan,2015-11-14,1757
Michigan,2014-11-15,1810
Michigan,2019-11-16,1962
Michigan,2018-11-17,1872
Michigan,2017-11-18,1824
Michigan,2016-11-19,1907
Michigan,2015-11-21,1770
Michigan,2014-11-22,1872
Michigan,2019-11-23,1973
Michigan,2018-11-24,1941
Michigan,2017-11-25,1847
Michigan,2016-11-26,1734
Michigan,2015-11-28,1662
Michigan,2014-11-29,1900
Michigan,2019-11-30,1924
Michigan,2018-12-01,1894
Michigan,2017-12-02,1878
Michigan,2016-12-03,1894
Michigan,2015-12-05,1768
Michigan,2014-12-06,1843
Michigan,2019-12-07,1983
Michigan,2018-12-08,1874
Michigan,2017-12-09,1930
Michigan,2016-12-10,1868
Michigan,2015-12-12,1842
Michigan,2014-12-13,1902
Michigan,2019-12-14,1973
Michigan,2018-12-15,1895
Michigan,2017-12-16,1959
Michigan,2016-12-17,1929
Michigan,2015-12-19,1822
Michigan,2014-12-20,1987
Michigan,2019-12-21,2007
Michigan,2018-12-22,1842
Michigan,2017-12-23,1968
Michigan,2016-12-24,1911
Michigan,2015-12-26,1787
Michigan,2014-12-27,2000
Michigan,2019-12-28,1959
Michigan,2018-12-29,1874
Michigan,2017-12-30,1996
Michigan,2016-12-31,1974
Michigan,2020-01-04,2015
Michigan,2020-01-11,2065
Michigan,2020-01-18,1936
Michigan,2020-01-25,2012
Michigan,2020-02-01,2004
Michigan,2020-02-08,1940
Michigan,2020-02-15,2014
Michigan,2020-02-22,2056
Michigan,2020-02-29,1973
Michigan,2020-03-07,1988
Michigan,2020-03-14,1955
Michigan,2020-03-21,2036
Michigan,2020-03-28,2432
Michigan,2020-04-04,3117
Michigan,2020-04-11,3385
Michigan,2020-04-18,3159
Michigan,2020-04-25,2806
Michigan,2020-05-02,2588
Michigan,2020-05-09,2241
Michigan,2020-05-16,2160
Michigan,2020-05-23,2012
Michigan,2020-05-30,1962
Michigan,2020-06-06,2000
Michigan,2020-06-13,1860
Michigan,2020-06-20,1885
Michigan,2020-06-27,1918
Michigan,2020-07-04,1984
Michigan,2020-07-11,1890
Michigan,2020-07-18,1879
Michigan,2020-07-25,1891
Michigan,2020-08-01,1969
Michigan,2020-08-08,1868
Michigan,2020-08-15,2025
Michigan,2020-08-22,1926
Michigan,2020-08-29,1936
Michigan,2020-09-05,1959
Michigan,2020-09-12,1942
Michigan,2020-09-19,1905
Michigan,2020-09-26,2006
Michigan,2020-10-03,2033
Michigan,2020-10-10,2146
Michigan,2020-10-17,2029
Michigan,2020-10-24,2207
Michigan,2020-10-31,2176
Michigan,2020-11-07,2347
Michigan,2020-11-14,2427
Michigan,2020-11-21,2623
Michigan,2020-11-28,2661
Michigan,2020-12-05,2805
Michigan,2020-12-12,2958
Michigan,2020-12-19,2766
Michigan,2020-12-26,2633
Michigan,2021-01-02,2553
Michigan,2021-01-09,2354
Michigan,2021-01-16,2390
Michigan,2021-01-23,2341
Michigan,2021-01-30,2188
Michigan,2021-02-06,2285
Michigan,2021-02-13,2080
Michigan,2021-02-20,2099
Michigan,2021-02-27,2062
Michigan,2021-03-06,2019
Michigan,2021-03-13,1861
Michigan,2021-03-20,2011
Michigan,2021-03-27,2092
Michigan,2021-04-03,2049
Michigan,2021-04-10,2327
Michigan,2021-04-17,2274
Michigan,2021-04-24,2401
Michigan,2021-05-01,2319
Michigan,2021-05-08,2242
Michigan,2021-05-15,2159
Michigan,2021-05-22,2196
Michigan,2021-05-29,1992
Michigan,2021-06-05,1950
Michigan,2021-06-12,1960
Michigan,2021-06-19,1868
Michigan,2021-06-26,1901
Michigan,2021-07-03,1842
Michigan,2021-07-10,1879
Michigan,2021-07-17,1825
Michigan,2021-07-24,1819
Michigan,2021-07-31,1664
Michigan,2021-08-07,1245
Minnesota,2016-01-02,843
Minnesota,2015-01-03,1007
Minnesota,2014-01-04,797
Minnesota,2019-01-05,921
Minnesota,2018-01-06,1004
Minnesota,2017-01-07,885
Minnesota,2016-01-09,848
Minnesota,2015-01-10,976
Minnesota,2014-01-11,822
Minnesota,2019-01-12,945
Minnesota,2018-01-13,1035
Minnesota,2017-01-14,914
Minnesota,2016-01-16,924
Minnesota,2015-01-17,960
Minnesota,2014-01-18,840
Minnesota,2019-01-19,953
Minnesota,2018-01-20,1011
Minnesota,2017-01-21,866
Minnesota,2016-01-23,862
Minnesota,2015-01-24,885
Minnesota,2014-01-25,815
Minnesota,2019-01-26,897
Minnesota,2018-01-27,919
Minnesota,2017-01-28,909
Minnesota,2016-01-30,906
Minnesota,2015-01-31,835
Minnesota,2014-02-01,802
Minnesota,2019-02-02,937
Minnesota,2018-02-03,929
Minnesota,2017-02-04,893
Minnesota,2016-02-06,839
Minnesota,2015-02-07,832
Minnesota,2014-02-08,780
Minnesota,2019-02-09,983
Minnesota,2018-02-10,892
Minnesota,2017-02-11,892
Minnesota,2016-02-13,833
Minnesota,2015-02-14,889
Minnesota,2014-02-15,821
Minnesota,2019-02-16,891
Minnesota,2018-02-17,917
Minnesota,2017-02-18,962
Minnesota,2016-02-20,906
Minnesota,2015-02-21,803
Minnesota,2014-02-22,798
Minnesota,2019-02-23,873
Minnesota,2018-02-24,954
Minnesota,2017-02-25,878
Minnesota,2016-02-27,812
Minnesota,2015-02-28,801
Minnesota,2014-03-01,801
Minnesota,2019-03-02,804
Minnesota,2018-03-03,891
Minnesota,2017-03-04,904
Minnesota,2016-03-05,862
Minnesota,2015-03-07,900
Minnesota,2014-03-08,812
Minnesota,2019-03-09,911
Minnesota,2018-03-10,846
Minnesota,2017-03-11,880
Minnesota,2016-03-12,893
Minnesota,2015-03-14,825
Minnesota,2014-03-15,830
Minnesota,2019-03-16,856
Minnesota,2018-03-17,816
Minnesota,2017-03-18,865
Minnesota,2016-03-19,822
Minnesota,2015-03-21,859
Minnesota,2014-03-22,823
Minnesota,2019-03-23,824
Minnesota,2018-03-24,851
Minnesota,2017-03-25,948
Minnesota,2016-03-26,814
Minnesota,2015-03-28,847
Minnesota,2014-03-29,772
Minnesota,2019-03-30,871
Minnesota,2018-03-31,834
Minnesota,2017-04-01,843
Minnesota,2016-04-02,826
Minnesota,2015-04-04,873
Minnesota,2014-04-05,777
Minnesota,2019-04-06,851
Minnesota,2018-04-07,841
Minnesota,2017-04-08,889
Minnesota,2016-04-09,838
Minnesota,2015-04-11,882
Minnesota,2014-04-12,800
Minnesota,2019-04-13,854
Minnesota,2018-04-14,893
Minnesota,2017-04-15,946
Minnesota,2016-04-16,885
Minnesota,2015-04-18,862
Minnesota,2014-04-19,769
Minnesota,2019-04-20,873
Minnesota,2018-04-21,843
Minnesota,2017-04-22,833
Minnesota,2016-04-23,834
Minnesota,2015-04-25,794
Minnesota,2014-04-26,769
Minnesota,2019-04-27,818
Minnesota,2018-04-28,819
Minnesota,2017-04-29,833
Minnesota,2016-04-30,765
Minnesota,2015-05-02,829
Minnesota,2014-05-03,783
Minnesota,2019-05-04,859
Minnesota,2018-05-05,858
Minnesota,2017-05-06,805
Minnesota,2016-05-07,784
Minnesota,2015-05-09,831
Minnesota,2014-05-10,829
Minnesota,2019-05-11,883
Minnesota,2018-05-12,834
Minnesota,2017-05-13,839
Minnesota,2016-05-14,773
Minnesota,2015-05-16,799
Minnesota,2014-05-17,711
Minnesota,2019-05-18,909
Minnesota,2018-05-19,785
Minnesota,2017-05-20,843
Minnesota,2016-05-21,785
Minnesota,2015-05-23,768
Minnesota,2014-05-24,796
Minnesota,2019-05-25,815
Minnesota,2018-05-26,823
Minnesota,2017-05-27,818
Minnesota,2016-05-28,770
Minnesota,2015-05-30,768
Minnesota,2014-05-31,783
Minnesota,2019-06-01,874
Minnesota,2018-06-02,734
Minnesota,2017-06-03,832
Minnesota,2016-06-04,808
Minnesota,2015-06-06,730
Minnesota,2014-06-07,701
Minnesota,2019-06-08,845
Minnesota,2018-06-09,778
Minnesota,2017-06-10,749
Minnesota,2016-06-11,766
Minnesota,2015-06-13,802
Minnesota,2014-06-14,782
Minnesota,2019-06-15,802
Minnesota,2018-06-16,809
Minnesota,2017-06-17,736
Minnesota,2016-06-18,770
Minnesota,2015-06-20,782
Minnesota,2014-06-21,758
Minnesota,2019-06-22,790
Minnesota,2018-06-23,757
Minnesota,2017-06-24,757
Minnesota,2016-06-25,791
Minnesota,2015-06-27,781
Minnesota,2014-06-28,764
Minnesota,2019-06-29,793
Minnesota,2018-06-30,796
Minnesota,2017-07-01,798
Minnesota,2016-07-02,797
Minnesota,2015-07-04,780
Minnesota,2014-07-05,730
Minnesota,2019-07-06,824
Minnesota,2018-07-07,806
Minnesota,2017-07-08,774
Minnesota,2016-07-09,749
Minnesota,2015-07-11,740
Minnesota,2014-07-12,757
Minnesota,2019-07-13,845
Minnesota,2018-07-14,827
Minnesota,2017-07-15,749
Minnesota,2016-07-16,750
Minnesota,2015-07-18,766
Minnesota,2014-07-19,726
Minnesota,2019-07-20,784
Minnesota,2018-07-21,768
Minnesota,2017-07-22,775
Minnesota,2016-07-23,749
Minnesota,2015-07-25,754
Minnesota,2014-07-26,767
Minnesota,2019-07-27,817
Minnesota,2018-07-28,839
Minnesota,2017-07-29,787
Minnesota,2016-07-30,769
Minnesota,2015-08-01,752
Minnesota,2014-08-02,724
Minnesota,2019-08-03,845
Minnesota,2018-08-04,852
Minnesota,2017-08-05,767
Minnesota,2016-08-06,794
Minnesota,2015-08-08,794
Minnesota,2014-08-09,741
Minnesota,2019-08-10,885
Minnesota,2018-08-11,864
Minnesota,2017-08-12,817
Minnesota,2016-08-13,745
Minnesota,2015-08-15,737
Minnesota,2014-08-16,745
Minnesota,2019-08-17,847
Minnesota,2018-08-18,763
Minnesota,2017-08-19,760
Minnesota,2016-08-20,756
Minnesota,2015-08-22,745
Minnesota,2014-08-23,705
Minnesota,2019-08-24,825
Minnesota,2018-08-25,834
Minnesota,2017-08-26,774
Minnesota,2016-08-27,797
Minnesota,2015-08-29,835
Minnesota,2014-08-30,747
Minnesota,2019-08-31,822
Minnesota,2018-09-01,813
Minnesota,2017-09-02,826
Minnesota,2016-09-03,838
Minnesota,2015-09-05,800
Minnesota,2014-09-06,721
Minnesota,2019-09-07,846
Minnesota,2018-09-08,799
Minnesota,2017-09-09,807
Minnesota,2016-09-10,829
Minnesota,2015-09-12,757
Minnesota,2014-09-13,779
Minnesota,2019-09-14,760
Minnesota,2018-09-15,862
Minnesota,2017-09-16,834
Minnesota,2016-09-17,772
Minnesota,2015-09-19,790
Minnesota,2014-09-20,807
Minnesota,2019-09-21,906
Minnesota,2018-09-22,795
Minnesota,2017-09-23,817
Minnesota,2016-09-24,815
Minnesota,2015-09-26,819
Minnesota,2014-09-27,783
Minnesota,2019-09-28,883
Minnesota,2018-09-29,837
Minnesota,2017-09-30,839
Minnesota,2016-10-01,842
Minnesota,2015-10-03,792
Minnesota,2014-10-04,770
Minnesota,2019-10-05,877
Minnesota,2018-10-06,870
Minnesota,2017-10-07,830
Minnesota,2016-10-08,896
Minnesota,2015-10-10,810
Minnesota,2014-10-11,812
Minnesota,2019-10-12,914
Minnesota,2018-10-13,875
Minnesota,2017-10-14,815
Minnesota,2016-10-15,893
Minnesota,2015-10-17,835
Minnesota,2014-10-18,849
Minnesota,2019-10-19,891
Minnesota,2018-10-20,882
Minnesota,2017-10-21,871
Minnesota,2016-10-22,796
Minnesota,2015-10-24,829
Minnesota,2014-10-25,807
Minnesota,2019-10-26,839
Minnesota,2018-10-27,881
Minnesota,2017-10-28,908
Minnesota,2016-10-29,795
Minnesota,2015-10-31,830
Minnesota,2014-11-01,753
Minnesota,2019-11-02,873
Minnesota,2018-11-03,870
Minnesota,2017-11-04,878
Minnesota,2016-11-05,852
Minnesota,2015-11-07,818
Minnesota,2014-11-08,891
Minnesota,2019-11-09,860
Minnesota,2018-11-10,945
Minnesota,2017-11-11,894
Minnesota,2016-11-12,811
Minnesota,2015-11-14,816
Minnesota,2014-11-15,820
Minnesota,2019-11-16,938
Minnesota,2018-11-17,921
Minnesota,2017-11-18,852
Minnesota,2016-11-19,858
Minnesota,2015-11-21,840
Minnesota,2014-11-22,842
Minnesota,2019-11-23,887
Minnesota,2018-11-24,852
Minnesota,2017-11-25,880
Minnesota,2016-11-26,838
Minnesota,2015-11-28,776
Minnesota,2014-11-29,860
Minnesota,2019-11-30,870
Minnesota,2018-12-01,867
Minnesota,2017-12-02,861
Minnesota,2016-12-03,832
Minnesota,2015-12-05,814
Minnesota,2014-12-06,795
Minnesota,2019-12-07,922
Minnesota,2018-12-08,892
Minnesota,2017-12-09,842
Minnesota,2016-12-10,821
Minnesota,2015-12-12,824
Minnesota,2014-12-13,899
Minnesota,2019-12-14,892
Minnesota,2018-12-15,874
Minnesota,2017-12-16,883
Minnesota,2016-12-17,888
Minnesota,2015-12-19,850
Minnesota,2014-12-20,915
Minnesota,2019-12-21,931
Minnesota,2018-12-22,875
Minnesota,2017-12-23,969
Minnesota,2016-12-24,923
Minnesota,2015-12-26,838
Minnesota,2014-12-27,935
Minnesota,2019-12-28,1004
Minnesota,2018-12-29,851
Minnesota,2017-12-30,975
Minnesota,2016-12-31,908
Minnesota,2020-01-04,1009
Minnesota,2020-01-11,950
Minnesota,2020-01-18,946
Minnesota,2020-01-25,955
Minnesota,2020-02-01,942
Minnesota,2020-02-08,919
Minnesota,2020-02-15,941
Minnesota,2020-02-22,913
Minnesota,2020-02-29,933
Minnesota,2020-03-07,944
Minnesota,2020-03-14,882
Minnesota,2020-03-21,894
Minnesota,2020-03-28,909
Minnesota,2020-04-04,928
Minnesota,2020-04-11,943
Minnesota,2020-04-18,955
Minnesota,2020-04-25,1016
Minnesota,2020-05-02,1042
Minnesota,2020-05-09,1057
Minnesota,2020-05-16,1000
Minnesota,2020-05-23,1005
Minnesota,2020-05-30,1017
Minnesota,2020-06-06,1038
Minnesota,2020-06-13,973
Minnesota,2020-06-20,941
Minnesota,2020-06-27,840
Minnesota,2020-07-04,876
Minnesota,2020-07-11,865
Minnesota,2020-07-18,869
Minnesota,2020-07-25,878
Minnesota,2020-08-01,818
Minnesota,2020-08-08,897
Minnesota,2020-08-15,888
Minnesota,2020-08-22,907
Minnesota,2020-08-29,919
Minnesota,2020-09-05,895
Minnesota,2020-09-12,893
Minnesota,2020-09-19,957
Minnesota,2020-09-26,969
Minnesota,2020-10-03,886
Minnesota,2020-10-10,1013
Minnesota,2020-10-17,953
Minnesota,2020-10-24,1030
Minnesota,2020-10-31,1075
Minnesota,2020-11-07,1145
Minnesota,2020-11-14,1196
Minnesota,2020-11-21,1326
Minnesota,2020-11-28,1397
Minnesota,2020-12-05,1334
Minnesota,2020-12-12,1382
Minnesota,2020-12-19,1269
Minnesota,2020-12-26,1203
Minnesota,2021-01-02,1187
Minnesota,2021-01-09,1138
Minnesota,2021-01-16,1078
Minnesota,2021-01-23,948
Minnesota,2021-01-30,924
Minnesota,2021-02-06,983
Minnesota,2021-02-13,910
Minnesota,2021-02-20,903
Minnesota,2021-02-27,967
Minnesota,2021-03-06,931
Minnesota,2021-03-13,863
Minnesota,2021-03-20,864
Minnesota,2021-03-27,862
Minnesota,2021-04-03,869
Minnesota,2021-04-10,871
Minnesota,2021-04-17,890
Minnesota,2021-04-24,931
Minnesota,2021-05-01,966
Minnesota,2021-05-08,894
Minnesota,2021-05-15,935
Minnesota,2021-05-22,883
Minnesota,2021-05-29,869
Minnesota,2021-06-05,845
Minnesota,2021-06-12,905
Minnesota,2021-06-19,833
Minnesota,2021-06-26,858
Minnesota,2021-07-03,820
Minnesota,2021-07-10,811
Minnesota,2021-07-17,786
Minnesota,2021-07-24,733
Minnesota,2021-07-31,735
Minnesota,2021-08-07,559
Mississippi,2016-01-02,651
Mississippi,2015-01-03,653
Mississippi,2014-01-04,629
Mississippi,2019-01-05,658
Mississippi,2018-01-06,810
Mississippi,2017-01-07,662
Mississippi,2016-01-09,625
Mississippi,2015-01-10,646
Mississippi,2014-01-11,643
Mississippi,2019-01-12,649
Mississippi,2018-01-13,771
Mississippi,2017-01-14,659
Mississippi,2016-01-16,638
Mississippi,2015-01-17,670
Mississippi,2014-01-18,629
Mississippi,2019-01-19,637
Mississippi,2018-01-20,775
Mississippi,2017-01-21,587
Mississippi,2016-01-23,646
Mississippi,2015-01-24,568
Mississippi,2014-01-25,662
Mississippi,2019-01-26,623
Mississippi,2018-01-27,733
Mississippi,2017-01-28,600
Mississippi,2016-01-30,680
Mississippi,2015-01-31,628
Mississippi,2014-02-01,640
Mississippi,2019-02-02,653
Mississippi,2018-02-03,656
Mississippi,2017-02-04,648
Mississippi,2016-02-06,595
Mississippi,2015-02-07,703
Mississippi,2014-02-08,646
Mississippi,2019-02-09,706
Mississippi,2018-02-10,710
Mississippi,2017-02-11,640
Mississippi,2016-02-13,597
Mississippi,2015-02-14,676
Mississippi,2014-02-15,623
Mississippi,2019-02-16,671
Mississippi,2018-02-17,655
Mississippi,2017-02-18,644
Mississippi,2016-02-20,629
Mississippi,2015-02-21,661
Mississippi,2014-02-22,591
Mississippi,2019-02-23,652
Mississippi,2018-02-24,642
Mississippi,2017-02-25,647
Mississippi,2016-02-27,628
Mississippi,2015-02-28,646
Mississippi,2014-03-01,561
Mississippi,2019-03-02,633
Mississippi,2018-03-03,579
Mississippi,2017-03-04,635
Mississippi,2016-03-05,629
Mississippi,2015-03-07,635
Mississippi,2014-03-08,558
Mississippi,2019-03-09,647
Mississippi,2018-03-10,630
Mississippi,2017-03-11,598
Mississippi,2016-03-12,641
Mississippi,2015-03-14,646
Mississippi,2014-03-15,527
Mississippi,2019-03-16,628
Mississippi,2018-03-17,601
Mississippi,2017-03-18,683
Mississippi,2016-03-19,595
Mississippi,2015-03-21,625
Mississippi,2014-03-22,605
Mississippi,2019-03-23,635
Mississippi,2018-03-24,619
Mississippi,2017-03-25,632
Mississippi,2016-03-26,606
Mississippi,2015-03-28,603
Mississippi,2014-03-29,585
Mississippi,2019-03-30,596
Mississippi,2018-03-31,592
Mississippi,2017-04-01,567
Mississippi,2016-04-02,596
Mississippi,2015-04-04,593
Mississippi,2014-04-05,566
Mississippi,2019-04-06,659
Mississippi,2018-04-07,592
Mississippi,2017-04-08,614
Mississippi,2016-04-09,614
Mississippi,2015-04-11,629
Mississippi,2014-04-12,549
Mississippi,2019-04-13,632
Mississippi,2018-04-14,593
Mississippi,2017-04-15,578
Mississippi,2016-04-16,572
Mississippi,2015-04-18,603
Mississippi,2014-04-19,590
Mississippi,2019-04-20,568
Mississippi,2018-04-21,622
Mississippi,2017-04-22,591
Mississippi,2016-04-23,582
Mississippi,2015-04-25,557
Mississippi,2014-04-26,565
Mississippi,2019-04-27,603
Mississippi,2018-04-28,612
Mississippi,2017-04-29,560
Mississippi,2016-04-30,547
Mississippi,2015-05-02,588
Mississippi,2014-05-03,609
Mississippi,2019-05-04,639
Mississippi,2018-05-05,577
Mississippi,2017-05-06,548
Mississippi,2016-05-07,581
Mississippi,2015-05-09,645
Mississippi,2014-05-10,575
Mississippi,2019-05-11,623
Mississippi,2018-05-12,577
Mississippi,2017-05-13,587
Mississippi,2016-05-14,584
Mississippi,2015-05-16,607
Mississippi,2014-05-17,521
Mississippi,2019-05-18,610
Mississippi,2018-05-19,537
Mississippi,2017-05-20,602
Mississippi,2016-05-21,600
Mississippi,2015-05-23,585
Mississippi,2014-05-24,545
Mississippi,2019-05-25,627
Mississippi,2018-05-26,561
Mississippi,2017-05-27,549
Mississippi,2016-05-28,579
Mississippi,2015-05-30,560
Mississippi,2014-05-31,520
Mississippi,2019-06-01,656
Mississippi,2018-06-02,560
Mississippi,2017-06-03,587
Mississippi,2016-06-04,563
Mississippi,2015-06-06,583
Mississippi,2014-06-07,531
Mississippi,2019-06-08,617
Mississippi,2018-06-09,587
Mississippi,2017-06-10,581
Mississippi,2016-06-11,593
Mississippi,2015-06-13,575
Mississippi,2014-06-14,540
Mississippi,2019-06-15,608
Mississippi,2018-06-16,592
Mississippi,2017-06-17,577
Mississippi,2016-06-18,566
Mississippi,2015-06-20,584
Mississippi,2014-06-21,527
Mississippi,2019-06-22,561
Mississippi,2018-06-23,566
Mississippi,2017-06-24,572
Mississippi,2016-06-25,553
Mississippi,2015-06-27,568
Mississippi,2014-06-28,532
Mississippi,2019-06-29,581
Mississippi,2018-06-30,586
Mississippi,2017-07-01,569
Mississippi,2016-07-02,532
Mississippi,2015-07-04,567
Mississippi,2014-07-05,511
Mississippi,2019-07-06,569
Mississippi,2018-07-07,555
Mississippi,2017-07-08,586
Mississippi,2016-07-09,592
Mississippi,2015-07-11,585
Mississippi,2014-07-12,536
Mississippi,2019-07-13,627
Mississippi,2018-07-14,560
Mississippi,2017-07-15,613
Mississippi,2016-07-16,546
Mississippi,2015-07-18,632
Mississippi,2014-07-19,550
Mississippi,2019-07-20,576
Mississippi,2018-07-21,548
Mississippi,2017-07-22,558
Mississippi,2016-07-23,555
Mississippi,2015-07-25,555
Mississippi,2014-07-26,515
Mississippi,2019-07-27,530
Mississippi,2018-07-28,596
Mississippi,2017-07-29,522
Mississippi,2016-07-30,539
Mississippi,2015-08-01,561
Mississippi,2014-08-02,561
Mississippi,2019-08-03,601
Mississippi,2018-08-04,555
Mississippi,2017-08-05,568
Mississippi,2016-08-06,568
Mississippi,2015-08-08,547
Mississippi,2014-08-09,527
Mississippi,2019-08-10,643
Mississippi,2018-08-11,610
Mississippi,2017-08-12,518
Mississippi,2016-08-13,574
Mississippi,2015-08-15,559
Mississippi,2014-08-16,554
Mississippi,2019-08-17,578
Mississippi,2018-08-18,557
Mississippi,2017-08-19,562
Mississippi,2016-08-20,612
Mississippi,2015-08-22,576
Mississippi,2014-08-23,537
Mississippi,2019-08-24,598
Mississippi,2018-08-25,559
Mississippi,2017-08-26,554
Mississippi,2016-08-27,590
Mississippi,2015-08-29,553
Mississippi,2014-08-30,503
Mississippi,2019-08-31,532
Mississippi,2018-09-01,549
Mississippi,2017-09-02,567
Mississippi,2016-09-03,574
Mississippi,2015-09-05,578
Mississippi,2014-09-06,564
Mississippi,2019-09-07,593
Mississippi,2018-09-08,590
Mississippi,2017-09-09,589
Mississippi,2016-09-10,574
Mississippi,2015-09-12,603
Mississippi,2014-09-13,564
Mississippi,2019-09-14,615
Mississippi,2018-09-15,564
Mississippi,2017-09-16,586
Mississippi,2016-09-17,572
Mississippi,2015-09-19,573
Mississippi,2014-09-20,585
Mississippi,2019-09-21,539
Mississippi,2018-09-22,553
Mississippi,2017-09-23,559
Mississippi,2016-09-24,561
Mississippi,2015-09-26,523
Mississippi,2014-09-27,572
Mississippi,2019-09-28,580
Mississippi,2018-09-29,593
Mississippi,2017-09-30,576
Mississippi,2016-10-01,555
Mississippi,2015-10-03,548
Mississippi,2014-10-04,563
Mississippi,2019-10-05,587
Mississippi,2018-10-06,578
Mississippi,2017-10-07,602
Mississippi,2016-10-08,593
Mississippi,2015-10-10,576
Mississippi,2014-10-11,577
Mississippi,2019-10-12,574
Mississippi,2018-10-13,591
Mississippi,2017-10-14,595
Mississippi,2016-10-15,594
Mississippi,2015-10-17,579
Mississippi,2014-10-18,507
Mississippi,2019-10-19,564
Mississippi,2018-10-20,556
Mississippi,2017-10-21,603
Mississippi,2016-10-22,554
Mississippi,2015-10-24,572
Mississippi,2014-10-25,556
Mississippi,2019-10-26,584
Mississippi,2018-10-27,607
Mississippi,2017-10-28,584
Mississippi,2016-10-29,592
Mississippi,2015-10-31,587
Mississippi,2014-11-01,532
Mississippi,2019-11-02,597
Mississippi,2018-11-03,566
Mississippi,2017-11-04,603
Mississippi,2016-11-05,564
Mississippi,2015-11-07,562
Mississippi,2014-11-08,573
Mississippi,2019-11-09,638
Mississippi,2018-11-10,589
Mississippi,2017-11-11,619
Mississippi,2016-11-12,609
Mississippi,2015-11-14,575
Mississippi,2014-11-15,572
Mississippi,2019-11-16,621
Mississippi,2018-11-17,651
Mississippi,2017-11-18,601
Mississippi,2016-11-19,591
Mississippi,2015-11-21,548
Mississippi,2014-11-22,586
Mississippi,2019-11-23,636
Mississippi,2018-11-24,642
Mississippi,2017-11-25,625
Mississippi,2016-11-26,617
Mississippi,2015-11-28,579
Mississippi,2014-11-29,582
Mississippi,2019-11-30,596
Mississippi,2018-12-01,623
Mississippi,2017-12-02,642
Mississippi,2016-12-03,614
Mississippi,2015-12-05,540
Mississippi,2014-12-06,562
Mississippi,2019-12-07,630
Mississippi,2018-12-08,628
Mississippi,2017-12-09,629
Mississippi,2016-12-10,674
Mississippi,2015-12-12,618
Mississippi,2014-12-13,619
Mississippi,2019-12-14,684
Mississippi,2018-12-15,605
Mississippi,2017-12-16,679
Mississippi,2016-12-17,618
Mississippi,2015-12-19,562
Mississippi,2014-12-20,611
Mississippi,2019-12-21,662
Mississippi,2018-12-22,627
Mississippi,2017-12-23,700
Mississippi,2016-12-24,630
Mississippi,2015-12-26,578
Mississippi,2014-12-27,656
Mississippi,2019-12-28,608
Mississippi,2018-12-29,607
Mississippi,2017-12-30,771
Mississippi,2016-12-31,591
Mississippi,2020-01-04,673
Mississippi,2020-01-11,648
Mississippi,2020-01-18,624
Mississippi,2020-01-25,612
Mississippi,2020-02-01,608
Mississippi,2020-02-08,703
Mississippi,2020-02-15,648
Mississippi,2020-02-22,625
Mississippi,2020-02-29,665
Mississippi,2020-03-07,663
Mississippi,2020-03-14,623
Mississippi,2020-03-21,625
Mississippi,2020-03-28,698
Mississippi,2020-04-04,707
Mississippi,2020-04-11,699
Mississippi,2020-04-18,732
Mississippi,2020-04-25,750
Mississippi,2020-05-02,751
Mississippi,2020-05-09,748
Mississippi,2020-05-16,775
Mississippi,2020-05-23,725
Mississippi,2020-05-30,750
Mississippi,2020-06-06,728
Mississippi,2020-06-13,702
Mississippi,2020-06-20,743
Mississippi,2020-06-27,721
Mississippi,2020-07-04,711
Mississippi,2020-07-11,797
Mississippi,2020-07-18,784
Mississippi,2020-07-25,885
Mississippi,2020-08-01,872
Mississippi,2020-08-08,915
Mississippi,2020-08-15,860
Mississippi,2020-08-22,813
Mississippi,2020-08-29,813
Mississippi,2020-09-05,736
Mississippi,2020-09-12,745
Mississippi,2020-09-19,738
Mississippi,2020-09-26,723
Mississippi,2020-10-03,728
Mississippi,2020-10-10,761
Mississippi,2020-10-17,680
Mississippi,2020-10-24,727
Mississippi,2020-10-31,716
Mississippi,2020-11-07,750
Mississippi,2020-11-14,785
Mississippi,2020-11-21,793
Mississippi,2020-11-28,820
Mississippi,2020-12-05,850
Mississippi,2020-12-12,959
Mississippi,2020-12-19,923
Mississippi,2020-12-26,995
Mississippi,2021-01-02,1068
Mississippi,2021-01-09,1046
Mississippi,2021-01-16,1057
Mississippi,2021-01-23,1019
Mississippi,2021-01-30,918
Mississippi,2021-02-06,866
Mississippi,2021-02-13,789
Mississippi,2021-02-20,806
Mississippi,2021-02-27,843
Mississippi,2021-03-06,717
Mississippi,2021-03-13,749
Mississippi,2021-03-20,673
Mississippi,2021-03-27,669
Mississippi,2021-04-03,647
Mississippi,2021-04-10,660
Mississippi,2021-04-17,651
Mississippi,2021-04-24,664
Mississippi,2021-05-01,688
Mississippi,2021-05-08,632
Mississippi,2021-05-15,625
Mississippi,2021-05-22,673
Mississippi,2021-05-29,682
Mississippi,2021-06-05,621
Mississippi,2021-06-12,689
Mississippi,2021-06-19,632
Mississippi,2021-06-26,633
Mississippi,2021-07-03,596
Mississippi,2021-07-10,632
Mississippi,2021-07-17,652
Mississippi,2021-07-24,661
Mississippi,2021-07-31,590
Mississippi,2021-08-07,467
Missouri,2016-01-02,1221
Missouri,2015-01-03,1363
Missouri,2014-01-04,1213
Missouri,2019-01-05,1282
Missouri,2018-01-06,1570
Missouri,2017-01-07,1451
Missouri,2016-01-09,1255
Missouri,2015-01-10,1371
Missouri,2014-01-11,1274
Missouri,2019-01-12,1354
Missouri,2018-01-13,1574
Missouri,2017-01-14,1360
Missouri,2016-01-16,1217
Missouri,2015-01-17,1337
Missouri,2014-01-18,1230
Missouri,2019-01-19,1308
Missouri,2018-01-20,1640
Missouri,2017-01-21,1449
Missouri,2016-01-23,1213
Missouri,2015-01-24,1348
Missouri,2014-01-25,1195
Missouri,2019-01-26,1277
Missouri,2018-01-27,1500
Missouri,2017-01-28,1415
Missouri,2016-01-30,1279
Missouri,2015-01-31,1331
Missouri,2014-02-01,1182
Missouri,2019-02-02,1282
Missouri,2018-02-03,1427
Missouri,2017-02-04,1340
Missouri,2016-02-06,1185
Missouri,2015-02-07,1295
Missouri,2014-02-08,1137
Missouri,2019-02-09,1324
Missouri,2018-02-10,1437
Missouri,2017-02-11,1327
Missouri,2016-02-13,1180
Missouri,2015-02-14,1261
Missouri,2014-02-15,1145
Missouri,2019-02-16,1382
Missouri,2018-02-17,1431
Missouri,2017-02-18,1428
Missouri,2016-02-20,1230
Missouri,2015-02-21,1367
Missouri,2014-02-22,1189
Missouri,2019-02-23,1291
Missouri,2018-02-24,1376
Missouri,2017-02-25,1347
Missouri,2016-02-27,1236
Missouri,2015-02-28,1312
Missouri,2014-03-01,1217
Missouri,2019-03-02,1277
Missouri,2018-03-03,1286
Missouri,2017-03-04,1342
Missouri,2016-03-05,1201
Missouri,2015-03-07,1348
Missouri,2014-03-08,1241
Missouri,2019-03-09,1315
Missouri,2018-03-10,1300
Missouri,2017-03-11,1299
Missouri,2016-03-12,1239
Missouri,2015-03-14,1327
Missouri,2014-03-15,1180
Missouri,2019-03-16,1340
Missouri,2018-03-17,1290
Missouri,2017-03-18,1298
Missouri,2016-03-19,1207
Missouri,2015-03-21,1248
Missouri,2014-03-22,1212
Missouri,2019-03-23,1312
Missouri,2018-03-24,1307
Missouri,2017-03-25,1379
Missouri,2016-03-26,1225
Missouri,2015-03-28,1200
Missouri,2014-03-29,1213
Missouri,2019-03-30,1276
Missouri,2018-03-31,1293
Missouri,2017-04-01,1265
Missouri,2016-04-02,1162
Missouri,2015-04-04,1153
Missouri,2014-04-05,1164
Missouri,2019-04-06,1186
Missouri,2018-04-07,1268
Missouri,2017-04-08,1188
Missouri,2016-04-09,1241
Missouri,2015-04-11,1236
Missouri,2014-04-12,1172
Missouri,2019-04-13,1214
Missouri,2018-04-14,1282
Missouri,2017-04-15,1131
Missouri,2016-04-16,1242
Missouri,2015-04-18,1246
Missouri,2014-04-19,1141
Missouri,2019-04-20,1224
Missouri,2018-04-21,1285
Missouri,2017-04-22,1166
Missouri,2016-04-23,1263
Missouri,2015-04-25,1188
Missouri,2014-04-26,1118
Missouri,2019-04-27,1251
Missouri,2018-04-28,1249
Missouri,2017-04-29,1183
Missouri,2016-04-30,1172
Missouri,2015-05-02,1148
Missouri,2014-05-03,1161
Missouri,2019-05-04,1232
Missouri,2018-05-05,1245
Missouri,2017-05-06,1253
Missouri,2016-05-07,1174
Missouri,2015-05-09,1190
Missouri,2014-05-10,1186
Missouri,2019-05-11,1143
Missouri,2018-05-12,1188
Missouri,2017-05-13,1212
Missouri,2016-05-14,1071
Missouri,2015-05-16,1109
Missouri,2014-05-17,1066
Missouri,2019-05-18,1278
Missouri,2018-05-19,1152
Missouri,2017-05-20,1121
Missouri,2016-05-21,1122
Missouri,2015-05-23,1101
Missouri,2014-05-24,1091
Missouri,2019-05-25,1270
Missouri,2018-05-26,1191
Missouri,2017-05-27,1091
Missouri,2016-05-28,1162
Missouri,2015-05-30,1193
Missouri,2014-05-31,1051
Missouri,2019-06-01,1176
Missouri,2018-06-02,1174
Missouri,2017-06-03,1175
Missouri,2016-06-04,1132
Missouri,2015-06-06,1076
Missouri,2014-06-07,1129
Missouri,2019-06-08,1153
Missouri,2018-06-09,1222
Missouri,2017-06-10,1165
Missouri,2016-06-11,1176
Missouri,2015-06-13,1124
Missouri,2014-06-14,1106
Missouri,2019-06-15,1181
Missouri,2018-06-16,1167
Missouri,2017-06-17,1133
Missouri,2016-06-18,1152
Missouri,2015-06-20,1103
Missouri,2014-06-21,1164
Missouri,2019-06-22,1187
Missouri,2018-06-23,1114
Missouri,2017-06-24,1170
Missouri,2016-06-25,1128
Missouri,2015-06-27,1126
Missouri,2014-06-28,1120
Missouri,2019-06-29,1276
Missouri,2018-06-30,1153
Missouri,2017-07-01,1146
Missouri,2016-07-02,1146
Missouri,2015-07-04,1157
Missouri,2014-07-05,1107
Missouri,2019-07-06,1256
Missouri,2018-07-07,1163
Missouri,2017-07-08,1196
Missouri,2016-07-09,1122
Missouri,2015-07-11,1127
Missouri,2014-07-12,1098
Missouri,2019-07-13,1245
Missouri,2018-07-14,1092
Missouri,2017-07-15,1168
Missouri,2016-07-16,1185
Missouri,2015-07-18,1128
Missouri,2014-07-19,1079
Missouri,2019-07-20,1186
Missouri,2018-07-21,1182
Missouri,2017-07-22,1163
Missouri,2016-07-23,1089
Missouri,2015-07-25,1163
Missouri,2014-07-26,1069
Missouri,2019-07-27,1226
Missouri,2018-07-28,1164
Missouri,2017-07-29,1128
Missouri,2016-07-30,1132
Missouri,2015-08-01,1095
Missouri,2014-08-02,1088
Missouri,2019-08-03,1151
Missouri,2018-08-04,1118
Missouri,2017-08-05,1101
Missouri,2016-08-06,1112
Missouri,2015-08-08,1083
Missouri,2014-08-09,1055
Missouri,2019-08-10,1176
Missouri,2018-08-11,1218
Missouri,2017-08-12,1225
Missouri,2016-08-13,1205
Missouri,2015-08-15,1122
Missouri,2014-08-16,1112
Missouri,2019-08-17,1190
Missouri,2018-08-18,1185
Missouri,2017-08-19,1159
Missouri,2016-08-20,1122
Missouri,2015-08-22,1036
Missouri,2014-08-23,1108
Missouri,2019-08-24,1159
Missouri,2018-08-25,1168
Missouri,2017-08-26,1169
Missouri,2016-08-27,1096
Missouri,2015-08-29,1112
Missouri,2014-08-30,1068
Missouri,2019-08-31,1182
Missouri,2018-09-01,1205
Missouri,2017-09-02,1070
Missouri,2016-09-03,1120
Missouri,2015-09-05,1134
Missouri,2014-09-06,1057
Missouri,2019-09-07,1196
Missouri,2018-09-08,1173
Missouri,2017-09-09,1126
Missouri,2016-09-10,1129
Missouri,2015-09-12,1166
Missouri,2014-09-13,1072
Missouri,2019-09-14,1176
Missouri,2018-09-15,1205
Missouri,2017-09-16,1176
Missouri,2016-09-17,1152
Missouri,2015-09-19,1132
Missouri,2014-09-20,1116
Missouri,2019-09-21,1181
Missouri,2018-09-22,1178
Missouri,2017-09-23,1220
Missouri,2016-09-24,1093
Missouri,2015-09-26,1117
Missouri,2014-09-27,1092
Missouri,2019-09-28,1253
Missouri,2018-09-29,1163
Missouri,2017-09-30,1171
Missouri,2016-10-01,1141
Missouri,2015-10-03,1121
Missouri,2014-10-04,1104
Missouri,2019-10-05,1163
Missouri,2018-10-06,1209
Missouri,2017-10-07,1149
Missouri,2016-10-08,1082
Missouri,2015-10-10,1142
Missouri,2014-10-11,1102
Missouri,2019-10-12,1163
Missouri,2018-10-13,1154
Missouri,2017-10-14,1129
Missouri,2016-10-15,1216
Missouri,2015-10-17,1115
Missouri,2014-10-18,1169
Missouri,2019-10-19,1199
Missouri,2018-10-20,1168
Missouri,2017-10-21,1197
Missouri,2016-10-22,1183
Missouri,2015-10-24,1196
Missouri,2014-10-25,1156
Missouri,2019-10-26,1190
Missouri,2018-10-27,1274
Missouri,2017-10-28,1247
Missouri,2016-10-29,1213
Missouri,2015-10-31,1167
Missouri,2014-11-01,1131
Missouri,2019-11-02,1263
Missouri,2018-11-03,1258
Missouri,2017-11-04,1192
Missouri,2016-11-05,1240
Missouri,2015-11-07,1123
Missouri,2014-11-08,1155
Missouri,2019-11-09,1240
Missouri,2018-11-10,1211
Missouri,2017-11-11,1209
Missouri,2016-11-12,1120
Missouri,2015-11-14,1154
Missouri,2014-11-15,1181
Missouri,2019-11-16,1323
Missouri,2018-11-17,1258
Missouri,2017-11-18,1200
Missouri,2016-11-19,1213
Missouri,2015-11-21,1191
Missouri,2014-11-22,1216
Missouri,2019-11-23,1313
Missouri,2018-11-24,1242
Missouri,2017-11-25,1197
Missouri,2016-11-26,1166
Missouri,2015-11-28,1213
Missouri,2014-11-29,1166
Missouri,2019-11-30,1254
Missouri,2018-12-01,1178
Missouri,2017-12-02,1246
Missouri,2016-12-03,1237
Missouri,2015-12-05,1155
Missouri,2014-12-06,1280
Missouri,2019-12-07,1224
Missouri,2018-12-08,1269
Missouri,2017-12-09,1265
Missouri,2016-12-10,1221
Missouri,2015-12-12,1241
Missouri,2014-12-13,1316
Missouri,2019-12-14,1247
Missouri,2018-12-15,1252
Missouri,2017-12-16,1316
Missouri,2016-12-17,1284
Missouri,2015-12-19,1147
Missouri,2014-12-20,1312
Missouri,2019-12-21,1257
Missouri,2018-12-22,1292
Missouri,2017-12-23,1351
Missouri,2016-12-24,1321
Missouri,2015-12-26,1148
Missouri,2014-12-27,1348
Missouri,2019-12-28,1332
Missouri,2018-12-29,1245
Missouri,2017-12-30,1380
Missouri,2016-12-31,1315
Missouri,2020-01-04,1327
Missouri,2020-01-11,1333
Missouri,2020-01-18,1334
Missouri,2020-01-25,1352
Missouri,2020-02-01,1364
Missouri,2020-02-08,1334
Missouri,2020-02-15,1348
Missouri,2020-02-22,1361
Missouri,2020-02-29,1370
Missouri,2020-03-07,1394
Missouri,2020-03-14,1301
Missouri,2020-03-21,1272
Missouri,2020-03-28,1343
Missouri,2020-04-04,1301
Missouri,2020-04-11,1466
Missouri,2020-04-18,1358
Missouri,2020-04-25,1448
Missouri,2020-05-02,1393
Missouri,2020-05-09,1427
Missouri,2020-05-16,1343
Missouri,2020-05-23,1304
Missouri,2020-05-30,1244
Missouri,2020-06-06,1293
Missouri,2020-06-13,1263
Missouri,2020-06-20,1228
Missouri,2020-06-27,1284
Missouri,2020-07-04,1284
Missouri,2020-07-11,1295
Missouri,2020-07-18,1367
Missouri,2020-07-25,1355
Missouri,2020-08-01,1366
Missouri,2020-08-08,1355
Missouri,2020-08-15,1380
Missouri,2020-08-22,1402
Missouri,2020-08-29,1382
Missouri,2020-09-05,1410
Missouri,2020-09-12,1369
Missouri,2020-09-19,1445
Missouri,2020-09-26,1465
Missouri,2020-10-03,1522
Missouri,2020-10-10,1531
Missouri,2020-10-17,1519
Missouri,2020-10-24,1577
Missouri,2020-10-31,1611
Missouri,2020-11-07,1790
Missouri,2020-11-14,1839
Missouri,2020-11-21,1858
Missouri,2020-11-28,1908
Missouri,2020-12-05,1962
Missouri,2020-12-12,2017
Missouri,2020-12-19,1890
Missouri,2020-12-26,1830
Missouri,2021-01-02,1833
Missouri,2021-01-09,1750
Missouri,2021-01-16,1786
Missouri,2021-01-23,1723
Missouri,2021-01-30,1614
Missouri,2021-02-06,1520
Missouri,2021-02-13,1423
Missouri,2021-02-20,1511
Missouri,2021-02-27,1397
Missouri,2021-03-06,1365
Missouri,2021-03-13,1311
Missouri,2021-03-20,1248
Missouri,2021-03-27,1392
Missouri,2021-04-03,1285
Missouri,2021-04-10,1388
Missouri,2021-04-17,1299
Missouri,2021-04-24,1291
Missouri,2021-05-01,1291
Missouri,2021-05-08,1219
Missouri,2021-05-15,1306
Missouri,2021-05-22,1253
Missouri,2021-05-29,1220
Missouri,2021-06-05,1273
Missouri,2021-06-12,1281
Missouri,2021-06-19,1220
Missouri,2021-06-26,1301
Missouri,2021-07-03,1188
Missouri,2021-07-10,1225
Missouri,2021-07-17,1247
Missouri,2021-07-24,1164
Missouri,2021-07-31,1016
Missouri,2021-08-07,739
Montana,2016-01-02,197
Montana,2015-01-03,194
Montana,2014-01-04,193
Montana,2019-01-05,220
Montana,2018-01-06,193
Montana,2017-01-07,209
Montana,2016-01-09,178
Montana,2015-01-10,233
Montana,2014-01-11,191
Montana,2019-01-12,207
Montana,2018-01-13,205
Montana,2017-01-14,214
Montana,2016-01-16,206
Montana,2015-01-17,212
Montana,2014-01-18,200
Montana,2019-01-19,210
Montana,2018-01-20,178
Montana,2017-01-21,222
Montana,2016-01-23,183
Montana,2015-01-24,188
Montana,2014-01-25,165
Montana,2019-01-26,227
Montana,2018-01-27,217
Montana,2017-01-28,213
Montana,2016-01-30,198
Montana,2015-01-31,175
Montana,2014-02-01,180
Montana,2019-02-02,204
Montana,2018-02-03,196
Montana,2017-02-04,221
Montana,2016-02-06,186
Montana,2015-02-07,173
Montana,2014-02-08,179
Montana,2019-02-09,221
Montana,2018-02-10,199
Montana,2017-02-11,223
Montana,2016-02-13,188
Montana,2015-02-14,183
Montana,2014-02-15,192
Montana,2019-02-16,218
Montana,2018-02-17,222
Montana,2017-02-18,220
Montana,2016-02-20,180
Montana,2015-02-21,193
Montana,2014-02-22,181
Montana,2019-02-23,230
Montana,2018-02-24,197
Montana,2017-02-25,246
Montana,2016-02-27,227
Montana,2015-02-28,189
Montana,2014-03-01,189
Montana,2019-03-02,224
Montana,2018-03-03,193
Montana,2017-03-04,201
Montana,2016-03-05,199
Montana,2015-03-07,172
Montana,2014-03-08,189
Montana,2019-03-09,242
Montana,2018-03-10,221
Montana,2017-03-11,219
Montana,2016-03-12,182
Montana,2015-03-14,181
Montana,2014-03-15,178
Montana,2019-03-16,209
Montana,2018-03-17,196
Montana,2017-03-18,209
Montana,2016-03-19,179
Montana,2015-03-21,194
Montana,2014-03-22,202
Montana,2019-03-23,208
Montana,2018-03-24,194
Montana,2017-03-25,217
Montana,2016-03-26,205
Montana,2015-03-28,186
Montana,2014-03-29,193
Montana,2019-03-30,185
Montana,2018-03-31,163
Montana,2017-04-01,200
Montana,2016-04-02,203
Montana,2015-04-04,180
Montana,2014-04-05,193
Montana,2019-04-06,208
Montana,2018-04-07,212
Montana,2017-04-08,192
Montana,2016-04-09,193
Montana,2015-04-11,194
Montana,2014-04-12,191
Montana,2019-04-13,198
Montana,2018-04-14,190
Montana,2017-04-15,200
Montana,2016-04-16,195
Montana,2015-04-18,206
Montana,2014-04-19,174
Montana,2019-04-20,227
Montana,2018-04-21,191
Montana,2017-04-22,192
Montana,2016-04-23,199
Montana,2015-04-25,190
Montana,2014-04-26,184
Montana,2019-04-27,178
Montana,2018-04-28,204
Montana,2017-04-29,193
Montana,2016-04-30,194
Montana,2015-05-02,184
Montana,2014-05-03,159
Montana,2019-05-04,195
Montana,2018-05-05,176
Montana,2017-05-06,184
Montana,2016-05-07,191
Montana,2015-05-09,209
Montana,2014-05-10,170
Montana,2019-05-11,195
Montana,2018-05-12,173
Montana,2017-05-13,203
Montana,2016-05-14,189
Montana,2015-05-16,188
Montana,2014-05-17,167
Montana,2019-05-18,192
Montana,2018-05-19,171
Montana,2017-05-20,197
Montana,2016-05-21,168
Montana,2015-05-23,226
Montana,2014-05-24,182
Montana,2019-05-25,187
Montana,2018-05-26,156
Montana,2017-05-27,206
Montana,2016-05-28,208
Montana,2015-05-30,174
Montana,2014-05-31,187
Montana,2019-06-01,182
Montana,2018-06-02,163
Montana,2017-06-03,176
Montana,2016-06-04,183
Montana,2015-06-06,175
Montana,2014-06-07,164
Montana,2019-06-08,201
Montana,2018-06-09,189
Montana,2017-06-10,200
Montana,2016-06-11,180
Montana,2015-06-13,169
Montana,2014-06-14,188
Montana,2019-06-15,192
Montana,2018-06-16,195
Montana,2017-06-17,187
Montana,2016-06-18,164
Montana,2015-06-20,196
Montana,2014-06-21,167
Montana,2019-06-22,168
Montana,2018-06-23,177
Montana,2017-06-24,189
Montana,2016-06-25,172
Montana,2015-06-27,202
Montana,2014-06-28,183
Montana,2019-06-29,207
Montana,2018-06-30,175
Montana,2017-07-01,162
Montana,2016-07-02,174
Montana,2015-07-04,197
Montana,2014-07-05,179
Montana,2019-07-06,193
Montana,2018-07-07,192
Montana,2017-07-08,196
Montana,2016-07-09,205
Montana,2015-07-11,183
Montana,2014-07-12,142
Montana,2019-07-13,170
Montana,2018-07-14,180
Montana,2017-07-15,191
Montana,2016-07-16,207
Montana,2015-07-18,184
Montana,2014-07-19,186
Montana,2019-07-20,194
Montana,2018-07-21,182
Montana,2017-07-22,193
Montana,2016-07-23,207
Montana,2015-07-25,199
Montana,2014-07-26,187
Montana,2019-07-27,219
Montana,2018-07-28,211
Montana,2017-07-29,196
Montana,2016-07-30,181
Montana,2015-08-01,184
Montana,2014-08-02,177
Montana,2019-08-03,187
Montana,2018-08-04,210
Montana,2017-08-05,214
Montana,2016-08-06,178
Montana,2015-08-08,178
Montana,2014-08-09,192
Montana,2019-08-10,184
Montana,2018-08-11,196
Montana,2017-08-12,188
Montana,2016-08-13,186
Montana,2015-08-15,192
Montana,2014-08-16,172
Montana,2019-08-17,175
Montana,2018-08-18,177
Montana,2017-08-19,201
Montana,2016-08-20,178
Montana,2015-08-22,181
Montana,2014-08-23,169
Montana,2019-08-24,192
Montana,2018-08-25,199
Montana,2017-08-26,169
Montana,2016-08-27,204
Montana,2015-08-29,212
Montana,2014-08-30,175
Montana,2019-08-31,202
Montana,2018-09-01,167
Montana,2017-09-02,172
Montana,2016-09-03,164
Montana,2015-09-05,163
Montana,2014-09-06,188
Montana,2019-09-07,205
Montana,2018-09-08,199
Montana,2017-09-09,169
Montana,2016-09-10,205
Montana,2015-09-12,191
Montana,2014-09-13,173
Montana,2019-09-14,185
Montana,2018-09-15,195
Montana,2017-09-16,175
Montana,2016-09-17,172
Montana,2015-09-19,187
Montana,2014-09-20,199
Montana,2019-09-21,184
Montana,2018-09-22,176
Montana,2017-09-23,181
Montana,2016-09-24,185
Montana,2015-09-26,182
Montana,2014-09-27,194
Montana,2019-09-28,197
Montana,2018-09-29,176
Montana,2017-09-30,169
Montana,2016-10-01,151
Montana,2015-10-03,180
Montana,2014-10-04,183
Montana,2019-10-05,209
Montana,2018-10-06,210
Montana,2017-10-07,218
Montana,2016-10-08,190
Montana,2015-10-10,177
Montana,2014-10-11,167
Montana,2019-10-12,201
Montana,2018-10-13,199
Montana,2017-10-14,190
Montana,2016-10-15,184
Montana,2015-10-17,209
Montana,2014-10-18,177
Montana,2019-10-19,202
Montana,2018-10-20,186
Montana,2017-10-21,199
Montana,2016-10-22,179
Montana,2015-10-24,186
Montana,2014-10-25,177
Montana,2019-10-26,203
Montana,2018-10-27,194
Montana,2017-10-28,188
Montana,2016-10-29,220
Montana,2015-10-31,187
Montana,2014-11-01,176
Montana,2019-11-02,188
Montana,2018-11-03,177
Montana,2017-11-04,187
Montana,2016-11-05,179
Montana,2015-11-07,192
Montana,2014-11-08,187
Montana,2019-11-09,199
Montana,2018-11-10,204
Montana,2017-11-11,182
Montana,2016-11-12,179
Montana,2015-11-14,171
Montana,2014-11-15,170
Montana,2019-11-16,186
Montana,2018-11-17,212
Montana,2017-11-18,190
Montana,2016-11-19,181
Montana,2015-11-21,173
Montana,2014-11-22,207
Montana,2019-11-23,181
Montana,2018-11-24,218
Montana,2017-11-25,192
Montana,2016-11-26,195
Montana,2015-11-28,168
Montana,2014-11-29,187
Montana,2019-11-30,196
Montana,2018-12-01,201
Montana,2017-12-02,210
Montana,2016-12-03,190
Montana,2015-12-05,214
Montana,2014-12-06,168
Montana,2019-12-07,230
Montana,2018-12-08,164
Montana,2017-12-09,161
Montana,2016-12-10,197
Montana,2015-12-12,206
Montana,2014-12-13,174
Montana,2019-12-14,200
Montana,2018-12-15,180
Montana,2017-12-16,198
Montana,2016-12-17,190
Montana,2015-12-19,196
Montana,2014-12-20,163
Montana,2019-12-21,194
Montana,2018-12-22,213
Montana,2017-12-23,198
Montana,2016-12-24,232
Montana,2015-12-26,183
Montana,2014-12-27,182
Montana,2019-12-28,171
Montana,2018-12-29,187
Montana,2017-12-30,199
Montana,2016-12-31,215
Montana,2020-01-04,231
Montana,2020-01-11,211
Montana,2020-01-18,202
Montana,2020-01-25,197
Montana,2020-02-01,218
Montana,2020-02-08,202
Montana,2020-02-15,198
Montana,2020-02-22,217
Montana,2020-02-29,236
Montana,2020-03-07,221
Montana,2020-03-14,218
Montana,2020-03-21,229
Montana,2020-03-28,205
Montana,2020-04-04,177
Montana,2020-04-11,216
Montana,2020-04-18,191
Montana,2020-04-25,187
Montana,2020-05-02,204
Montana,2020-05-09,177
Montana,2020-05-16,205
Montana,2020-05-23,181
Montana,2020-05-30,180
Montana,2020-06-06,178
Montana,2020-06-13,223
Montana,2020-06-20,198
Montana,2020-06-27,199
Montana,2020-07-04,175
Montana,2020-07-11,190
Montana,2020-07-18,203
Montana,2020-07-25,224
Montana,2020-08-01,216
Montana,2020-08-08,216
Montana,2020-08-15,204
Montana,2020-08-22,240
Montana,2020-08-29,195
Montana,2020-09-05,233
Montana,2020-09-12,221
Montana,2020-09-19,235
Montana,2020-09-26,236
Montana,2020-10-03,240
Montana,2020-10-10,282
Montana,2020-10-17,267
Montana,2020-10-24,295
Montana,2020-10-31,317
Montana,2020-11-07,299
Montana,2020-11-14,323
Montana,2020-11-21,332
Montana,2020-11-28,307
Montana,2020-12-05,270
Montana,2020-12-12,303
Montana,2020-12-19,271
Montana,2020-12-26,308
Montana,2021-01-02,274
Montana,2021-01-09,248
Montana,2021-01-16,253
Montana,2021-01-23,247
Montana,2021-01-30,199
Montana,2021-02-06,216
Montana,2021-02-13,222
Montana,2021-02-20,211
Montana,2021-02-27,224
Montana,2021-03-06,188
Montana,2021-03-13,199
Montana,2021-03-20,221
Montana,2021-03-27,205
Montana,2021-04-03,168
Montana,2021-04-10,204
Montana,2021-04-17,232
Montana,2021-04-24,205
Montana,2021-05-01,222
Montana,2021-05-08,197
Montana,2021-05-15,196
Montana,2021-05-22,221
Montana,2021-05-29,210
Montana,2021-06-05,201
Montana,2021-06-12,228
Montana,2021-06-19,231
Montana,2021-06-26,210
Montana,2021-07-03,223
Montana,2021-07-10,193
Montana,2021-07-17,214
Montana,2021-07-24,192
Montana,2021-07-31,207
Montana,2021-08-07,112
Nebraska,2016-01-02,333
Nebraska,2015-01-03,369
Nebraska,2014-01-04,307
Nebraska,2019-01-05,370
Nebraska,2018-01-06,408
Nebraska,2017-01-07,396
Nebraska,2016-01-09,312
Nebraska,2015-01-10,399
Nebraska,2014-01-11,338
Nebraska,2019-01-12,385
Nebraska,2018-01-13,372
Nebraska,2017-01-14,439
Nebraska,2016-01-16,332
Nebraska,2015-01-17,375
Nebraska,2014-01-18,326
Nebraska,2019-01-19,346
Nebraska,2018-01-20,389
Nebraska,2017-01-21,385
Nebraska,2016-01-23,347
Nebraska,2015-01-24,367
Nebraska,2014-01-25,324
Nebraska,2019-01-26,368
Nebraska,2018-01-27,364
Nebraska,2017-01-28,360
Nebraska,2016-01-30,330
Nebraska,2015-01-31,389
Nebraska,2014-02-01,354
Nebraska,2019-02-02,343
Nebraska,2018-02-03,341
Nebraska,2017-02-04,357
Nebraska,2016-02-06,287
Nebraska,2015-02-07,390
Nebraska,2014-02-08,337
Nebraska,2019-02-09,336
Nebraska,2018-02-10,339
Nebraska,2017-02-11,422
Nebraska,2016-02-13,281
Nebraska,2015-02-14,349
Nebraska,2014-02-15,339
Nebraska,2019-02-16,339
Nebraska,2018-02-17,339
Nebraska,2017-02-18,353
Nebraska,2016-02-20,342
Nebraska,2015-02-21,354
Nebraska,2014-02-22,345
Nebraska,2019-02-23,374
Nebraska,2018-02-24,358
Nebraska,2017-02-25,348
Nebraska,2016-02-27,320
Nebraska,2015-02-28,338
Nebraska,2014-03-01,324
Nebraska,2019-03-02,361
Nebraska,2018-03-03,346
Nebraska,2017-03-04,327
Nebraska,2016-03-05,321
Nebraska,2015-03-07,359
Nebraska,2014-03-08,315
Nebraska,2019-03-09,352
Nebraska,2018-03-10,357
Nebraska,2017-03-11,331
Nebraska,2016-03-12,313
Nebraska,2015-03-14,359
Nebraska,2014-03-15,316
Nebraska,2019-03-16,317
Nebraska,2018-03-17,372
Nebraska,2017-03-18,367
Nebraska,2016-03-19,324
Nebraska,2015-03-21,356
Nebraska,2014-03-22,345
Nebraska,2019-03-23,325
Nebraska,2018-03-24,315
Nebraska,2017-03-25,302
Nebraska,2016-03-26,296
Nebraska,2015-03-28,327
Nebraska,2014-03-29,317
Nebraska,2019-03-30,344
Nebraska,2018-03-31,368
Nebraska,2017-04-01,340
Nebraska,2016-04-02,326
Nebraska,2015-04-04,354
Nebraska,2014-04-05,329
Nebraska,2019-04-06,354
Nebraska,2018-04-07,355
Nebraska,2017-04-08,317
Nebraska,2016-04-09,337
Nebraska,2015-04-11,332
Nebraska,2014-04-12,355
Nebraska,2019-04-13,313
Nebraska,2018-04-14,342
Nebraska,2017-04-15,318
Nebraska,2016-04-16,372
Nebraska,2015-04-18,332
Nebraska,2014-04-19,307
Nebraska,2019-04-20,349
Nebraska,2018-04-21,324
Nebraska,2017-04-22,286
Nebraska,2016-04-23,308
Nebraska,2015-04-25,312
Nebraska,2014-04-26,278
Nebraska,2019-04-27,321
Nebraska,2018-04-28,301
Nebraska,2017-04-29,319
Nebraska,2016-04-30,298
Nebraska,2015-05-02,325
Nebraska,2014-05-03,305
Nebraska,2019-05-04,307
Nebraska,2018-05-05,330
Nebraska,2017-05-06,322
Nebraska,2016-05-07,332
Nebraska,2015-05-09,331
Nebraska,2014-05-10,318
Nebraska,2019-05-11,322
Nebraska,2018-05-12,314
Nebraska,2017-05-13,308
Nebraska,2016-05-14,299
Nebraska,2015-05-16,299
Nebraska,2014-05-17,281
Nebraska,2019-05-18,347
Nebraska,2018-05-19,312
Nebraska,2017-05-20,295
Nebraska,2016-05-21,306
Nebraska,2015-05-23,302
Nebraska,2014-05-24,315
Nebraska,2019-05-25,305
Nebraska,2018-05-26,277
Nebraska,2017-05-27,326
Nebraska,2016-05-28,282
Nebraska,2015-05-30,313
Nebraska,2014-05-31,291
Nebraska,2019-06-01,312
Nebraska,2018-06-02,311
Nebraska,2017-06-03,321
Nebraska,2016-06-04,279
Nebraska,2015-06-06,307
Nebraska,2014-06-07,269
Nebraska,2019-06-08,302
Nebraska,2018-06-09,311
Nebraska,2017-06-10,323
Nebraska,2016-06-11,316
Nebraska,2015-06-13,307
Nebraska,2014-06-14,284
Nebraska,2019-06-15,305
Nebraska,2018-06-16,315
Nebraska,2017-06-17,303
Nebraska,2016-06-18,281
Nebraska,2015-06-20,322
Nebraska,2014-06-21,310
Nebraska,2019-06-22,313
Nebraska,2018-06-23,314
Nebraska,2017-06-24,338
Nebraska,2016-06-25,266
Nebraska,2015-06-27,291
Nebraska,2014-06-28,295
Nebraska,2019-06-29,291
Nebraska,2018-06-30,352
Nebraska,2017-07-01,310
Nebraska,2016-07-02,306
Nebraska,2015-07-04,313
Nebraska,2014-07-05,266
Nebraska,2019-07-06,305
Nebraska,2018-07-07,327
Nebraska,2017-07-08,328
Nebraska,2016-07-09,275
Nebraska,2015-07-11,326
Nebraska,2014-07-12,280
Nebraska,2019-07-13,309
Nebraska,2018-07-14,307
Nebraska,2017-07-15,324
Nebraska,2016-07-16,273
Nebraska,2015-07-18,309
Nebraska,2014-07-19,297
Nebraska,2019-07-20,310
Nebraska,2018-07-21,279
Nebraska,2017-07-22,293
Nebraska,2016-07-23,278
Nebraska,2015-07-25,283
Nebraska,2014-07-26,276
Nebraska,2019-07-27,303
Nebraska,2018-07-28,317
Nebraska,2017-07-29,275
Nebraska,2016-07-30,311
Nebraska,2015-08-01,308
Nebraska,2014-08-02,274
Nebraska,2019-08-03,320
Nebraska,2018-08-04,304
Nebraska,2017-08-05,296
Nebraska,2016-08-06,308
Nebraska,2015-08-08,291
Nebraska,2014-08-09,275
Nebraska,2019-08-10,300
Nebraska,2018-08-11,319
Nebraska,2017-08-12,268
Nebraska,2016-08-13,330
Nebraska,2015-08-15,310
Nebraska,2014-08-16,273
Nebraska,2019-08-17,345
Nebraska,2018-08-18,290
Nebraska,2017-08-19,277
Nebraska,2016-08-20,340
Nebraska,2015-08-22,301
Nebraska,2014-08-23,277
Nebraska,2019-08-24,287
Nebraska,2018-08-25,326
Nebraska,2017-08-26,318
Nebraska,2016-08-27,333
Nebraska,2015-08-29,303
Nebraska,2014-08-30,296
Nebraska,2019-08-31,298
Nebraska,2018-09-01,297
Nebraska,2017-09-02,312
Nebraska,2016-09-03,288
Nebraska,2015-09-05,286
Nebraska,2014-09-06,276
Nebraska,2019-09-07,304
Nebraska,2018-09-08,306
Nebraska,2017-09-09,317
Nebraska,2016-09-10,300
Nebraska,2015-09-12,305
Nebraska,2014-09-13,333
Nebraska,2019-09-14,311
Nebraska,2018-09-15,331
Nebraska,2017-09-16,301
Nebraska,2016-09-17,293
Nebraska,2015-09-19,317
Nebraska,2014-09-20,308
Nebraska,2019-09-21,323
Nebraska,2018-09-22,315
Nebraska,2017-09-23,313
Nebraska,2016-09-24,282
Nebraska,2015-09-26,321
Nebraska,2014-09-27,317
Nebraska,2019-09-28,327
Nebraska,2018-09-29,314
Nebraska,2017-09-30,283
Nebraska,2016-10-01,305
Nebraska,2015-10-03,290
Nebraska,2014-10-04,289
Nebraska,2019-10-05,320
Nebraska,2018-10-06,327
Nebraska,2017-10-07,324
Nebraska,2016-10-08,291
Nebraska,2015-10-10,344
Nebraska,2014-10-11,299
Nebraska,2019-10-12,366
Nebraska,2018-10-13,328
Nebraska,2017-10-14,321
Nebraska,2016-10-15,312
Nebraska,2015-10-17,313
Nebraska,2014-10-18,316
Nebraska,2019-10-19,325
Nebraska,2018-10-20,343
Nebraska,2017-10-21,322
Nebraska,2016-10-22,310
Nebraska,2015-10-24,343
Nebraska,2014-10-25,309
Nebraska,2019-10-26,353
Nebraska,2018-10-27,328
Nebraska,2017-10-28,321
Nebraska,2016-10-29,309
Nebraska,2015-10-31,309
Nebraska,2014-11-01,324
Nebraska,2019-11-02,316
Nebraska,2018-11-03,306
Nebraska,2017-11-04,321
Nebraska,2016-11-05,336
Nebraska,2015-11-07,304
Nebraska,2014-11-08,326
Nebraska,2019-11-09,313
Nebraska,2018-11-10,335
Nebraska,2017-11-11,347
Nebraska,2016-11-12,313
Nebraska,2015-11-14,319
Nebraska,2014-11-15,323
Nebraska,2019-11-16,329
Nebraska,2018-11-17,336
Nebraska,2017-11-18,304
Nebraska,2016-11-19,348
Nebraska,2015-11-21,280
Nebraska,2014-11-22,282
Nebraska,2019-11-23,341
Nebraska,2018-11-24,308
Nebraska,2017-11-25,342
Nebraska,2016-11-26,327
Nebraska,2015-11-28,308
Nebraska,2014-11-29,326
Nebraska,2019-11-30,299
Nebraska,2018-12-01,285
Nebraska,2017-12-02,315
Nebraska,2016-12-03,323
Nebraska,2015-12-05,321
Nebraska,2014-12-06,314
Nebraska,2019-12-07,344
Nebraska,2018-12-08,327
Nebraska,2017-12-09,321
Nebraska,2016-12-10,339
Nebraska,2015-12-12,321
Nebraska,2014-12-13,369
Nebraska,2019-12-14,348
Nebraska,2018-12-15,344
Nebraska,2017-12-16,367
Nebraska,2016-12-17,350
Nebraska,2015-12-19,291
Nebraska,2014-12-20,316
Nebraska,2019-12-21,381
Nebraska,2018-12-22,333
Nebraska,2017-12-23,344
Nebraska,2016-12-24,361
Nebraska,2015-12-26,344
Nebraska,2014-12-27,344
Nebraska,2019-12-28,360
Nebraska,2018-12-29,345
Nebraska,2017-12-30,356
Nebraska,2016-12-31,348
Nebraska,2020-01-04,346
Nebraska,2020-01-11,362
Nebraska,2020-01-18,333
Nebraska,2020-01-25,358
Nebraska,2020-02-01,373
Nebraska,2020-02-08,345
Nebraska,2020-02-15,327
Nebraska,2020-02-22,318
Nebraska,2020-02-29,341
Nebraska,2020-03-07,355
Nebraska,2020-03-14,343
Nebraska,2020-03-21,350
Nebraska,2020-03-28,331
Nebraska,2020-04-04,310
Nebraska,2020-04-11,343
Nebraska,2020-04-18,353
Nebraska,2020-04-25,353
Nebraska,2020-05-02,344
Nebraska,2020-05-09,338
Nebraska,2020-05-16,352
Nebraska,2020-05-23,347
Nebraska,2020-05-30,375
Nebraska,2020-06-06,319
Nebraska,2020-06-13,319
Nebraska,2020-06-20,371
Nebraska,2020-06-27,320
Nebraska,2020-07-04,308
Nebraska,2020-07-11,317
Nebraska,2020-07-18,325
Nebraska,2020-07-25,361
Nebraska,2020-08-01,358
Nebraska,2020-08-08,381
Nebraska,2020-08-15,354
Nebraska,2020-08-22,363
Nebraska,2020-08-29,323
Nebraska,2020-09-05,350
Nebraska,2020-09-12,339
Nebraska,2020-09-19,328
Nebraska,2020-09-26,378
Nebraska,2020-10-03,373
Nebraska,2020-10-10,406
Nebraska,2020-10-17,401
Nebraska,2020-10-24,425
Nebraska,2020-10-31,442
Nebraska,2020-11-07,498
Nebraska,2020-11-14,551
Nebraska,2020-11-21,574
Nebraska,2020-11-28,565
Nebraska,2020-12-05,514
Nebraska,2020-12-12,501
Nebraska,2020-12-19,460
Nebraska,2020-12-26,426
Nebraska,2021-01-02,434
Nebraska,2021-01-09,446
Nebraska,2021-01-16,390
Nebraska,2021-01-23,407
Nebraska,2021-01-30,378
Nebraska,2021-02-06,364
Nebraska,2021-02-13,341
Nebraska,2021-02-20,328
Nebraska,2021-02-27,318
Nebraska,2021-03-06,354
Nebraska,2021-03-13,318
Nebraska,2021-03-20,328
Nebraska,2021-03-27,333
Nebraska,2021-04-03,329
Nebraska,2021-04-10,321
Nebraska,2021-04-17,361
Nebraska,2021-04-24,327
Nebraska,2021-05-01,368
Nebraska,2021-05-08,341
Nebraska,2021-05-15,369
Nebraska,2021-05-22,320
Nebraska,2021-05-29,324
Nebraska,2021-06-05,306
Nebraska,2021-06-12,310
Nebraska,2021-06-19,318
Nebraska,2021-06-26,299
Nebraska,2021-07-03,298
Nebraska,2021-07-10,269
Nebraska,2021-07-17,250
Nebraska,2021-07-24,101
Nebraska,2021-07-31,0
Nebraska,2021-08-07,0
Nevada,2016-01-02,518
Nevada,2015-01-03,464
Nevada,2014-01-04,493
Nevada,2019-01-05,535
Nevada,2018-01-06,593
Nevada,2017-01-07,603
Nevada,2016-01-09,503
Nevada,2015-01-10,518
Nevada,2014-01-11,463
Nevada,2019-01-12,540
Nevada,2018-01-13,618
Nevada,2017-01-14,560
Nevada,2016-01-16,483
Nevada,2015-01-17,504
Nevada,2014-01-18,455
Nevada,2019-01-19,563
Nevada,2018-01-20,574
Nevada,2017-01-21,529
Nevada,2016-01-23,477
Nevada,2015-01-24,481
Nevada,2014-01-25,460
Nevada,2019-01-26,502
Nevada,2018-01-27,547
Nevada,2017-01-28,558
Nevada,2016-01-30,457
Nevada,2015-01-31,517
Nevada,2014-02-01,477
Nevada,2019-02-02,540
Nevada,2018-02-03,519
Nevada,2017-02-04,523
Nevada,2016-02-06,537
Nevada,2015-02-07,474
Nevada,2014-02-08,464
Nevada,2019-02-09,568
Nevada,2018-02-10,528
Nevada,2017-02-11,520
Nevada,2016-02-13,518
Nevada,2015-02-14,460
Nevada,2014-02-15,472
Nevada,2019-02-16,515
Nevada,2018-02-17,482
Nevada,2017-02-18,505
Nevada,2016-02-20,494
Nevada,2015-02-21,467
Nevada,2014-02-22,429
Nevada,2019-02-23,516
Nevada,2018-02-24,499
Nevada,2017-02-25,510
Nevada,2016-02-27,521
Nevada,2015-02-28,433
Nevada,2014-03-01,467
Nevada,2019-03-02,597
Nevada,2018-03-03,520
Nevada,2017-03-04,514
Nevada,2016-03-05,493
Nevada,2015-03-07,481
Nevada,2014-03-08,448
Nevada,2019-03-09,548
Nevada,2018-03-10,517
Nevada,2017-03-11,484
Nevada,2016-03-12,510
Nevada,2015-03-14,474
Nevada,2014-03-15,437
Nevada,2019-03-16,511
Nevada,2018-03-17,548
Nevada,2017-03-18,546
Nevada,2016-03-19,479
Nevada,2015-03-21,509
Nevada,2014-03-22,433
Nevada,2019-03-23,530
Nevada,2018-03-24,495
Nevada,2017-03-25,495
Nevada,2016-03-26,496
Nevada,2015-03-28,448
Nevada,2014-03-29,444
Nevada,2019-03-30,499
Nevada,2018-03-31,486
Nevada,2017-04-01,485
Nevada,2016-04-02,495
Nevada,2015-04-04,447
Nevada,2014-04-05,438
Nevada,2019-04-06,544
Nevada,2018-04-07,505
Nevada,2017-04-08,473
Nevada,2016-04-09,516
Nevada,2015-04-11,404
Nevada,2014-04-12,431
Nevada,2019-04-13,514
Nevada,2018-04-14,494
Nevada,2017-04-15,504
Nevada,2016-04-16,447
Nevada,2015-04-18,471
Nevada,2014-04-19,416
Nevada,2019-04-20,523
Nevada,2018-04-21,471
Nevada,2017-04-22,503
Nevada,2016-04-23,498
Nevada,2015-04-25,471
Nevada,2014-04-26,404
Nevada,2019-04-27,541
Nevada,2018-04-28,498
Nevada,2017-04-29,499
Nevada,2016-04-30,481
Nevada,2015-05-02,465
Nevada,2014-05-03,378
Nevada,2019-05-04,514
Nevada,2018-05-05,461
Nevada,2017-05-06,490
Nevada,2016-05-07,416
Nevada,2015-05-09,438
Nevada,2014-05-10,426
Nevada,2019-05-11,488
Nevada,2018-05-12,455
Nevada,2017-05-13,486
Nevada,2016-05-14,485
Nevada,2015-05-16,448
Nevada,2014-05-17,429
Nevada,2019-05-18,486
Nevada,2018-05-19,446
Nevada,2017-05-20,468
Nevada,2016-05-21,431
Nevada,2015-05-23,396
Nevada,2014-05-24,399
Nevada,2019-05-25,477
Nevada,2018-05-26,466
Nevada,2017-05-27,485
Nevada,2016-05-28,411
Nevada,2015-05-30,436
Nevada,2014-05-31,392
Nevada,2019-06-01,466
Nevada,2018-06-02,486
Nevada,2017-06-03,484
Nevada,2016-06-04,454
Nevada,2015-06-06,442
Nevada,2014-06-07,410
Nevada,2019-06-08,507
Nevada,2018-06-09,497
Nevada,2017-06-10,467
Nevada,2016-06-11,454
Nevada,2015-06-13,421
Nevada,2014-06-14,401
Nevada,2019-06-15,517
Nevada,2018-06-16,481
Nevada,2017-06-17,498
Nevada,2016-06-18,429
Nevada,2015-06-20,458
Nevada,2014-06-21,430
Nevada,2019-06-22,488
Nevada,2018-06-23,491
Nevada,2017-06-24,495
Nevada,2016-06-25,433
Nevada,2015-06-27,457
Nevada,2014-06-28,358
Nevada,2019-06-29,481
Nevada,2018-06-30,519
Nevada,2017-07-01,497
Nevada,2016-07-02,465
Nevada,2015-07-04,451
Nevada,2014-07-05,415
Nevada,2019-07-06,481
Nevada,2018-07-07,472
Nevada,2017-07-08,483
Nevada,2016-07-09,439
Nevada,2015-07-11,434
Nevada,2014-07-12,445
Nevada,2019-07-13,495
Nevada,2018-07-14,454
Nevada,2017-07-15,501
Nevada,2016-07-16,472
Nevada,2015-07-18,432
Nevada,2014-07-19,431
Nevada,2019-07-20,495
Nevada,2018-07-21,494
Nevada,2017-07-22,426
Nevada,2016-07-23,424
Nevada,2015-07-25,414
Nevada,2014-07-26,411
Nevada,2019-07-27,438
Nevada,2018-07-28,467
Nevada,2017-07-29,436
Nevada,2016-07-30,473
Nevada,2015-08-01,390
Nevada,2014-08-02,394
Nevada,2019-08-03,508
Nevada,2018-08-04,481
Nevada,2017-08-05,441
Nevada,2016-08-06,491
Nevada,2015-08-08,427
Nevada,2014-08-09,409
Nevada,2019-08-10,483
Nevada,2018-08-11,432
Nevada,2017-08-12,440
Nevada,2016-08-13,464
Nevada,2015-08-15,435
Nevada,2014-08-16,400
Nevada,2019-08-17,480
Nevada,2018-08-18,468
Nevada,2017-08-19,409
Nevada,2016-08-20,467
Nevada,2015-08-22,462
Nevada,2014-08-23,394
Nevada,2019-08-24,482
Nevada,2018-08-25,442
Nevada,2017-08-26,410
Nevada,2016-08-27,477
Nevada,2015-08-29,404
Nevada,2014-08-30,426
Nevada,2019-08-31,473
Nevada,2018-09-01,470
Nevada,2017-09-02,500
Nevada,2016-09-03,450
Nevada,2015-09-05,434
Nevada,2014-09-06,417
Nevada,2019-09-07,472
Nevada,2018-09-08,452
Nevada,2017-09-09,436
Nevada,2016-09-10,475
Nevada,2015-09-12,386
Nevada,2014-09-13,417
Nevada,2019-09-14,485
Nevada,2018-09-15,471
Nevada,2017-09-16,441
Nevada,2016-09-17,439
Nevada,2015-09-19,427
Nevada,2014-09-20,449
Nevada,2019-09-21,472
Nevada,2018-09-22,446
Nevada,2017-09-23,445
Nevada,2016-09-24,470
Nevada,2015-09-26,430
Nevada,2014-09-27,413
Nevada,2019-09-28,494
Nevada,2018-09-29,430
Nevada,2017-09-30,479
Nevada,2016-10-01,446
Nevada,2015-10-03,416
Nevada,2014-10-04,418
Nevada,2019-10-05,470
Nevada,2018-10-06,442
Nevada,2017-10-07,505
Nevada,2016-10-08,431
Nevada,2015-10-10,444
Nevada,2014-10-11,421
Nevada,2019-10-12,522
Nevada,2018-10-13,466
Nevada,2017-10-14,457
Nevada,2016-10-15,437
Nevada,2015-10-17,437
Nevada,2014-10-18,452
Nevada,2019-10-19,417
Nevada,2018-10-20,449
Nevada,2017-10-21,447
Nevada,2016-10-22,435
Nevada,2015-10-24,437
Nevada,2014-10-25,439
Nevada,2019-10-26,465
Nevada,2018-10-27,437
Nevada,2017-10-28,487
Nevada,2016-10-29,477
Nevada,2015-10-31,419
Nevada,2014-11-01,372
Nevada,2019-11-02,488
Nevada,2018-11-03,467
Nevada,2017-11-04,465
Nevada,2016-11-05,447
Nevada,2015-11-07,448
Nevada,2014-11-08,431
Nevada,2019-11-09,513
Nevada,2018-11-10,488
Nevada,2017-11-11,440
Nevada,2016-11-12,411
Nevada,2015-11-14,475
Nevada,2014-11-15,467
Nevada,2019-11-16,504
Nevada,2018-11-17,479
Nevada,2017-11-18,467
Nevada,2016-11-19,474
Nevada,2015-11-21,481
Nevada,2014-11-22,432
Nevada,2019-11-23,510
Nevada,2018-11-24,474
Nevada,2017-11-25,485
Nevada,2016-11-26,453
Nevada,2015-11-28,477
Nevada,2014-11-29,419
Nevada,2019-11-30,497
Nevada,2018-12-01,503
Nevada,2017-12-02,505
Nevada,2016-12-03,451
Nevada,2015-12-05,484
Nevada,2014-12-06,443
Nevada,2019-12-07,496
Nevada,2018-12-08,462
Nevada,2017-12-09,483
Nevada,2016-12-10,504
Nevada,2015-12-12,509
Nevada,2014-12-13,411
Nevada,2019-12-14,512
Nevada,2018-12-15,499
Nevada,2017-12-16,534
Nevada,2016-12-17,502
Nevada,2015-12-19,435
Nevada,2014-12-20,469
Nevada,2019-12-21,524
Nevada,2018-12-22,510
Nevada,2017-12-23,553
Nevada,2016-12-24,499
Nevada,2015-12-26,435
Nevada,2014-12-27,471
Nevada,2019-12-28,536
Nevada,2018-12-29,474
Nevada,2017-12-30,558
Nevada,2016-12-31,508
Nevada,2020-01-04,521
Nevada,2020-01-11,556
Nevada,2020-01-18,605
Nevada,2020-01-25,577
Nevada,2020-02-01,532
Nevada,2020-02-08,579
Nevada,2020-02-15,530
Nevada,2020-02-22,546
Nevada,2020-02-29,544
Nevada,2020-03-07,535
Nevada,2020-03-14,515
Nevada,2020-03-21,508
Nevada,2020-03-28,543
Nevada,2020-04-04,593
Nevada,2020-04-11,588
Nevada,2020-04-18,546
Nevada,2020-04-25,565
Nevada,2020-05-02,547
Nevada,2020-05-09,544
Nevada,2020-05-16,514
Nevada,2020-05-23,536
Nevada,2020-05-30,543
Nevada,2020-06-06,562
Nevada,2020-06-13,543
Nevada,2020-06-20,519
Nevada,2020-06-27,557
Nevada,2020-07-04,528
Nevada,2020-07-11,633
Nevada,2020-07-18,640
Nevada,2020-07-25,657
Nevada,2020-08-01,620
Nevada,2020-08-08,694
Nevada,2020-08-15,662
Nevada,2020-08-22,648
Nevada,2020-08-29,633
Nevada,2020-09-05,640
Nevada,2020-09-12,559
Nevada,2020-09-19,537
Nevada,2020-09-26,528
Nevada,2020-10-03,564
Nevada,2020-10-10,558
Nevada,2020-10-17,526
Nevada,2020-10-24,541
Nevada,2020-10-31,604
Nevada,2020-11-07,555
Nevada,2020-11-14,631
Nevada,2020-11-21,663
Nevada,2020-11-28,744
Nevada,2020-12-05,773
Nevada,2020-12-12,908
Nevada,2020-12-19,845
Nevada,2020-12-26,867
Nevada,2021-01-02,855
Nevada,2021-01-09,885
Nevada,2021-01-16,845
Nevada,2021-01-23,824
Nevada,2021-01-30,782
Nevada,2021-02-06,719
Nevada,2021-02-13,702
Nevada,2021-02-20,637
Nevada,2021-02-27,667
Nevada,2021-03-06,558
Nevada,2021-03-13,606
Nevada,2021-03-20,594
Nevada,2021-03-27,552
Nevada,2021-04-03,574
Nevada,2021-04-10,543
Nevada,2021-04-17,534
Nevada,2021-04-24,576
Nevada,2021-05-01,551
Nevada,2021-05-08,588
Nevada,2021-05-15,553
Nevada,2021-05-22,507
Nevada,2021-05-29,494
Nevada,2021-06-05,564
Nevada,2021-06-12,539
Nevada,2021-06-19,558
Nevada,2021-06-26,532
Nevada,2021-07-03,543
Nevada,2021-07-10,575
Nevada,2021-07-17,637
Nevada,2021-07-24,544
Nevada,2021-07-31,542
Nevada,2021-08-07,348
New Hampshire,2016-01-02,230
New Hampshire,2015-01-03,259
New Hampshire,2014-01-04,217
New Hampshire,2019-01-05,238
New Hampshire,2018-01-06,264
New Hampshire,2017-01-07,235
New Hampshire,2016-01-09,251
New Hampshire,2015-01-10,262
New Hampshire,2014-01-11,219
New Hampshire,2019-01-12,240
New Hampshire,2018-01-13,276
New Hampshire,2017-01-14,274
New Hampshire,2016-01-16,222
New Hampshire,2015-01-17,241
New Hampshire,2014-01-18,248
New Hampshire,2019-01-19,264
New Hampshire,2018-01-20,232
New Hampshire,2017-01-21,244
New Hampshire,2016-01-23,239
New Hampshire,2015-01-24,270
New Hampshire,2014-01-25,234
New Hampshire,2019-01-26,261
New Hampshire,2018-01-27,266
New Hampshire,2017-01-28,240
New Hampshire,2016-01-30,226
New Hampshire,2015-01-31,264
New Hampshire,2014-02-01,234
New Hampshire,2019-02-02,283
New Hampshire,2018-02-03,276
New Hampshire,2017-02-04,250
New Hampshire,2016-02-06,235
New Hampshire,2015-02-07,285
New Hampshire,2014-02-08,216
New Hampshire,2019-02-09,240
New Hampshire,2018-02-10,265
New Hampshire,2017-02-11,259
New Hampshire,2016-02-13,253
New Hampshire,2015-02-14,287
New Hampshire,2014-02-15,215
New Hampshire,2019-02-16,274
New Hampshire,2018-02-17,274
New Hampshire,2017-02-18,262
New Hampshire,2016-02-20,245
New Hampshire,2015-02-21,239
New Hampshire,2014-02-22,234
New Hampshire,2019-02-23,268
New Hampshire,2018-02-24,271
New Hampshire,2017-02-25,250
New Hampshire,2016-02-27,237
New Hampshire,2015-02-28,249
New Hampshire,2014-03-01,239
New Hampshire,2019-03-02,254
New Hampshire,2018-03-03,225
New Hampshire,2017-03-04,247
New Hampshire,2016-03-05,229
New Hampshire,2015-03-07,220
New Hampshire,2014-03-08,198
New Hampshire,2019-03-09,231
New Hampshire,2018-03-10,256
New Hampshire,2017-03-11,276
New Hampshire,2016-03-12,229
New Hampshire,2015-03-14,229
New Hampshire,2014-03-15,223
New Hampshire,2019-03-16,252
New Hampshire,2018-03-17,223
New Hampshire,2017-03-18,233
New Hampshire,2016-03-19,204
New Hampshire,2015-03-21,232
New Hampshire,2014-03-22,231
New Hampshire,2019-03-23,255
New Hampshire,2018-03-24,209
New Hampshire,2017-03-25,229
New Hampshire,2016-03-26,248
New Hampshire,2015-03-28,243
New Hampshire,2014-03-29,207
New Hampshire,2019-03-30,246
New Hampshire,2018-03-31,229
New Hampshire,2017-04-01,234
New Hampshire,2016-04-02,228
New Hampshire,2015-04-04,204
New Hampshire,2014-04-05,205
New Hampshire,2019-04-06,263
New Hampshire,2018-04-07,255
New Hampshire,2017-04-08,245
New Hampshire,2016-04-09,249
New Hampshire,2015-04-11,237
New Hampshire,2014-04-12,211
New Hampshire,2019-04-13,210
New Hampshire,2018-04-14,220
New Hampshire,2017-04-15,219
New Hampshire,2016-04-16,234
New Hampshire,2015-04-18,228
New Hampshire,2014-04-19,182
New Hampshire,2019-04-20,220
New Hampshire,2018-04-21,247
New Hampshire,2017-04-22,250
New Hampshire,2016-04-23,240
New Hampshire,2015-04-25,249
New Hampshire,2014-04-26,219
New Hampshire,2019-04-27,251
New Hampshire,2018-04-28,252
New Hampshire,2017-04-29,240
New Hampshire,2016-04-30,205
New Hampshire,2015-05-02,211
New Hampshire,2014-05-03,206
New Hampshire,2019-05-04,243
New Hampshire,2018-05-05,227
New Hampshire,2017-05-06,238
New Hampshire,2016-05-07,212
New Hampshire,2015-05-09,249
New Hampshire,2014-05-10,205
New Hampshire,2019-05-11,233
New Hampshire,2018-05-12,250
New Hampshire,2017-05-13,234
New Hampshire,2016-05-14,215
New Hampshire,2015-05-16,218
New Hampshire,2014-05-17,231
New Hampshire,2019-05-18,211
New Hampshire,2018-05-19,242
New Hampshire,2017-05-20,222
New Hampshire,2016-05-21,213
New Hampshire,2015-05-23,191
New Hampshire,2014-05-24,211
New Hampshire,2019-05-25,224
New Hampshire,2018-05-26,224
New Hampshire,2017-05-27,190
New Hampshire,2016-05-28,211
New Hampshire,2015-05-30,229
New Hampshire,2014-05-31,220
New Hampshire,2019-06-01,220
New Hampshire,2018-06-02,230
New Hampshire,2017-06-03,227
New Hampshire,2016-06-04,208
New Hampshire,2015-06-06,227
New Hampshire,2014-06-07,229
New Hampshire,2019-06-08,193
New Hampshire,2018-06-09,197
New Hampshire,2017-06-10,224
New Hampshire,2016-06-11,219
New Hampshire,2015-06-13,188
New Hampshire,2014-06-14,217
New Hampshire,2019-06-15,180
New Hampshire,2018-06-16,230
New Hampshire,2017-06-17,234
New Hampshire,2016-06-18,191
New Hampshire,2015-06-20,207
New Hampshire,2014-06-21,232
New Hampshire,2019-06-22,252
New Hampshire,2018-06-23,237
New Hampshire,2017-06-24,210
New Hampshire,2016-06-25,222
New Hampshire,2015-06-27,231
New Hampshire,2014-06-28,188
New Hampshire,2019-06-29,221
New Hampshire,2018-06-30,214
New Hampshire,2017-07-01,222
New Hampshire,2016-07-02,234
New Hampshire,2015-07-04,205
New Hampshire,2014-07-05,201
New Hampshire,2019-07-06,206
New Hampshire,2018-07-07,213
New Hampshire,2017-07-08,236
New Hampshire,2016-07-09,222
New Hampshire,2015-07-11,224
New Hampshire,2014-07-12,202
New Hampshire,2019-07-13,219
New Hampshire,2018-07-14,217
New Hampshire,2017-07-15,210
New Hampshire,2016-07-16,193
New Hampshire,2015-07-18,232
New Hampshire,2014-07-19,186
New Hampshire,2019-07-20,225
New Hampshire,2018-07-21,248
New Hampshire,2017-07-22,236
New Hampshire,2016-07-23,235
New Hampshire,2015-07-25,217
New Hampshire,2014-07-26,204
New Hampshire,2019-07-27,227
New Hampshire,2018-07-28,234
New Hampshire,2017-07-29,219
New Hampshire,2016-07-30,235
New Hampshire,2015-08-01,188
New Hampshire,2014-08-02,191
New Hampshire,2019-08-03,204
New Hampshire,2018-08-04,231
New Hampshire,2017-08-05,253
New Hampshire,2016-08-06,204
New Hampshire,2015-08-08,212
New Hampshire,2014-08-09,229
New Hampshire,2019-08-10,261
New Hampshire,2018-08-11,191
New Hampshire,2017-08-12,241
New Hampshire,2016-08-13,206
New Hampshire,2015-08-15,202
New Hampshire,2014-08-16,198
New Hampshire,2019-08-17,219
New Hampshire,2018-08-18,235
New Hampshire,2017-08-19,234
New Hampshire,2016-08-20,217
New Hampshire,2015-08-22,213
New Hampshire,2014-08-23,190
New Hampshire,2019-08-24,208
New Hampshire,2018-08-25,235
New Hampshire,2017-08-26,224
New Hampshire,2016-08-27,216
New Hampshire,2015-08-29,190
New Hampshire,2014-08-30,194
New Hampshire,2019-08-31,253
New Hampshire,2018-09-01,240
New Hampshire,2017-09-02,234
New Hampshire,2016-09-03,199
New Hampshire,2015-09-05,208
New Hampshire,2014-09-06,204
New Hampshire,2019-09-07,218
New Hampshire,2018-09-08,213
New Hampshire,2017-09-09,254
New Hampshire,2016-09-10,224
New Hampshire,2015-09-12,212
New Hampshire,2014-09-13,204
New Hampshire,2019-09-14,244
New Hampshire,2018-09-15,235
New Hampshire,2017-09-16,225
New Hampshire,2016-09-17,244
New Hampshire,2015-09-19,199
New Hampshire,2014-09-20,203
New Hampshire,2019-09-21,220
New Hampshire,2018-09-22,258
New Hampshire,2017-09-23,208
New Hampshire,2016-09-24,223
New Hampshire,2015-09-26,228
New Hampshire,2014-09-27,236
New Hampshire,2019-09-28,235
New Hampshire,2018-09-29,232
New Hampshire,2017-09-30,213
New Hampshire,2016-10-01,222
New Hampshire,2015-10-03,223
New Hampshire,2014-10-04,207
New Hampshire,2019-10-05,235
New Hampshire,2018-10-06,261
New Hampshire,2017-10-07,234
New Hampshire,2016-10-08,255
New Hampshire,2015-10-10,221
New Hampshire,2014-10-11,197
New Hampshire,2019-10-12,227
New Hampshire,2018-10-13,268
New Hampshire,2017-10-14,232
New Hampshire,2016-10-15,227
New Hampshire,2015-10-17,248
New Hampshire,2014-10-18,227
New Hampshire,2019-10-19,251
New Hampshire,2018-10-20,249
New Hampshire,2017-10-21,221
New Hampshire,2016-10-22,227
New Hampshire,2015-10-24,213
New Hampshire,2014-10-25,229
New Hampshire,2019-10-26,224
New Hampshire,2018-10-27,253
New Hampshire,2017-10-28,231
New Hampshire,2016-10-29,241
New Hampshire,2015-10-31,199
New Hampshire,2014-11-01,206
New Hampshire,2019-11-02,251
New Hampshire,2018-11-03,239
New Hampshire,2017-11-04,257
New Hampshire,2016-11-05,223
New Hampshire,2015-11-07,252
New Hampshire,2014-11-08,216
New Hampshire,2019-11-09,237
New Hampshire,2018-11-10,219
New Hampshire,2017-11-11,240
New Hampshire,2016-11-12,227
New Hampshire,2015-11-14,213
New Hampshire,2014-11-15,240
New Hampshire,2019-11-16,238
New Hampshire,2018-11-17,227
New Hampshire,2017-11-18,209
New Hampshire,2016-11-19,220
New Hampshire,2015-11-21,211
New Hampshire,2014-11-22,215
New Hampshire,2019-11-23,268
New Hampshire,2018-11-24,225
New Hampshire,2017-11-25,236
New Hampshire,2016-11-26,243
New Hampshire,2015-11-28,213
New Hampshire,2014-11-29,271
New Hampshire,2019-11-30,237
New Hampshire,2018-12-01,246
New Hampshire,2017-12-02,246
New Hampshire,2016-12-03,223
New Hampshire,2015-12-05,213
New Hampshire,2014-12-06,216
New Hampshire,2019-12-07,242
New Hampshire,2018-12-08,239
New Hampshire,2017-12-09,230
New Hampshire,2016-12-10,252
New Hampshire,2015-12-12,216
New Hampshire,2014-12-13,228
New Hampshire,2019-12-14,259
New Hampshire,2018-12-15,253
New Hampshire,2017-12-16,251
New Hampshire,2016-12-17,243
New Hampshire,2015-12-19,189
New Hampshire,2014-12-20,196
New Hampshire,2019-12-21,281
New Hampshire,2018-12-22,225
New Hampshire,2017-12-23,246
New Hampshire,2016-12-24,247
New Hampshire,2015-12-26,207
New Hampshire,2014-12-27,195
New Hampshire,2019-12-28,247
New Hampshire,2018-12-29,282
New Hampshire,2017-12-30,234
New Hampshire,2016-12-31,252
New Hampshire,2020-01-04,260
New Hampshire,2020-01-11,263
New Hampshire,2020-01-18,245
New Hampshire,2020-01-25,241
New Hampshire,2020-02-01,240
New Hampshire,2020-02-08,256
New Hampshire,2020-02-15,236
New Hampshire,2020-02-22,277
New Hampshire,2020-02-29,228
New Hampshire,2020-03-07,266
New Hampshire,2020-03-14,240
New Hampshire,2020-03-21,252
New Hampshire,2020-03-28,258
New Hampshire,2020-04-04,248
New Hampshire,2020-04-11,270
New Hampshire,2020-04-18,242
New Hampshire,2020-04-25,274
New Hampshire,2020-05-02,266
New Hampshire,2020-05-09,292
New Hampshire,2020-05-16,285
New Hampshire,2020-05-23,268
New Hampshire,2020-05-30,250
New Hampshire,2020-06-06,259
New Hampshire,2020-06-13,302
New Hampshire,2020-06-20,238
New Hampshire,2020-06-27,250
New Hampshire,2020-07-04,247
New Hampshire,2020-07-11,249
New Hampshire,2020-07-18,231
New Hampshire,2020-07-25,266
New Hampshire,2020-08-01,248
New Hampshire,2020-08-08,233
New Hampshire,2020-08-15,230
New Hampshire,2020-08-22,250
New Hampshire,2020-08-29,231
New Hampshire,2020-09-05,234
New Hampshire,2020-09-12,228
New Hampshire,2020-09-19,226
New Hampshire,2020-09-26,273
New Hampshire,2020-10-03,222
New Hampshire,2020-10-10,255
New Hampshire,2020-10-17,253
New Hampshire,2020-10-24,234
New Hampshire,2020-10-31,257
New Hampshire,2020-11-07,263
New Hampshire,2020-11-14,285
New Hampshire,2020-11-21,259
New Hampshire,2020-11-28,284
New Hampshire,2020-12-05,313
New Hampshire,2020-12-12,312
New Hampshire,2020-12-19,288
New Hampshire,2020-12-26,357
New Hampshire,2021-01-02,304
New Hampshire,2021-01-09,323
New Hampshire,2021-01-16,357
New Hampshire,2021-01-23,296
New Hampshire,2021-01-30,272
New Hampshire,2021-02-06,289
New Hampshire,2021-02-13,257
New Hampshire,2021-02-20,264
New Hampshire,2021-02-27,244
New Hampshire,2021-03-06,246
New Hampshire,2021-03-13,238
New Hampshire,2021-03-20,231
New Hampshire,2021-03-27,245
New Hampshire,2021-04-03,214
New Hampshire,2021-04-10,230
New Hampshire,2021-04-17,225
New Hampshire,2021-04-24,254
New Hampshire,2021-05-01,246
New Hampshire,2021-05-08,244
New Hampshire,2021-05-15,231
New Hampshire,2021-05-22,270
New Hampshire,2021-05-29,229
New Hampshire,2021-06-05,246
New Hampshire,2021-06-12,251
New Hampshire,2021-06-19,240
New Hampshire,2021-06-26,236
New Hampshire,2021-07-03,255
New Hampshire,2021-07-10,243
New Hampshire,2021-07-17,236
New Hampshire,2021-07-24,243
New Hampshire,2021-07-31,224
New Hampshire,2021-08-07,193
New Jersey,2016-01-02,1321
New Jersey,2015-01-03,1462
New Jersey,2014-01-04,1389
New Jersey,2019-01-05,1525
New Jersey,2018-01-06,1680
New Jersey,2017-01-07,1522
New Jersey,2016-01-09,1432
New Jersey,2015-01-10,1593
New Jersey,2014-01-11,1517
New Jersey,2019-01-12,1487
New Jersey,2018-01-13,1763
New Jersey,2017-01-14,1696
New Jersey,2016-01-16,1495
New Jersey,2015-01-17,1687
New Jersey,2014-01-18,1449
New Jersey,2019-01-19,1506
New Jersey,2018-01-20,1604
New Jersey,2017-01-21,1604
New Jersey,2016-01-23,1421
New Jersey,2015-01-24,1676
New Jersey,2014-01-25,1382
New Jersey,2019-01-26,1543
New Jersey,2018-01-27,1633
New Jersey,2017-01-28,1573
New Jersey,2016-01-30,1463
New Jersey,2015-01-31,1647
New Jersey,2014-02-01,1451
New Jersey,2019-02-02,1572
New Jersey,2018-02-03,1577
New Jersey,2017-02-04,1629
New Jersey,2016-02-06,1474
New Jersey,2015-02-07,1576
New Jersey,2014-02-08,1410
New Jersey,2019-02-09,1635
New Jersey,2018-02-10,1663
New Jersey,2017-02-11,1559
New Jersey,2016-02-13,1417
New Jersey,2015-02-14,1572
New Jersey,2014-02-15,1466
New Jersey,2019-02-16,1551
New Jersey,2018-02-17,1631
New Jersey,2017-02-18,1582
New Jersey,2016-02-20,1407
New Jersey,2015-02-21,1548
New Jersey,2014-02-22,1509
New Jersey,2019-02-23,1507
New Jersey,2018-02-24,1526
New Jersey,2017-02-25,1581
New Jersey,2016-02-27,1390
New Jersey,2015-02-28,1563
New Jersey,2014-03-01,1326
New Jersey,2019-03-02,1563
New Jersey,2018-03-03,1477
New Jersey,2017-03-04,1487
New Jersey,2016-03-05,1476
New Jersey,2015-03-07,1463
New Jersey,2014-03-08,1381
New Jersey,2019-03-09,1525
New Jersey,2018-03-10,1465
New Jersey,2017-03-11,1579
New Jersey,2016-03-12,1451
New Jersey,2015-03-14,1501
New Jersey,2014-03-15,1411
New Jersey,2019-03-16,1456
New Jersey,2018-03-17,1418
New Jersey,2017-03-18,1503
New Jersey,2016-03-19,1473
New Jersey,2015-03-21,1465
New Jersey,2014-03-22,1414
New Jersey,2019-03-23,1510
New Jersey,2018-03-24,1513
New Jersey,2017-03-25,1440
New Jersey,2016-03-26,1524
New Jersey,2015-03-28,1395
New Jersey,2014-03-29,1388
New Jersey,2019-03-30,1440
New Jersey,2018-03-31,1507
New Jersey,2017-04-01,1435
New Jersey,2016-04-02,1342
New Jersey,2015-04-04,1389
New Jersey,2014-04-05,1458
New Jersey,2019-04-06,1420
New Jersey,2018-04-07,1460
New Jersey,2017-04-08,1503
New Jersey,2016-04-09,1358
New Jersey,2015-04-11,1439
New Jersey,2014-04-12,1452
New Jersey,2019-04-13,1402
New Jersey,2018-04-14,1440
New Jersey,2017-04-15,1424
New Jersey,2016-04-16,1405
New Jersey,2015-04-18,1384
New Jersey,2014-04-19,1357
New Jersey,2019-04-20,1390
New Jersey,2018-04-21,1439
New Jersey,2017-04-22,1417
New Jersey,2016-04-23,1426
New Jersey,2015-04-25,1275
New Jersey,2014-04-26,1427
New Jersey,2019-04-27,1310
New Jersey,2018-04-28,1364
New Jersey,2017-04-29,1407
New Jersey,2016-04-30,1371
New Jersey,2015-05-02,1338
New Jersey,2014-05-03,1354
New Jersey,2019-05-04,1381
New Jersey,2018-05-05,1464
New Jersey,2017-05-06,1338
New Jersey,2016-05-07,1293
New Jersey,2015-05-09,1333
New Jersey,2014-05-10,1376
New Jersey,2019-05-11,1341
New Jersey,2018-05-12,1311
New Jersey,2017-05-13,1396
New Jersey,2016-05-14,1340
New Jersey,2015-05-16,1316
New Jersey,2014-05-17,1287
New Jersey,2019-05-18,1354
New Jersey,2018-05-19,1259
New Jersey,2017-05-20,1402
New Jersey,2016-05-21,1334
New Jersey,2015-05-23,1256
New Jersey,2014-05-24,1338
New Jersey,2019-05-25,1385
New Jersey,2018-05-26,1337
New Jersey,2017-05-27,1346
New Jersey,2016-05-28,1304
New Jersey,2015-05-30,1279
New Jersey,2014-05-31,1317
New Jersey,2019-06-01,1405
New Jersey,2018-06-02,1265
New Jersey,2017-06-03,1357
New Jersey,2016-06-04,1296
New Jersey,2015-06-06,1279
New Jersey,2014-06-07,1233
New Jersey,2019-06-08,1403
New Jersey,2018-06-09,1358
New Jersey,2017-06-10,1338
New Jersey,2016-06-11,1267
New Jersey,2015-06-13,1317
New Jersey,2014-06-14,1339
New Jersey,2019-06-15,1337
New Jersey,2018-06-16,1356
New Jersey,2017-06-17,1307
New Jersey,2016-06-18,1377
New Jersey,2015-06-20,1273
New Jersey,2014-06-21,1272
New Jersey,2019-06-22,1294
New Jersey,2018-06-23,1366
New Jersey,2017-06-24,1338
New Jersey,2016-06-25,1264
New Jersey,2015-06-27,1280
New Jersey,2014-06-28,1295
New Jersey,2019-06-29,1346
New Jersey,2018-06-30,1331
New Jersey,2017-07-01,1319
New Jersey,2016-07-02,1306
New Jersey,2015-07-04,1328
New Jersey,2014-07-05,1314
New Jersey,2019-07-06,1388
New Jersey,2018-07-07,1397
New Jersey,2017-07-08,1319
New Jersey,2016-07-09,1325
New Jersey,2015-07-11,1280
New Jersey,2014-07-12,1238
New Jersey,2019-07-13,1390
New Jersey,2018-07-14,1324
New Jersey,2017-07-15,1295
New Jersey,2016-07-16,1266
New Jersey,2015-07-18,1274
New Jersey,2014-07-19,1239
New Jersey,2019-07-20,1335
New Jersey,2018-07-21,1379
New Jersey,2017-07-22,1339
New Jersey,2016-07-23,1248
New Jersey,2015-07-25,1244
New Jersey,2014-07-26,1235
New Jersey,2019-07-27,1355
New Jersey,2018-07-28,1360
New Jersey,2017-07-29,1251
New Jersey,2016-07-30,1306
New Jersey,2015-08-01,1249
New Jersey,2014-08-02,1257
New Jersey,2019-08-03,1290
New Jersey,2018-08-04,1373
New Jersey,2017-08-05,1312
New Jersey,2016-08-06,1278
New Jersey,2015-08-08,1300
New Jersey,2014-08-09,1247
New Jersey,2019-08-10,1333
New Jersey,2018-08-11,1347
New Jersey,2017-08-12,1334
New Jersey,2016-08-13,1315
New Jersey,2015-08-15,1264
New Jersey,2014-08-16,1211
New Jersey,2019-08-17,1308
New Jersey,2018-08-18,1328
New Jersey,2017-08-19,1255
New Jersey,2016-08-20,1330
New Jersey,2015-08-22,1201
New Jersey,2014-08-23,1280
New Jersey,2019-08-24,1386
New Jersey,2018-08-25,1351
New Jersey,2017-08-26,1328
New Jersey,2016-08-27,1347
New Jersey,2015-08-29,1255
New Jersey,2014-08-30,1220
New Jersey,2019-08-31,1271
New Jersey,2018-09-01,1405
New Jersey,2017-09-02,1415
New Jersey,2016-09-03,1307
New Jersey,2015-09-05,1281
New Jersey,2014-09-06,1238
New Jersey,2019-09-07,1324
New Jersey,2018-09-08,1344
New Jersey,2017-09-09,1334
New Jersey,2016-09-10,1276
New Jersey,2015-09-12,1224
New Jersey,2014-09-13,1153
New Jersey,2019-09-14,1292
New Jersey,2018-09-15,1327
New Jersey,2017-09-16,1324
New Jersey,2016-09-17,1326
New Jersey,2015-09-19,1258
New Jersey,2014-09-20,1271
New Jersey,2019-09-21,1351
New Jersey,2018-09-22,1336
New Jersey,2017-09-23,1359
New Jersey,2016-09-24,1253
New Jersey,2015-09-26,1294
New Jersey,2014-09-27,1293
New Jersey,2019-09-28,1311
New Jersey,2018-09-29,1280
New Jersey,2017-09-30,1324
New Jersey,2016-10-01,1299
New Jersey,2015-10-03,1242
New Jersey,2014-10-04,1342
New Jersey,2019-10-05,1356
New Jersey,2018-10-06,1406
New Jersey,2017-10-07,1298
New Jersey,2016-10-08,1365
New Jersey,2015-10-10,1388
New Jersey,2014-10-11,1358
New Jersey,2019-10-12,1406
New Jersey,2018-10-13,1374
New Jersey,2017-10-14,1298
New Jersey,2016-10-15,1352
New Jersey,2015-10-17,1335
New Jersey,2014-10-18,1299
New Jersey,2019-10-19,1405
New Jersey,2018-10-20,1381
New Jersey,2017-10-21,1269
New Jersey,2016-10-22,1437
New Jersey,2015-10-24,1339
New Jersey,2014-10-25,1323
New Jersey,2019-10-26,1452
New Jersey,2018-10-27,1439
New Jersey,2017-10-28,1337
New Jersey,2016-10-29,1404
New Jersey,2015-10-31,1293
New Jersey,2014-11-01,1237
New Jersey,2019-11-02,1320
New Jersey,2018-11-03,1477
New Jersey,2017-11-04,1344
New Jersey,2016-11-05,1368
New Jersey,2015-11-07,1350
New Jersey,2014-11-08,1381
New Jersey,2019-11-09,1464
New Jersey,2018-11-10,1370
New Jersey,2017-11-11,1338
New Jersey,2016-11-12,1389
New Jersey,2015-11-14,1322
New Jersey,2014-11-15,1334
New Jersey,2019-11-16,1470
New Jersey,2018-11-17,1461
New Jersey,2017-11-18,1425
New Jersey,2016-11-19,1482
New Jersey,2015-11-21,1278
New Jersey,2014-11-22,1362
New Jersey,2019-11-23,1493
New Jersey,2018-11-24,1467
New Jersey,2017-11-25,1488
New Jersey,2016-11-26,1399
New Jersey,2015-11-28,1318
New Jersey,2014-11-29,1321
New Jersey,2019-11-30,1428
New Jersey,2018-12-01,1472
New Jersey,2017-12-02,1392
New Jersey,2016-12-03,1419
New Jersey,2015-12-05,1313
New Jersey,2014-12-06,1451
New Jersey,2019-12-07,1540
New Jersey,2018-12-08,1495
New Jersey,2017-12-09,1528
New Jersey,2016-12-10,1445
New Jersey,2015-12-12,1341
New Jersey,2014-12-13,1381
New Jersey,2019-12-14,1586
New Jersey,2018-12-15,1470
New Jersey,2017-12-16,1541
New Jersey,2016-12-17,1441
New Jersey,2015-12-19,1351
New Jersey,2014-12-20,1420
New Jersey,2019-12-21,1459
New Jersey,2018-12-22,1452
New Jersey,2017-12-23,1511
New Jersey,2016-12-24,1489
New Jersey,2015-12-26,1320
New Jersey,2014-12-27,1407
New Jersey,2019-12-28,1566
New Jersey,2018-12-29,1489
New Jersey,2017-12-30,1549
New Jersey,2016-12-31,1578
New Jersey,2020-01-04,1628
New Jersey,2020-01-11,1588
New Jersey,2020-01-18,1490
New Jersey,2020-01-25,1579
New Jersey,2020-02-01,1517
New Jersey,2020-02-08,1495
New Jersey,2020-02-15,1488
New Jersey,2020-02-22,1494
New Jersey,2020-02-29,1571
New Jersey,2020-03-07,1509
New Jersey,2020-03-14,1477
New Jersey,2020-03-21,1600
New Jersey,2020-03-28,2124
New Jersey,2020-04-04,3484
New Jersey,2020-04-11,4774
New Jersey,2020-04-18,4733
New Jersey,2020-04-25,3979
New Jersey,2020-05-02,3181
New Jersey,2020-05-09,2603
New Jersey,2020-05-16,2287
New Jersey,2020-05-23,1937
New Jersey,2020-05-30,1746
New Jersey,2020-06-06,1587
New Jersey,2020-06-13,1486
New Jersey,2020-06-20,1412
New Jersey,2020-06-27,1445
New Jersey,2020-07-04,1407
New Jersey,2020-07-11,1389
New Jersey,2020-07-18,1324
New Jersey,2020-07-25,1370
New Jersey,2020-08-01,1392
New Jersey,2020-08-08,1344
New Jersey,2020-08-15,1308
New Jersey,2020-08-22,1341
New Jersey,2020-08-29,1335
New Jersey,2020-09-05,1397
New Jersey,2020-09-12,1389
New Jersey,2020-09-19,1378
New Jersey,2020-09-26,1395
New Jersey,2020-10-03,1330
New Jersey,2020-10-10,1401
New Jersey,2020-10-17,1341
New Jersey,2020-10-24,1470
New Jersey,2020-10-31,1434
New Jersey,2020-11-07,1567
New Jersey,2020-11-14,1632
New Jersey,2020-11-21,1676
New Jersey,2020-11-28,1697
New Jersey,2020-12-05,1904
New Jersey,2020-12-12,2026
New Jersey,2020-12-19,2094
New Jersey,2020-12-26,2065
New Jersey,2021-01-02,2215
New Jersey,2021-01-09,2054
New Jersey,2021-01-16,2157
New Jersey,2021-01-23,1988
New Jersey,2021-01-30,2004
New Jersey,2021-02-06,2028
New Jersey,2021-02-13,1860
New Jersey,2021-02-20,1821
New Jersey,2021-02-27,1794
New Jersey,2021-03-06,1709
New Jersey,2021-03-13,1582
New Jersey,2021-03-20,1668
New Jersey,2021-03-27,1618
New Jersey,2021-04-03,1584
New Jersey,2021-04-10,1671
New Jersey,2021-04-17,1578
New Jersey,2021-04-24,1652
New Jersey,2021-05-01,1639
New Jersey,2021-05-08,1466
New Jersey,2021-05-15,1471
New Jersey,2021-05-22,1458
New Jersey,2021-05-29,1321
New Jersey,2021-06-05,1384
New Jersey,2021-06-12,1113
New Jersey,2021-06-19,1326
New Jersey,2021-06-26,1364
New Jersey,2021-07-03,1357
New Jersey,2021-07-10,1366
New Jersey,2021-07-17,1273
New Jersey,2021-07-24,1334
New Jersey,2021-07-31,1212
New Jersey,2021-08-07,935
New Mexico,2016-01-02,348
New Mexico,2015-01-03,398
New Mexico,2014-01-04,355
New Mexico,2019-01-05,407
New Mexico,2018-01-06,400
New Mexico,2017-01-07,376
New Mexico,2016-01-09,374
New Mexico,2015-01-10,363
New Mexico,2014-01-11,344
New Mexico,2019-01-12,447
New Mexico,2018-01-13,385
New Mexico,2017-01-14,381
New Mexico,2016-01-16,350
New Mexico,2015-01-17,359
New Mexico,2014-01-18,357
New Mexico,2019-01-19,408
New Mexico,2018-01-20,424
New Mexico,2017-01-21,362
New Mexico,2016-01-23,362
New Mexico,2015-01-24,414
New Mexico,2014-01-25,370
New Mexico,2019-01-26,358
New Mexico,2018-01-27,387
New Mexico,2017-01-28,374
New Mexico,2016-01-30,362
New Mexico,2015-01-31,372
New Mexico,2014-02-01,363
New Mexico,2019-02-02,392
New Mexico,2018-02-03,375
New Mexico,2017-02-04,351
New Mexico,2016-02-06,349
New Mexico,2015-02-07,341
New Mexico,2014-02-08,371
New Mexico,2019-02-09,367
New Mexico,2018-02-10,398
New Mexico,2017-02-11,433
New Mexico,2016-02-13,372
New Mexico,2015-02-14,343
New Mexico,2014-02-15,362
New Mexico,2019-02-16,374
New Mexico,2018-02-17,368
New Mexico,2017-02-18,374
New Mexico,2016-02-20,387
New Mexico,2015-02-21,336
New Mexico,2014-02-22,330
New Mexico,2019-02-23,376
New Mexico,2018-02-24,392
New Mexico,2017-02-25,394
New Mexico,2016-02-27,363
New Mexico,2015-02-28,343
New Mexico,2014-03-01,339
New Mexico,2019-03-02,392
New Mexico,2018-03-03,397
New Mexico,2017-03-04,375
New Mexico,2016-03-05,365
New Mexico,2015-03-07,351
New Mexico,2014-03-08,334
New Mexico,2019-03-09,349
New Mexico,2018-03-10,396
New Mexico,2017-03-11,378
New Mexico,2016-03-12,401
New Mexico,2015-03-14,335
New Mexico,2014-03-15,354
New Mexico,2019-03-16,404
New Mexico,2018-03-17,362
New Mexico,2017-03-18,390
New Mexico,2016-03-19,387
New Mexico,2015-03-21,352
New Mexico,2014-03-22,317
New Mexico,2019-03-23,400
New Mexico,2018-03-24,372
New Mexico,2017-03-25,344
New Mexico,2016-03-26,367
New Mexico,2015-03-28,341
New Mexico,2014-03-29,334
New Mexico,2019-03-30,374
New Mexico,2018-03-31,354
New Mexico,2017-04-01,331
New Mexico,2016-04-02,391
New Mexico,2015-04-04,364
New Mexico,2014-04-05,307
New Mexico,2019-04-06,335
New Mexico,2018-04-07,367
New Mexico,2017-04-08,370
New Mexico,2016-04-09,393
New Mexico,2015-04-11,319
New Mexico,2014-04-12,312
New Mexico,2019-04-13,372
New Mexico,2018-04-14,404
New Mexico,2017-04-15,351
New Mexico,2016-04-16,332
New Mexico,2015-04-18,321
New Mexico,2014-04-19,329
New Mexico,2019-04-20,347
New Mexico,2018-04-21,333
New Mexico,2017-04-22,360
New Mexico,2016-04-23,356
New Mexico,2015-04-25,334
New Mexico,2014-04-26,341
New Mexico,2019-04-27,375
New Mexico,2018-04-28,342
New Mexico,2017-04-29,355
New Mexico,2016-04-30,321
New Mexico,2015-05-02,315
New Mexico,2014-05-03,306
New Mexico,2019-05-04,358
New Mexico,2018-05-05,338
New Mexico,2017-05-06,369
New Mexico,2016-05-07,350
New Mexico,2015-05-09,329
New Mexico,2014-05-10,324
New Mexico,2019-05-11,343
New Mexico,2018-05-12,358
New Mexico,2017-05-13,382
New Mexico,2016-05-14,321
New Mexico,2015-05-16,291
New Mexico,2014-05-17,309
New Mexico,2019-05-18,341
New Mexico,2018-05-19,313
New Mexico,2017-05-20,365
New Mexico,2016-05-21,304
New Mexico,2015-05-23,291
New Mexico,2014-05-24,349
New Mexico,2019-05-25,345
New Mexico,2018-05-26,301
New Mexico,2017-05-27,314
New Mexico,2016-05-28,336
New Mexico,2015-05-30,301
New Mexico,2014-05-31,318
New Mexico,2019-06-01,348
New Mexico,2018-06-02,307
New Mexico,2017-06-03,348
New Mexico,2016-06-04,362
New Mexico,2015-06-06,331
New Mexico,2014-06-07,339
New Mexico,2019-06-08,357
New Mexico,2018-06-09,368
New Mexico,2017-06-10,319
New Mexico,2016-06-11,302
New Mexico,2015-06-13,328
New Mexico,2014-06-14,300
New Mexico,2019-06-15,357
New Mexico,2018-06-16,363
New Mexico,2017-06-17,315
New Mexico,2016-06-18,317
New Mexico,2015-06-20,311
New Mexico,2014-06-21,306
New Mexico,2019-06-22,334
New Mexico,2018-06-23,346
New Mexico,2017-06-24,306
New Mexico,2016-06-25,301
New Mexico,2015-06-27,298
New Mexico,2014-06-28,308
New Mexico,2019-06-29,340
New Mexico,2018-06-30,335
New Mexico,2017-07-01,335
New Mexico,2016-07-02,309
New Mexico,2015-07-04,322
New Mexico,2014-07-05,275
New Mexico,2019-07-06,362
New Mexico,2018-07-07,325
New Mexico,2017-07-08,315
New Mexico,2016-07-09,325
New Mexico,2015-07-11,274
New Mexico,2014-07-12,329
New Mexico,2019-07-13,376
New Mexico,2018-07-14,324
New Mexico,2017-07-15,323
New Mexico,2016-07-16,327
New Mexico,2015-07-18,339
New Mexico,2014-07-19,331
New Mexico,2019-07-20,343
New Mexico,2018-07-21,333
New Mexico,2017-07-22,312
New Mexico,2016-07-23,318
New Mexico,2015-07-25,293
New Mexico,2014-07-26,338
New Mexico,2019-07-27,309
New Mexico,2018-07-28,338
New Mexico,2017-07-29,307
New Mexico,2016-07-30,323
New Mexico,2015-08-01,305
New Mexico,2014-08-02,286
New Mexico,2019-08-03,338
New Mexico,2018-08-04,273
New Mexico,2017-08-05,296
New Mexico,2016-08-06,329
New Mexico,2015-08-08,303
New Mexico,2014-08-09,278
New Mexico,2019-08-10,321
New Mexico,2018-08-11,361
New Mexico,2017-08-12,315
New Mexico,2016-08-13,286
New Mexico,2015-08-15,293
New Mexico,2014-08-16,289
New Mexico,2019-08-17,334
New Mexico,2018-08-18,337
New Mexico,2017-08-19,341
New Mexico,2016-08-20,336
New Mexico,2015-08-22,320
New Mexico,2014-08-23,275
New Mexico,2019-08-24,341
New Mexico,2018-08-25,317
New Mexico,2017-08-26,276
New Mexico,2016-08-27,308
New Mexico,2015-08-29,313
New Mexico,2014-08-30,306
New Mexico,2019-08-31,347
New Mexico,2018-09-01,331
New Mexico,2017-09-02,336
New Mexico,2016-09-03,325
New Mexico,2015-09-05,275
New Mexico,2014-09-06,286
New Mexico,2019-09-07,386
New Mexico,2018-09-08,344
New Mexico,2017-09-09,323
New Mexico,2016-09-10,308
New Mexico,2015-09-12,335
New Mexico,2014-09-13,310
New Mexico,2019-09-14,331
New Mexico,2018-09-15,354
New Mexico,2017-09-16,301
New Mexico,2016-09-17,335
New Mexico,2015-09-19,300
New Mexico,2014-09-20,302
New Mexico,2019-09-21,367
New Mexico,2018-09-22,362
New Mexico,2017-09-23,309
New Mexico,2016-09-24,317
New Mexico,2015-09-26,313
New Mexico,2014-09-27,330
New Mexico,2019-09-28,343
New Mexico,2018-09-29,312
New Mexico,2017-09-30,351
New Mexico,2016-10-01,276
New Mexico,2015-10-03,335
New Mexico,2014-10-04,327
New Mexico,2019-10-05,376
New Mexico,2018-10-06,313
New Mexico,2017-10-07,335
New Mexico,2016-10-08,325
New Mexico,2015-10-10,335
New Mexico,2014-10-11,339
New Mexico,2019-10-12,358
New Mexico,2018-10-13,371
New Mexico,2017-10-14,324
New Mexico,2016-10-15,346
New Mexico,2015-10-17,286
New Mexico,2014-10-18,315
New Mexico,2019-10-19,327
New Mexico,2018-10-20,350
New Mexico,2017-10-21,359
New Mexico,2016-10-22,325
New Mexico,2015-10-24,316
New Mexico,2014-10-25,298
New Mexico,2019-10-26,341
New Mexico,2018-10-27,351
New Mexico,2017-10-28,343
New Mexico,2016-10-29,341
New Mexico,2015-10-31,304
New Mexico,2014-11-01,326
New Mexico,2019-11-02,356
New Mexico,2018-11-03,352
New Mexico,2017-11-04,327
New Mexico,2016-11-05,312
New Mexico,2015-11-07,321
New Mexico,2014-11-08,307
New Mexico,2019-11-09,354
New Mexico,2018-11-10,336
New Mexico,2017-11-11,348
New Mexico,2016-11-12,348
New Mexico,2015-11-14,359
New Mexico,2014-11-15,312
New Mexico,2019-11-16,340
New Mexico,2018-11-17,386
New Mexico,2017-11-18,317
New Mexico,2016-11-19,320
New Mexico,2015-11-21,369
New Mexico,2014-11-22,363
New Mexico,2019-11-23,351
New Mexico,2018-11-24,345
New Mexico,2017-11-25,318
New Mexico,2016-11-26,319
New Mexico,2015-11-28,295
New Mexico,2014-11-29,334
New Mexico,2019-11-30,405
New Mexico,2018-12-01,346
New Mexico,2017-12-02,384
New Mexico,2016-12-03,340
New Mexico,2015-12-05,337
New Mexico,2014-12-06,316
New Mexico,2019-12-07,362
New Mexico,2018-12-08,357
New Mexico,2017-12-09,371
New Mexico,2016-12-10,389
New Mexico,2015-12-12,311
New Mexico,2014-12-13,343
New Mexico,2019-12-14,373
New Mexico,2018-12-15,345
New Mexico,2017-12-16,337
New Mexico,2016-12-17,313
New Mexico,2015-12-19,329
New Mexico,2014-12-20,338
New Mexico,2019-12-21,365
New Mexico,2018-12-22,328
New Mexico,2017-12-23,384
New Mexico,2016-12-24,366
New Mexico,2015-12-26,350
New Mexico,2014-12-27,331
New Mexico,2019-12-28,378
New Mexico,2018-12-29,378
New Mexico,2017-12-30,367
New Mexico,2016-12-31,351
New Mexico,2020-01-04,408
New Mexico,2020-01-11,410
New Mexico,2020-01-18,388
New Mexico,2020-01-25,404
New Mexico,2020-02-01,370
New Mexico,2020-02-08,377
New Mexico,2020-02-15,382
New Mexico,2020-02-22,391
New Mexico,2020-02-29,396
New Mexico,2020-03-07,400
New Mexico,2020-03-14,342
New Mexico,2020-03-21,390
New Mexico,2020-03-28,365
New Mexico,2020-04-04,399
New Mexico,2020-04-11,411
New Mexico,2020-04-18,422
New Mexico,2020-04-25,407
New Mexico,2020-05-02,420
New Mexico,2020-05-09,442
New Mexico,2020-05-16,474
New Mexico,2020-05-23,396
New Mexico,2020-05-30,433
New Mexico,2020-06-06,448
New Mexico,2020-06-13,445
New Mexico,2020-06-20,417
New Mexico,2020-06-27,399
New Mexico,2020-07-04,448
New Mexico,2020-07-11,408
New Mexico,2020-07-18,402
New Mexico,2020-07-25,435
New Mexico,2020-08-01,407
New Mexico,2020-08-08,433
New Mexico,2020-08-15,394
New Mexico,2020-08-22,411
New Mexico,2020-08-29,397
New Mexico,2020-09-05,376
New Mexico,2020-09-12,400
New Mexico,2020-09-19,398
New Mexico,2020-09-26,399
New Mexico,2020-10-03,388
New Mexico,2020-10-10,389
New Mexico,2020-10-17,406
New Mexico,2020-10-24,434
New Mexico,2020-10-31,460
New Mexico,2020-11-07,519
New Mexico,2020-11-14,577
New Mexico,2020-11-21,587
New Mexico,2020-11-28,601
New Mexico,2020-12-05,662
New Mexico,2020-12-12,687
New Mexico,2020-12-19,662
New Mexico,2020-12-26,626
New Mexico,2021-01-02,607
New Mexico,2021-01-09,585
New Mexico,2021-01-16,534
New Mexico,2021-01-23,530
New Mexico,2021-01-30,480
New Mexico,2021-02-06,466
New Mexico,2021-02-13,467
New Mexico,2021-02-20,434
New Mexico,2021-02-27,460
New Mexico,2021-03-06,442
New Mexico,2021-03-13,403
New Mexico,2021-03-20,442
New Mexico,2021-03-27,437
New Mexico,2021-04-03,432
New Mexico,2021-04-10,416
New Mexico,2021-04-17,428
New Mexico,2021-04-24,399
New Mexico,2021-05-01,378
New Mexico,2021-05-08,399
New Mexico,2021-05-15,425
New Mexico,2021-05-22,395
New Mexico,2021-05-29,382
New Mexico,2021-06-05,386
New Mexico,2021-06-12,333
New Mexico,2021-06-19,382
New Mexico,2021-06-26,365
New Mexico,2021-07-03,368
New Mexico,2021-07-10,319
New Mexico,2021-07-17,316
New Mexico,2021-07-24,289
New Mexico,2021-07-31,236
New Mexico,2021-08-07,150
New York City,2016-01-02,1023
New York City,2015-01-03,1145
New York City,2014-01-04,1066
New York City,2019-01-05,1159
New York City,2018-01-06,1338
New York City,2017-01-07,1180
New York City,2016-01-09,1144
New York City,2015-01-10,1272
New York City,2014-01-11,1179
New York City,2019-01-12,1096
New York City,2018-01-13,1325
New York City,2017-01-14,1188
New York City,2016-01-16,1122
New York City,2015-01-17,1175
New York City,2014-01-18,1096
New York City,2019-01-19,1154
New York City,2018-01-20,1165
New York City,2017-01-21,1138
New York City,2016-01-23,1107
New York City,2015-01-24,1250
New York City,2014-01-25,1048
New York City,2019-01-26,1149
New York City,2018-01-27,1272
New York City,2017-01-28,1200
New York City,2016-01-30,1100
New York City,2015-01-31,1201
New York City,2014-02-01,1145
New York City,2019-02-02,1110
New York City,2018-02-03,1166
New York City,2017-02-04,1141
New York City,2016-02-06,1073
New York City,2015-02-07,1216
New York City,2014-02-08,1107
New York City,2019-02-09,1219
New York City,2018-02-10,1213
New York City,2017-02-11,1151
New York City,2016-02-13,1142
New York City,2015-02-14,1193
New York City,2014-02-15,1087
New York City,2019-02-16,1098
New York City,2018-02-17,1190
New York City,2017-02-18,1110
New York City,2016-02-20,1056
New York City,2015-02-21,1216
New York City,2014-02-22,1029
New York City,2019-02-23,1071
New York City,2018-02-24,1074
New York City,2017-02-25,1061
New York City,2016-02-27,1147
New York City,2015-02-28,1184
New York City,2014-03-01,995
New York City,2019-03-02,1082
New York City,2018-03-03,1118
New York City,2017-03-04,1051
New York City,2016-03-05,1165
New York City,2015-03-07,1155
New York City,2014-03-08,1052
New York City,2019-03-09,1095
New York City,2018-03-10,1132
New York City,2017-03-11,1059
New York City,2016-03-12,1147
New York City,2015-03-14,1051
New York City,2014-03-15,1073
New York City,2019-03-16,1085
New York City,2018-03-17,1062
New York City,2017-03-18,1106
New York City,2016-03-19,1115
New York City,2015-03-21,1094
New York City,2014-03-22,1093
New York City,2019-03-23,1026
New York City,2018-03-24,1026
New York City,2017-03-25,1067
New York City,2016-03-26,1082
New York City,2015-03-28,1048
New York City,2014-03-29,1062
New York City,2019-03-30,1094
New York City,2018-03-31,1001
New York City,2017-04-01,977
New York City,2016-04-02,1039
New York City,2015-04-04,1067
New York City,2014-04-05,1105
New York City,2019-04-06,1035
New York City,2018-04-07,1058
New York City,2017-04-08,987
New York City,2016-04-09,1028
New York City,2015-04-11,1101
New York City,2014-04-12,1130
New York City,2019-04-13,1052
New York City,2018-04-14,1085
New York City,2017-04-15,1049
New York City,2016-04-16,1094
New York City,2015-04-18,1019
New York City,2014-04-19,1071
New York City,2019-04-20,949
New York City,2018-04-21,1054
New York City,2017-04-22,1035
New York City,2016-04-23,1058
New York City,2015-04-25,989
New York City,2014-04-26,1056
New York City,2019-04-27,948
New York City,2018-04-28,975
New York City,2017-04-29,1026
New York City,2016-04-30,975
New York City,2015-05-02,1059
New York City,2014-05-03,1036
New York City,2019-05-04,998
New York City,2018-05-05,1001
New York City,2017-05-06,1005
New York City,2016-05-07,956
New York City,2015-05-09,967
New York City,2014-05-10,1021
New York City,2019-05-11,1026
New York City,2018-05-12,923
New York City,2017-05-13,983
New York City,2016-05-14,1019
New York City,2015-05-16,993
New York City,2014-05-17,981
New York City,2019-05-18,1047
New York City,2018-05-19,953
New York City,2017-05-20,1076
New York City,2016-05-21,973
New York City,2015-05-23,917
New York City,2014-05-24,960
New York City,2019-05-25,1042
New York City,2018-05-26,996
New York City,2017-05-27,988
New York City,2016-05-28,991
New York City,2015-05-30,1036
New York City,2014-05-31,886
New York City,2019-06-01,880
New York City,2018-06-02,978
New York City,2017-06-03,976
New York City,2016-06-04,921
New York City,2015-06-06,998
New York City,2014-06-07,984
New York City,2019-06-08,1034
New York City,2018-06-09,944
New York City,2017-06-10,920
New York City,2016-06-11,922
New York City,2015-06-13,997
New York City,2014-06-14,920
New York City,2019-06-15,969
New York City,2018-06-16,983
New York City,2017-06-17,988
New York City,2016-06-18,971
New York City,2015-06-20,913
New York City,2014-06-21,961
New York City,2019-06-22,997
New York City,2018-06-23,1041
New York City,2017-06-24,976
New York City,2016-06-25,992
New York City,2015-06-27,968
New York City,2014-06-28,940
New York City,2019-06-29,981
New York City,2018-06-30,970
New York City,2017-07-01,935
New York City,2016-07-02,946
New York City,2015-07-04,948
New York City,2014-07-05,938
New York City,2019-07-06,972
New York City,2018-07-07,1032
New York City,2017-07-08,997
New York City,2016-07-09,971
New York City,2015-07-11,962
New York City,2014-07-12,924
New York City,2019-07-13,955
New York City,2018-07-14,1009
New York City,2017-07-15,921
New York City,2016-07-16,947
New York City,2015-07-18,941
New York City,2014-07-19,893
New York City,2019-07-20,1023
New York City,2018-07-21,920
New York City,2017-07-22,962
New York City,2016-07-23,971
New York City,2015-07-25,957
New York City,2014-07-26,920
New York City,2019-07-27,1010
New York City,2018-07-28,906
New York City,2017-07-29,940
New York City,2016-07-30,992
New York City,2015-08-01,963
New York City,2014-08-02,896
New York City,2019-08-03,1034
New York City,2018-08-04,942
New York City,2017-08-05,965
New York City,2016-08-06,1011
New York City,2015-08-08,987
New York City,2014-08-09,930
New York City,2019-08-10,946
New York City,2018-08-11,983
New York City,2017-08-12,970
New York City,2016-08-13,949
New York City,2015-08-15,947
New York City,2014-08-16,915
New York City,2019-08-17,958
New York City,2018-08-18,976
New York City,2017-08-19,993
New York City,2016-08-20,1029
New York City,2015-08-22,1020
New York City,2014-08-23,968
New York City,2019-08-24,948
New York City,2018-08-25,967
New York City,2017-08-26,970
New York City,2016-08-27,947
New York City,2015-08-29,937
New York City,2014-08-30,917
New York City,2019-08-31,925
New York City,2018-09-01,970
New York City,2017-09-02,976
New York City,2016-09-03,950
New York City,2015-09-05,960
New York City,2014-09-06,1011
New York City,2019-09-07,930
New York City,2018-09-08,1004
New York City,2017-09-09,971
New York City,2016-09-10,983
New York City,2015-09-12,958
New York City,2014-09-13,876
New York City,2019-09-14,966
New York City,2018-09-15,949
New York City,2017-09-16,1006
New York City,2016-09-17,953
New York City,2015-09-19,948
New York City,2014-09-20,944
New York City,2019-09-21,1018
New York City,2018-09-22,993
New York City,2017-09-23,976
New York City,2016-09-24,923
New York City,2015-09-26,938
New York City,2014-09-27,1004
New York City,2019-09-28,985
New York City,2018-09-29,978
New York City,2017-09-30,1031
New York City,2016-10-01,963
New York City,2015-10-03,921
New York City,2014-10-04,977
New York City,2019-10-05,1044
New York City,2018-10-06,1041
New York City,2017-10-07,1007
New York City,2016-10-08,1029
New York City,2015-10-10,1058
New York City,2014-10-11,992
New York City,2019-10-12,1091
New York City,2018-10-13,1049
New York City,2017-10-14,978
New York City,2016-10-15,1052
New York City,2015-10-17,1006
New York City,2014-10-18,1000
New York City,2019-10-19,1053
New York City,2018-10-20,1057
New York City,2017-10-21,1025
New York City,2016-10-22,1048
New York City,2015-10-24,1114
New York City,2014-10-25,1021
New York City,2019-10-26,1035
New York City,2018-10-27,1082
New York City,2017-10-28,1061
New York City,2016-10-29,980
New York City,2015-10-31,998
New York City,2014-11-01,993
New York City,2019-11-02,963
New York City,2018-11-03,1098
New York City,2017-11-04,1025
New York City,2016-11-05,1050
New York City,2015-11-07,1039
New York City,2014-11-08,1132
New York City,2019-11-09,1104
New York City,2018-11-10,1055
New York City,2017-11-11,1047
New York City,2016-11-12,1058
New York City,2015-11-14,894
New York City,2014-11-15,982
New York City,2019-11-16,1094
New York City,2018-11-17,1031
New York City,2017-11-18,1069
New York City,2016-11-19,1110
New York City,2015-11-21,1002
New York City,2014-11-22,1069
New York City,2019-11-23,1038
New York City,2018-11-24,1073
New York City,2017-11-25,1038
New York City,2016-11-26,969
New York City,2015-11-28,984
New York City,2014-11-29,1004
New York City,2019-11-30,1011
New York City,2018-12-01,1087
New York City,2017-12-02,1078
New York City,2016-12-03,1138
New York City,2015-12-05,1028
New York City,2014-12-06,1033
New York City,2019-12-07,1151
New York City,2018-12-08,1105
New York City,2017-12-09,998
New York City,2016-12-10,1042
New York City,2015-12-12,1017
New York City,2014-12-13,1059
New York City,2019-12-14,1128
New York City,2018-12-15,1069
New York City,2017-12-16,1129
New York City,2016-12-17,1107
New York City,2015-12-19,992
New York City,2014-12-20,1080
New York City,2019-12-21,1122
New York City,2018-12-22,1094
New York City,2017-12-23,1150
New York City,2016-12-24,1153
New York City,2015-12-26,989
New York City,2014-12-27,1015
New York City,2019-12-28,1152
New York City,2018-12-29,1087
New York City,2017-12-30,1195
New York City,2016-12-31,1112
New York City,2020-01-04,1155
New York City,2020-01-11,1137
New York City,2020-01-18,1129
New York City,2020-01-25,1182
New York City,2020-02-01,1171
New York City,2020-02-08,1173
New York City,2020-02-15,1130
New York City,2020-02-22,1096
New York City,2020-02-29,1110
New York City,2020-03-07,1113
New York City,2020-03-14,1136
New York City,2020-03-21,1405
New York City,2020-03-28,2805
New York City,2020-04-04,6293
New York City,2020-04-11,7862
New York City,2020-04-18,5899
New York City,2020-04-25,4051
New York City,2020-05-02,2846
New York City,2020-05-09,2072
New York City,2020-05-16,1603
New York City,2020-05-23,1310
New York City,2020-05-30,1166
New York City,2020-06-06,1114
New York City,2020-06-13,1097
New York City,2020-06-20,990
New York City,2020-06-27,1073
New York City,2020-07-04,990
New York City,2020-07-11,1027
New York City,2020-07-18,969
New York City,2020-07-25,1020
New York City,2020-08-01,985
New York City,2020-08-08,964
New York City,2020-08-15,987
New York City,2020-08-22,965
New York City,2020-08-29,997
New York City,2020-09-05,971
New York City,2020-09-12,963
New York City,2020-09-19,1006
New York City,2020-09-26,988
New York City,2020-10-03,968
New York City,2020-10-10,1015
New York City,2020-10-17,1045
New York City,2020-10-24,1039
New York City,2020-10-31,1066
New York City,2020-11-07,1154
New York City,2020-11-14,1094
New York City,2020-11-21,1101
New York City,2020-11-28,1070
New York City,2020-12-05,1160
New York City,2020-12-12,1233
New York City,2020-12-19,1340
New York City,2020-12-26,1428
New York City,2021-01-02,1414
New York City,2021-01-09,1507
New York City,2021-01-16,1490
New York City,2021-01-23,1578
New York City,2021-01-30,1598
New York City,2021-02-06,1565
New York City,2021-02-13,1622
New York City,2021-02-20,1557
New York City,2021-02-27,1549
New York City,2021-03-06,1447
New York City,2021-03-13,1424
New York City,2021-03-20,1369
New York City,2021-03-27,1441
New York City,2021-04-03,1377
New York City,2021-04-10,1320
New York City,2021-04-17,1175
New York City,2021-04-24,1255
New York City,2021-05-01,1163
New York City,2021-05-08,1127
New York City,2021-05-15,1162
New York City,2021-05-22,1139
New York City,2021-05-29,1012
New York City,2021-06-05,1049
New York City,2021-06-12,966
New York City,2021-06-19,1026
New York City,2021-06-26,1007
New York City,2021-07-03,1055
New York City,2021-07-10,1004
New York City,2021-07-17,990
New York City,2021-07-24,949
New York City,2021-07-31,991
New York City,2021-08-07,927
New York,2016-01-02,1791
New York,2015-01-03,2142
New York,2014-01-04,1958
New York,2019-01-05,2061
New York,2018-01-06,2283
New York,2017-01-07,2162
New York,2016-01-09,1987
New York,2015-01-10,2244
New York,2014-01-11,2012
New York,2019-01-12,2049
New York,2018-01-13,2445
New York,2017-01-14,2112
New York,2016-01-16,2037
New York,2015-01-17,2233
New York,2014-01-18,1955
New York,2019-01-19,2061
New York,2018-01-20,2237
New York,2017-01-21,2048
New York,2016-01-23,2008
New York,2015-01-24,2123
New York,2014-01-25,1964
New York,2019-01-26,2162
New York,2018-01-27,2161
New York,2017-01-28,2163
New York,2016-01-30,2085
New York,2015-01-31,2119
New York,2014-02-01,2061
New York,2019-02-02,2025
New York,2018-02-03,2136
New York,2017-02-04,2031
New York,2016-02-06,2042
New York,2015-02-07,2160
New York,2014-02-08,1913
New York,2019-02-09,2048
New York,2018-02-10,2197
New York,2017-02-11,2125
New York,2016-02-13,1876
New York,2015-02-14,2136
New York,2014-02-15,2035
New York,2019-02-16,2018
New York,2018-02-17,2124
New York,2017-02-18,2040
New York,2016-02-20,1997
New York,2015-02-21,2141
New York,2014-02-22,1989
New York,2019-02-23,2069
New York,2018-02-24,2123
New York,2017-02-25,2074
New York,2016-02-27,1980
New York,2015-02-28,2042
New York,2014-03-01,1931
New York,2019-03-02,2018
New York,2018-03-03,2081
New York,2017-03-04,1968
New York,2016-03-05,1971
New York,2015-03-07,2150
New York,2014-03-08,1893
New York,2019-03-09,2184
New York,2018-03-10,2013
New York,2017-03-11,2030
New York,2016-03-12,2082
New York,2015-03-14,2080
New York,2014-03-15,1868
New York,2019-03-16,2028
New York,2018-03-17,1947
New York,2017-03-18,2011
New York,2016-03-19,1886
New York,2015-03-21,1994
New York,2014-03-22,1892
New York,2019-03-23,2019
New York,2018-03-24,1995
New York,2017-03-25,2042
New York,2016-03-26,1991
New York,2015-03-28,2000
New York,2014-03-29,1854
New York,2019-03-30,2011
New York,2018-03-31,1959
New York,2017-04-01,1941
New York,2016-04-02,1968
New York,2015-04-04,2024
New York,2014-04-05,1870
New York,2019-04-06,2006
New York,2018-04-07,1950
New York,2017-04-08,1855
New York,2016-04-09,1961
New York,2015-04-11,1930
New York,2014-04-12,1904
New York,2019-04-13,1950
New York,2018-04-14,1965
New York,2017-04-15,1998
New York,2016-04-16,1937
New York,2015-04-18,1992
New York,2014-04-19,1841
New York,2019-04-20,1925
New York,2018-04-21,1998
New York,2017-04-22,1872
New York,2016-04-23,1941
New York,2015-04-25,1921
New York,2014-04-26,1897
New York,2019-04-27,1852
New York,2018-04-28,1889
New York,2017-04-29,1966
New York,2016-04-30,1851
New York,2015-05-02,1847
New York,2014-05-03,1822
New York,2019-05-04,1954
New York,2018-05-05,1899
New York,2017-05-06,1864
New York,2016-05-07,1889
New York,2015-05-09,1850
New York,2014-05-10,1863
New York,2019-05-11,1811
New York,2018-05-12,1789
New York,2017-05-13,1795
New York,2016-05-14,1755
New York,2015-05-16,1851
New York,2014-05-17,1698
New York,2019-05-18,1883
New York,2018-05-19,1681
New York,2017-05-20,1911
New York,2016-05-21,1793
New York,2015-05-23,1812
New York,2014-05-24,1649
New York,2019-05-25,1937
New York,2018-05-26,1809
New York,2017-05-27,1831
New York,2016-05-28,1889
New York,2015-05-30,1797
New York,2014-05-31,1731
New York,2019-06-01,1735
New York,2018-06-02,1742
New York,2017-06-03,1777
New York,2016-06-04,1670
New York,2015-06-06,1788
New York,2014-06-07,1773
New York,2019-06-08,1789
New York,2018-06-09,1833
New York,2017-06-10,1867
New York,2016-06-11,1694
New York,2015-06-13,1799
New York,2014-06-14,1645
New York,2019-06-15,1862
New York,2018-06-16,1821
New York,2017-06-17,1853
New York,2016-06-18,1891
New York,2015-06-20,1688
New York,2014-06-21,1747
New York,2019-06-22,1790
New York,2018-06-23,1853
New York,2017-06-24,1833
New York,2016-06-25,1780
New York,2015-06-27,1709
New York,2014-06-28,1765
New York,2019-06-29,1903
New York,2018-06-30,1791
New York,2017-07-01,1809
New York,2016-07-02,1748
New York,2015-07-04,1706
New York,2014-07-05,1678
New York,2019-07-06,1860
New York,2018-07-07,1870
New York,2017-07-08,1797
New York,2016-07-09,1839
New York,2015-07-11,1766
New York,2014-07-12,1721
New York,2019-07-13,1754
New York,2018-07-14,1836
New York,2017-07-15,1759
New York,2016-07-16,1723
New York,2015-07-18,1795
New York,2014-07-19,1739
New York,2019-07-20,1890
New York,2018-07-21,1811
New York,2017-07-22,1779
New York,2016-07-23,1723
New York,2015-07-25,1759
New York,2014-07-26,1700
New York,2019-07-27,1755
New York,2018-07-28,1816
New York,2017-07-29,1732
New York,2016-07-30,1817
New York,2015-08-01,1789
New York,2014-08-02,1695
New York,2019-08-03,1820
New York,2018-08-04,1755
New York,2017-08-05,1774
New York,2016-08-06,1751
New York,2015-08-08,1667
New York,2014-08-09,1627
New York,2019-08-10,1889
New York,2018-08-11,1749
New York,2017-08-12,1691
New York,2016-08-13,1803
New York,2015-08-15,1760
New York,2014-08-16,1690
New York,2019-08-17,1832
New York,2018-08-18,1818
New York,2017-08-19,1762
New York,2016-08-20,1739
New York,2015-08-22,1723
New York,2014-08-23,1630
New York,2019-08-24,1715
New York,2018-08-25,1814
New York,2017-08-26,1784
New York,2016-08-27,1740
New York,2015-08-29,1706
New York,2014-08-30,1738
New York,2019-08-31,1780
New York,2018-09-01,1750
New York,2017-09-02,1812
New York,2016-09-03,1738
New York,2015-09-05,1790
New York,2014-09-06,1621
New York,2019-09-07,1841
New York,2018-09-08,1697
New York,2017-09-09,1814
New York,2016-09-10,1814
New York,2015-09-12,1804
New York,2014-09-13,1660
New York,2019-09-14,1743
New York,2018-09-15,1747
New York,2017-09-16,1787
New York,2016-09-17,1756
New York,2015-09-19,1711
New York,2014-09-20,1772
New York,2019-09-21,1781
New York,2018-09-22,1764
New York,2017-09-23,1826
New York,2016-09-24,1833
New York,2015-09-26,1751
New York,2014-09-27,1807
New York,2019-09-28,1873
New York,2018-09-29,1840
New York,2017-09-30,1785
New York,2016-10-01,1829
New York,2015-10-03,1748
New York,2014-10-04,1758
New York,2019-10-05,1869
New York,2018-10-06,1856
New York,2017-10-07,1827
New York,2016-10-08,1854
New York,2015-10-10,1968
New York,2014-10-11,1820
New York,2019-10-12,1901
New York,2018-10-13,1883
New York,2017-10-14,1823
New York,2016-10-15,1878
New York,2015-10-17,1819
New York,2014-10-18,1849
New York,2019-10-19,1940
New York,2018-10-20,1965
New York,2017-10-21,1819
New York,2016-10-22,1922
New York,2015-10-24,1894
New York,2014-10-25,1810
New York,2019-10-26,1847
New York,2018-10-27,2003
New York,2017-10-28,1853
New York,2016-10-29,1910
New York,2015-10-31,1849
New York,2014-11-01,1872
New York,2019-11-02,1944
New York,2018-11-03,1939
New York,2017-11-04,1822
New York,2016-11-05,1922
New York,2015-11-07,1854
New York,2014-11-08,1873
New York,2019-11-09,1945
New York,2018-11-10,1924
New York,2017-11-11,1908
New York,2016-11-12,1968
New York,2015-11-14,1791
New York,2014-11-15,1883
New York,2019-11-16,1978
New York,2018-11-17,1877
New York,2017-11-18,1939
New York,2016-11-19,1898
New York,2015-11-21,1784
New York,2014-11-22,1927
New York,2019-11-23,1973
New York,2018-11-24,1943
New York,2017-11-25,2011
New York,2016-11-26,1914
New York,2015-11-28,1804
New York,2014-11-29,1910
New York,2019-11-30,1962
New York,2018-12-01,1973
New York,2017-12-02,2012
New York,2016-12-03,1936
New York,2015-12-05,1853
New York,2014-12-06,1955
New York,2019-12-07,2036
New York,2018-12-08,1955
New York,2017-12-09,1965
New York,2016-12-10,1911
New York,2015-12-12,1901
New York,2014-12-13,1913
New York,2019-12-14,1960
New York,2018-12-15,1958
New York,2017-12-16,2036
New York,2016-12-17,1982
New York,2015-12-19,1824
New York,2014-12-20,1954
New York,2019-12-21,1992
New York,2018-12-22,2005
New York,2017-12-23,2180
New York,2016-12-24,2055
New York,2015-12-26,1801
New York,2014-12-27,2038
New York,2019-12-28,2030
New York,2018-12-29,2032
New York,2017-12-30,2096
New York,2016-12-31,2012
New York,2020-01-04,2164
New York,2020-01-11,2092
New York,2020-01-18,2169
New York,2020-01-25,2023
New York,2020-02-01,2031
New York,2020-02-08,2058
New York,2020-02-15,1990
New York,2020-02-22,2033
New York,2020-02-29,2161
New York,2020-03-07,2072
New York,2020-03-14,1981
New York,2020-03-21,2130
New York,2020-03-28,2545
New York,2020-04-04,3777
New York,2020-04-11,4667
New York,2020-04-18,4466
New York,2020-04-25,3743
New York,2020-05-02,3130
New York,2020-05-09,2779
New York,2020-05-16,2508
New York,2020-05-23,2246
New York,2020-05-30,2115
New York,2020-06-06,1974
New York,2020-06-13,1899
New York,2020-06-20,1901
New York,2020-06-27,1931
New York,2020-07-04,1893
New York,2020-07-11,1893
New York,2020-07-18,1849
New York,2020-07-25,1814
New York,2020-08-01,1886
New York,2020-08-08,1877
New York,2020-08-15,1824
New York,2020-08-22,1876
New York,2020-08-29,1813
New York,2020-09-05,1797
New York,2020-09-12,1794
New York,2020-09-19,1880
New York,2020-09-26,2092
New York,2020-10-03,1983
New York,2020-10-10,2093
New York,2020-10-17,1940
New York,2020-10-24,1900
New York,2020-10-31,2010
New York,2020-11-07,2163
New York,2020-11-14,2064
New York,2020-11-21,2187
New York,2020-11-28,2305
New York,2020-12-05,2409
New York,2020-12-12,2639
New York,2020-12-19,2778
New York,2020-12-26,2930
New York,2021-01-02,2925
New York,2021-01-09,3042
New York,2021-01-16,3177
New York,2021-01-23,2962
New York,2021-01-30,2845
New York,2021-02-06,2828
New York,2021-02-13,2506
New York,2021-02-20,2457
New York,2021-02-27,2356
New York,2021-03-06,2197
New York,2021-03-13,2173
New York,2021-03-20,2111
New York,2021-03-27,2117
New York,2021-04-03,2001
New York,2021-04-10,2122
New York,2021-04-17,2020
New York,2021-04-24,2044
New York,2021-05-01,2032
New York,2021-05-08,1965
New York,2021-05-15,1929
New York,2021-05-22,2038
New York,2021-05-29,1910
New York,2021-06-05,1961
New York,2021-06-12,1845
New York,2021-06-19,1821
New York,2021-06-26,1822
New York,2021-07-03,1868
New York,2021-07-10,1887
New York,2021-07-17,1841
New York,2021-07-24,1931
New York,2021-07-31,1848
New York,2021-08-07,1678
North Carolina,2016-01-02,1685
North Carolina,2015-01-03,2040
North Carolina,2014-01-04,1773
North Carolina,2019-01-05,1933
North Carolina,2018-01-06,2136
North Carolina,2017-01-07,2001
North Carolina,2016-01-09,1916
North Carolina,2015-01-10,2106
North Carolina,2014-01-11,1775
North Carolina,2019-01-12,1967
North Carolina,2018-01-13,2204
North Carolina,2017-01-14,1986
North Carolina,2016-01-16,1862
North Carolina,2015-01-17,2096
North Carolina,2014-01-18,1773
North Carolina,2019-01-19,1862
North Carolina,2018-01-20,2115
North Carolina,2017-01-21,1868
North Carolina,2016-01-23,1902
North Carolina,2015-01-24,1808
North Carolina,2014-01-25,1751
North Carolina,2019-01-26,1898
North Carolina,2018-01-27,2088
North Carolina,2017-01-28,1905
North Carolina,2016-01-30,1948
North Carolina,2015-01-31,1856
North Carolina,2014-02-01,1787
North Carolina,2019-02-02,1930
North Carolina,2018-02-03,2094
North Carolina,2017-02-04,1825
North Carolina,2016-02-06,1884
North Carolina,2015-02-07,1928
North Carolina,2014-02-08,1763
North Carolina,2019-02-09,2091
North Carolina,2018-02-10,2094
North Carolina,2017-02-11,1938
North Carolina,2016-02-13,1844
North Carolina,2015-02-14,1893
North Carolina,2014-02-15,1762
North Carolina,2019-02-16,2050
North Carolina,2018-02-17,2054
North Carolina,2017-02-18,1879
North Carolina,2016-02-20,1848
North Carolina,2015-02-21,1971
North Carolina,2014-02-22,1778
North Carolina,2019-02-23,2041
North Carolina,2018-02-24,1899
North Carolina,2017-02-25,2002
North Carolina,2016-02-27,1796
North Carolina,2015-02-28,1872
North Carolina,2014-03-01,1685
North Carolina,2019-03-02,1997
North Carolina,2018-03-03,1805
North Carolina,2017-03-04,1963
North Carolina,2016-03-05,1891
North Carolina,2015-03-07,1985
North Carolina,2014-03-08,1723
North Carolina,2019-03-09,1972
North Carolina,2018-03-10,1904
North Carolina,2017-03-11,1988
North Carolina,2016-03-12,1873
North Carolina,2015-03-14,1885
North Carolina,2014-03-15,1740
North Carolina,2019-03-16,1907
North Carolina,2018-03-17,1843
North Carolina,2017-03-18,1990
North Carolina,2016-03-19,1719
North Carolina,2015-03-21,1765
North Carolina,2014-03-22,1756
North Carolina,2019-03-23,1870
North Carolina,2018-03-24,1761
North Carolina,2017-03-25,2010
North Carolina,2016-03-26,1883
North Carolina,2015-03-28,1770
North Carolina,2014-03-29,1641
North Carolina,2019-03-30,1890
North Carolina,2018-03-31,1814
North Carolina,2017-04-01,1945
North Carolina,2016-04-02,1820
North Carolina,2015-04-04,1747
North Carolina,2014-04-05,1650
North Carolina,2019-04-06,1914
North Carolina,2018-04-07,1797
North Carolina,2017-04-08,1872
North Carolina,2016-04-09,1743
North Carolina,2015-04-11,1773
North Carolina,2014-04-12,1639
North Carolina,2019-04-13,1954
North Carolina,2018-04-14,1830
North Carolina,2017-04-15,1799
North Carolina,2016-04-16,1798
North Carolina,2015-04-18,1669
North Carolina,2014-04-19,1568
North Carolina,2019-04-20,1821
North Carolina,2018-04-21,1769
North Carolina,2017-04-22,1737
North Carolina,2016-04-23,1688
North Carolina,2015-04-25,1636
North Carolina,2014-04-26,1663
North Carolina,2019-04-27,1814
North Carolina,2018-04-28,1700
North Carolina,2017-04-29,1764
North Carolina,2016-04-30,1669
North Carolina,2015-05-02,1594
North Carolina,2014-05-03,1571
North Carolina,2019-05-04,1918
North Carolina,2018-05-05,1772
North Carolina,2017-05-06,1752
North Carolina,2016-05-07,1704
North Carolina,2015-05-09,1722
North Carolina,2014-05-10,1642
North Carolina,2019-05-11,1790
North Carolina,2018-05-12,1785
North Carolina,2017-05-13,1691
North Carolina,2016-05-14,1760
North Carolina,2015-05-16,1650
North Carolina,2014-05-17,1554
North Carolina,2019-05-18,1774
North Carolina,2018-05-19,1629
North Carolina,2017-05-20,1811
North Carolina,2016-05-21,1628
North Carolina,2015-05-23,1594
North Carolina,2014-05-24,1564
North Carolina,2019-05-25,1884
North Carolina,2018-05-26,1720
North Carolina,2017-05-27,1752
North Carolina,2016-05-28,1650
North Carolina,2015-05-30,1616
North Carolina,2014-05-31,1635
North Carolina,2019-06-01,1814
North Carolina,2018-06-02,1698
North Carolina,2017-06-03,1666
North Carolina,2016-06-04,1701
North Carolina,2015-06-06,1626
North Carolina,2014-06-07,1610
North Carolina,2019-06-08,1818
North Carolina,2018-06-09,1773
North Carolina,2017-06-10,1743
North Carolina,2016-06-11,1659
North Carolina,2015-06-13,1667
North Carolina,2014-06-14,1555
North Carolina,2019-06-15,1857
North Carolina,2018-06-16,1778
North Carolina,2017-06-17,1632
North Carolina,2016-06-18,1618
North Carolina,2015-06-20,1696
North Carolina,2014-06-21,1509
North Carolina,2019-06-22,1817
North Carolina,2018-06-23,1759
North Carolina,2017-06-24,1675
North Carolina,2016-06-25,1631
North Carolina,2015-06-27,1627
North Carolina,2014-06-28,1523
North Carolina,2019-06-29,1783
North Carolina,2018-06-30,1725
North Carolina,2017-07-01,1701
North Carolina,2016-07-02,1712
North Carolina,2015-07-04,1624
North Carolina,2014-07-05,1566
North Carolina,2019-07-06,1790
North Carolina,2018-07-07,1740
North Carolina,2017-07-08,1772
North Carolina,2016-07-09,1648
North Carolina,2015-07-11,1656
North Carolina,2014-07-12,1548
North Carolina,2019-07-13,1672
North Carolina,2018-07-14,1694
North Carolina,2017-07-15,1640
North Carolina,2016-07-16,1682
North Carolina,2015-07-18,1605
North Carolina,2014-07-19,1590
North Carolina,2019-07-20,1743
North Carolina,2018-07-21,1687
North Carolina,2017-07-22,1692
North Carolina,2016-07-23,1607
North Carolina,2015-07-25,1599
North Carolina,2014-07-26,1509
North Carolina,2019-07-27,1758
North Carolina,2018-07-28,1652
North Carolina,2017-07-29,1665
North Carolina,2016-07-30,1590
North Carolina,2015-08-01,1575
North Carolina,2014-08-02,1489
North Carolina,2019-08-03,1708
North Carolina,2018-08-04,1703
North Carolina,2017-08-05,1652
North Carolina,2016-08-06,1590
North Carolina,2015-08-08,1575
North Carolina,2014-08-09,1602
North Carolina,2019-08-10,1784
North Carolina,2018-08-11,1672
North Carolina,2017-08-12,1693
North Carolina,2016-08-13,1593
North Carolina,2015-08-15,1549
North Carolina,2014-08-16,1506
North Carolina,2019-08-17,1700
North Carolina,2018-08-18,1725
North Carolina,2017-08-19,1726
North Carolina,2016-08-20,1619
North Carolina,2015-08-22,1639
North Carolina,2014-08-23,1484
North Carolina,2019-08-24,1745
North Carolina,2018-08-25,1666
North Carolina,2017-08-26,1674
North Carolina,2016-08-27,1646
North Carolina,2015-08-29,1598
North Carolina,2014-08-30,1508
North Carolina,2019-08-31,1717
North Carolina,2018-09-01,1696
North Carolina,2017-09-02,1777
North Carolina,2016-09-03,1658
North Carolina,2015-09-05,1645
North Carolina,2014-09-06,1557
North Carolina,2019-09-07,1756
North Carolina,2018-09-08,1723
North Carolina,2017-09-09,1643
North Carolina,2016-09-10,1663
North Carolina,2015-09-12,1628
North Carolina,2014-09-13,1606
North Carolina,2019-09-14,1692
North Carolina,2018-09-15,1659
North Carolina,2017-09-16,1700
North Carolina,2016-09-17,1575
North Carolina,2015-09-19,1605
North Carolina,2014-09-20,1590
North Carolina,2019-09-21,1802
North Carolina,2018-09-22,1720
North Carolina,2017-09-23,1766
North Carolina,2016-09-24,1696
North Carolina,2015-09-26,1638
North Carolina,2014-09-27,1637
North Carolina,2019-09-28,1820
North Carolina,2018-09-29,1681
North Carolina,2017-09-30,1738
North Carolina,2016-10-01,1688
North Carolina,2015-10-03,1644
North Carolina,2014-10-04,1642
North Carolina,2019-10-05,1849
North Carolina,2018-10-06,1744
North Carolina,2017-10-07,1738
North Carolina,2016-10-08,1668
North Carolina,2015-10-10,1683
North Carolina,2014-10-11,1684
North Carolina,2019-10-12,1747
North Carolina,2018-10-13,1789
North Carolina,2017-10-14,1769
North Carolina,2016-10-15,1775
North Carolina,2015-10-17,1647
North Carolina,2014-10-18,1568
North Carolina,2019-10-19,1812
North Carolina,2018-10-20,1779
North Carolina,2017-10-21,1684
North Carolina,2016-10-22,1731
North Carolina,2015-10-24,1723
North Carolina,2014-10-25,1667
North Carolina,2019-10-26,1885
North Carolina,2018-10-27,1743
North Carolina,2017-10-28,1720
North Carolina,2016-10-29,1767
North Carolina,2015-10-31,1705
North Carolina,2014-11-01,1666
North Carolina,2019-11-02,1734
North Carolina,2018-11-03,1878
North Carolina,2017-11-04,1813
North Carolina,2016-11-05,1766
North Carolina,2015-11-07,1787
North Carolina,2014-11-08,1710
North Carolina,2019-11-09,1821
North Carolina,2018-11-10,1835
North Carolina,2017-11-11,1759
North Carolina,2016-11-12,1779
North Carolina,2015-11-14,1662
North Carolina,2014-11-15,1608
North Carolina,2019-11-16,1873
North Carolina,2018-11-17,1842
North Carolina,2017-11-18,1822
North Carolina,2016-11-19,1846
North Carolina,2015-11-21,1717
North Carolina,2014-11-22,1760
North Carolina,2019-11-23,1899
North Carolina,2018-11-24,1789
North Carolina,2017-11-25,1762
North Carolina,2016-11-26,1762
North Carolina,2015-11-28,1734
North Carolina,2014-11-29,1718
North Carolina,2019-11-30,1808
North Carolina,2018-12-01,1844
North Carolina,2017-12-02,1772
North Carolina,2016-12-03,1821
North Carolina,2015-12-05,1736
North Carolina,2014-12-06,1752
North Carolina,2019-12-07,1998
North Carolina,2018-12-08,1949
North Carolina,2017-12-09,1877
North Carolina,2016-12-10,1846
North Carolina,2015-12-12,1814
North Carolina,2014-12-13,1701
North Carolina,2019-12-14,1949
North Carolina,2018-12-15,1893
North Carolina,2017-12-16,1952
North Carolina,2016-12-17,1901
North Carolina,2015-12-19,1680
North Carolina,2014-12-20,1745
North Carolina,2019-12-21,1877
North Carolina,2018-12-22,1975
North Carolina,2017-12-23,1960
North Carolina,2016-12-24,1817
North Carolina,2015-12-26,1840
North Carolina,2014-12-27,1937
North Carolina,2019-12-28,1998
North Carolina,2018-12-29,1835
North Carolina,2017-12-30,1980
North Carolina,2016-12-31,1935
North Carolina,2020-01-04,2003
North Carolina,2020-01-11,1984
North Carolina,2020-01-18,1902
North Carolina,2020-01-25,1994
North Carolina,2020-02-01,1983
North Carolina,2020-02-08,2053
North Carolina,2020-02-15,2060
North Carolina,2020-02-22,1925
North Carolina,2020-02-29,1972
North Carolina,2020-03-07,2032
North Carolina,2020-03-14,2025
North Carolina,2020-03-21,2052
North Carolina,2020-03-28,1877
North Carolina,2020-04-04,2024
North Carolina,2020-04-11,2016
North Carolina,2020-04-18,2029
North Carolina,2020-04-25,2104
North Carolina,2020-05-02,1948
North Carolina,2020-05-09,2059
North Carolina,2020-05-16,2039
North Carolina,2020-05-23,2061
North Carolina,2020-05-30,1991
North Carolina,2020-06-06,1967
North Carolina,2020-06-13,1878
North Carolina,2020-06-20,1938
North Carolina,2020-06-27,1946
North Carolina,2020-07-04,2001
North Carolina,2020-07-11,1979
North Carolina,2020-07-18,2027
North Carolina,2020-07-25,2147
North Carolina,2020-08-01,2085
North Carolina,2020-08-08,2061
North Carolina,2020-08-15,2160
North Carolina,2020-08-22,2123
North Carolina,2020-08-29,2070
North Carolina,2020-09-05,2167
North Carolina,2020-09-12,2124
North Carolina,2020-09-19,2261
North Carolina,2020-09-26,2072
North Carolina,2020-10-03,2038
North Carolina,2020-10-10,2117
North Carolina,2020-10-17,2130
North Carolina,2020-10-24,2130
North Carolina,2020-10-31,2159
North Carolina,2020-11-07,2382
North Carolina,2020-11-14,2230
North Carolina,2020-11-21,2176
North Carolina,2020-11-28,2320
North Carolina,2020-12-05,2378
North Carolina,2020-12-12,2459
North Carolina,2020-12-19,2588
North Carolina,2020-12-26,2670
North Carolina,2021-01-02,2837
North Carolina,2021-01-09,2922
North Carolina,2021-01-16,2993
North Carolina,2021-01-23,2856
North Carolina,2021-01-30,2843
North Carolina,2021-02-06,2463
North Carolina,2021-02-13,2313
North Carolina,2021-02-20,2235
North Carolina,2021-02-27,2050
North Carolina,2021-03-06,1014
North Carolina,2021-03-13,845
North Carolina,2021-03-20,839
North Carolina,2021-03-27,813
North Carolina,2021-04-03,797
North Carolina,2021-04-10,636
North Carolina,2021-04-17,588
North Carolina,2021-04-24,626
North Carolina,2021-05-01,564
North Carolina,2021-05-08,470
North Carolina,2021-05-15,497
North Carolina,2021-05-22,458
North Carolina,2021-05-29,429
North Carolina,2021-06-05,503
North Carolina,2021-06-12,530
North Carolina,2021-06-19,501
North Carolina,2021-06-26,551
North Carolina,2021-07-03,509
North Carolina,2021-07-10,490
North Carolina,2021-07-17,490
North Carolina,2021-07-24,495
North Carolina,2021-07-31,434
North Carolina,2021-08-07,319
North Dakota,2016-01-02,121
North Dakota,2015-01-03,173
North Dakota,2014-01-04,141
North Dakota,2019-01-05,136
North Dakota,2018-01-06,160
North Dakota,2017-01-07,117
North Dakota,2016-01-09,118
North Dakota,2015-01-10,162
North Dakota,2014-01-11,138
North Dakota,2019-01-12,143
North Dakota,2018-01-13,153
North Dakota,2017-01-14,142
North Dakota,2016-01-16,137
North Dakota,2015-01-17,178
North Dakota,2014-01-18,138
North Dakota,2019-01-19,161
North Dakota,2018-01-20,152
North Dakota,2017-01-21,146
North Dakota,2016-01-23,135
North Dakota,2015-01-24,156
North Dakota,2014-01-25,131
North Dakota,2019-01-26,136
North Dakota,2018-01-27,150
North Dakota,2017-01-28,153
North Dakota,2016-01-30,130
North Dakota,2015-01-31,128
North Dakota,2014-02-01,126
North Dakota,2019-02-02,133
North Dakota,2018-02-03,149
North Dakota,2017-02-04,121
North Dakota,2016-02-06,125
North Dakota,2015-02-07,140
North Dakota,2014-02-08,112
North Dakota,2019-02-09,130
North Dakota,2018-02-10,133
North Dakota,2017-02-11,142
North Dakota,2016-02-13,126
North Dakota,2015-02-14,124
North Dakota,2014-02-15,146
North Dakota,2019-02-16,161
North Dakota,2018-02-17,128
North Dakota,2017-02-18,150
North Dakota,2016-02-20,141
North Dakota,2015-02-21,151
North Dakota,2014-02-22,128
North Dakota,2019-02-23,138
North Dakota,2018-02-24,157
North Dakota,2017-02-25,151
North Dakota,2016-02-27,115
North Dakota,2015-02-28,134
North Dakota,2014-03-01,145
North Dakota,2019-03-02,144
North Dakota,2018-03-03,125
North Dakota,2017-03-04,151
North Dakota,2016-03-05,131
North Dakota,2015-03-07,128
North Dakota,2014-03-08,130
North Dakota,2019-03-09,117
North Dakota,2018-03-10,152
North Dakota,2017-03-11,142
North Dakota,2016-03-12,151
North Dakota,2015-03-14,133
North Dakota,2014-03-15,154
North Dakota,2019-03-16,118
North Dakota,2018-03-17,130
North Dakota,2017-03-18,140
North Dakota,2016-03-19,137
North Dakota,2015-03-21,142
North Dakota,2014-03-22,130
North Dakota,2019-03-23,145
North Dakota,2018-03-24,135
North Dakota,2017-03-25,136
North Dakota,2016-03-26,132
North Dakota,2015-03-28,153
North Dakota,2014-03-29,128
North Dakota,2019-03-30,141
North Dakota,2018-03-31,138
North Dakota,2017-04-01,140
North Dakota,2016-04-02,128
North Dakota,2015-04-04,145
North Dakota,2014-04-05,135
North Dakota,2019-04-06,171
North Dakota,2018-04-07,144
North Dakota,2017-04-08,167
North Dakota,2016-04-09,126
North Dakota,2015-04-11,147
North Dakota,2014-04-12,136
North Dakota,2019-04-13,149
North Dakota,2018-04-14,127
North Dakota,2017-04-15,140
North Dakota,2016-04-16,124
North Dakota,2015-04-18,146
North Dakota,2014-04-19,106
North Dakota,2019-04-20,138
North Dakota,2018-04-21,138
North Dakota,2017-04-22,152
North Dakota,2016-04-23,136
North Dakota,2015-04-25,118
North Dakota,2014-04-26,137
North Dakota,2019-04-27,135
North Dakota,2018-04-28,135
North Dakota,2017-04-29,123
North Dakota,2016-04-30,132
North Dakota,2015-05-02,139
North Dakota,2014-05-03,143
North Dakota,2019-05-04,166
North Dakota,2018-05-05,123
North Dakota,2017-05-06,129
North Dakota,2016-05-07,132
North Dakota,2015-05-09,122
North Dakota,2014-05-10,131
North Dakota,2019-05-11,140
North Dakota,2018-05-12,127
North Dakota,2017-05-13,144
North Dakota,2016-05-14,118
North Dakota,2015-05-16,133
North Dakota,2014-05-17,122
North Dakota,2019-05-18,153
North Dakota,2018-05-19,128
North Dakota,2017-05-20,120
North Dakota,2016-05-21,141
North Dakota,2015-05-23,123
North Dakota,2014-05-24,128
North Dakota,2019-05-25,135
North Dakota,2018-05-26,128
North Dakota,2017-05-27,134
North Dakota,2016-05-28,129
North Dakota,2015-05-30,126
North Dakota,2014-05-31,133
North Dakota,2019-06-01,164
North Dakota,2018-06-02,132
North Dakota,2017-06-03,124
North Dakota,2016-06-04,123
North Dakota,2015-06-06,122
North Dakota,2014-06-07,124
North Dakota,2019-06-08,135
North Dakota,2018-06-09,121
North Dakota,2017-06-10,136
North Dakota,2016-06-11,152
North Dakota,2015-06-13,128
North Dakota,2014-06-14,112
North Dakota,2019-06-15,155
North Dakota,2018-06-16,120
North Dakota,2017-06-17,122
North Dakota,2016-06-18,129
North Dakota,2015-06-20,132
North Dakota,2014-06-21,121
North Dakota,2019-06-22,129
North Dakota,2018-06-23,127
North Dakota,2017-06-24,126
North Dakota,2016-06-25,122
North Dakota,2015-06-27,124
North Dakota,2014-06-28,108
North Dakota,2019-06-29,135
North Dakota,2018-06-30,126
North Dakota,2017-07-01,139
North Dakota,2016-07-02,128
North Dakota,2015-07-04,122
North Dakota,2014-07-05,119
North Dakota,2019-07-06,130
North Dakota,2018-07-07,128
North Dakota,2017-07-08,109
North Dakota,2016-07-09,110
North Dakota,2015-07-11,150
North Dakota,2014-07-12,128
North Dakota,2019-07-13,137
North Dakota,2018-07-14,142
North Dakota,2017-07-15,115
North Dakota,2016-07-16,126
North Dakota,2015-07-18,106
North Dakota,2014-07-19,116
North Dakota,2019-07-20,116
North Dakota,2018-07-21,105
North Dakota,2017-07-22,141
North Dakota,2016-07-23,114
North Dakota,2015-07-25,130
North Dakota,2014-07-26,129
North Dakota,2019-07-27,135
North Dakota,2018-07-28,124
North Dakota,2017-07-29,115
North Dakota,2016-07-30,128
North Dakota,2015-08-01,133
North Dakota,2014-08-02,119
North Dakota,2019-08-03,114
North Dakota,2018-08-04,138
North Dakota,2017-08-05,128
North Dakota,2016-08-06,106
North Dakota,2015-08-08,108
North Dakota,2014-08-09,117
North Dakota,2019-08-10,142
North Dakota,2018-08-11,117
North Dakota,2017-08-12,112
North Dakota,2016-08-13,113
North Dakota,2015-08-15,132
North Dakota,2014-08-16,125
North Dakota,2019-08-17,139
North Dakota,2018-08-18,136
North Dakota,2017-08-19,155
North Dakota,2016-08-20,117
North Dakota,2015-08-22,105
North Dakota,2014-08-23,116
North Dakota,2019-08-24,163
North Dakota,2018-08-25,113
North Dakota,2017-08-26,120
North Dakota,2016-08-27,118
North Dakota,2015-08-29,142
North Dakota,2014-08-30,118
North Dakota,2019-08-31,115
North Dakota,2018-09-01,99
North Dakota,2017-09-02,124
North Dakota,2016-09-03,124
North Dakota,2015-09-05,114
North Dakota,2014-09-06,134
North Dakota,2019-09-07,122
North Dakota,2018-09-08,114
North Dakota,2017-09-09,130
North Dakota,2016-09-10,124
North Dakota,2015-09-12,133
North Dakota,2014-09-13,125
North Dakota,2019-09-14,157
North Dakota,2018-09-15,139
North Dakota,2017-09-16,127
North Dakota,2016-09-17,143
North Dakota,2015-09-19,132
North Dakota,2014-09-20,128
North Dakota,2019-09-21,128
North Dakota,2018-09-22,131
North Dakota,2017-09-23,138
North Dakota,2016-09-24,116
North Dakota,2015-09-26,140
North Dakota,2014-09-27,131
North Dakota,2019-09-28,156
North Dakota,2018-09-29,137
North Dakota,2017-09-30,142
North Dakota,2016-10-01,104
North Dakota,2015-10-03,124
North Dakota,2014-10-04,130
North Dakota,2019-10-05,139
North Dakota,2018-10-06,130
North Dakota,2017-10-07,157
North Dakota,2016-10-08,144
North Dakota,2015-10-10,130
North Dakota,2014-10-11,163
North Dakota,2019-10-12,127
North Dakota,2018-10-13,138
North Dakota,2017-10-14,106
North Dakota,2016-10-15,149
North Dakota,2015-10-17,122
North Dakota,2014-10-18,131
North Dakota,2019-10-19,162
North Dakota,2018-10-20,161
North Dakota,2017-10-21,134
North Dakota,2016-10-22,151
North Dakota,2015-10-24,121
North Dakota,2014-10-25,122
North Dakota,2019-10-26,147
North Dakota,2018-10-27,137
North Dakota,2017-10-28,150
North Dakota,2016-10-29,137
North Dakota,2015-10-31,130
North Dakota,2014-11-01,136
North Dakota,2019-11-02,135
North Dakota,2018-11-03,159
North Dakota,2017-11-04,154
North Dakota,2016-11-05,159
North Dakota,2015-11-07,122
North Dakota,2014-11-08,137
North Dakota,2019-11-09,146
North Dakota,2018-11-10,139
North Dakota,2017-11-11,144
North Dakota,2016-11-12,122
North Dakota,2015-11-14,133
North Dakota,2014-11-15,128
North Dakota,2019-11-16,157
North Dakota,2018-11-17,127
North Dakota,2017-11-18,136
North Dakota,2016-11-19,136
North Dakota,2015-11-21,130
North Dakota,2014-11-22,134
North Dakota,2019-11-23,150
North Dakota,2018-11-24,166
North Dakota,2017-11-25,127
North Dakota,2016-11-26,147
North Dakota,2015-11-28,133
North Dakota,2014-11-29,114
North Dakota,2019-11-30,147
North Dakota,2018-12-01,132
North Dakota,2017-12-02,153
North Dakota,2016-12-03,134
North Dakota,2015-12-05,126
North Dakota,2014-12-06,148
North Dakota,2019-12-07,147
North Dakota,2018-12-08,127
North Dakota,2017-12-09,150
North Dakota,2016-12-10,127
North Dakota,2015-12-12,133
North Dakota,2014-12-13,129
North Dakota,2019-12-14,142
North Dakota,2018-12-15,129
North Dakota,2017-12-16,140
North Dakota,2016-12-17,151
North Dakota,2015-12-19,117
North Dakota,2014-12-20,138
North Dakota,2019-12-21,160
North Dakota,2018-12-22,141
North Dakota,2017-12-23,139
North Dakota,2016-12-24,128
North Dakota,2015-12-26,116
North Dakota,2014-12-27,141
North Dakota,2019-12-28,145
North Dakota,2018-12-29,150
North Dakota,2017-12-30,132
North Dakota,2016-12-31,135
North Dakota,2020-01-04,149
North Dakota,2020-01-11,151
North Dakota,2020-01-18,171
North Dakota,2020-01-25,147
North Dakota,2020-02-01,130
North Dakota,2020-02-08,138
North Dakota,2020-02-15,148
North Dakota,2020-02-22,176
North Dakota,2020-02-29,152
North Dakota,2020-03-07,171
North Dakota,2020-03-14,148
North Dakota,2020-03-21,150
North Dakota,2020-03-28,119
North Dakota,2020-04-04,140
North Dakota,2020-04-11,158
North Dakota,2020-04-18,157
North Dakota,2020-04-25,158
North Dakota,2020-05-02,148
North Dakota,2020-05-09,141
North Dakota,2020-05-16,153
North Dakota,2020-05-23,140
North Dakota,2020-05-30,143
North Dakota,2020-06-06,161
North Dakota,2020-06-13,143
North Dakota,2020-06-20,142
North Dakota,2020-06-27,131
North Dakota,2020-07-04,117
North Dakota,2020-07-11,135
North Dakota,2020-07-18,134
North Dakota,2020-07-25,132
North Dakota,2020-08-01,139
North Dakota,2020-08-08,154
North Dakota,2020-08-15,136
North Dakota,2020-08-22,132
North Dakota,2020-08-29,141
North Dakota,2020-09-05,163
North Dakota,2020-09-12,143
North Dakota,2020-09-19,165
North Dakota,2020-09-26,178
North Dakota,2020-10-03,197
North Dakota,2020-10-10,239
North Dakota,2020-10-17,223
North Dakota,2020-10-24,195
North Dakota,2020-10-31,246
North Dakota,2020-11-07,269
North Dakota,2020-11-14,255
North Dakota,2020-11-21,273
North Dakota,2020-11-28,248
North Dakota,2020-12-05,283
North Dakota,2020-12-12,231
North Dakota,2020-12-19,200
North Dakota,2020-12-26,200
North Dakota,2021-01-02,163
North Dakota,2021-01-09,156
North Dakota,2021-01-16,153
North Dakota,2021-01-23,140
North Dakota,2021-01-30,147
North Dakota,2021-02-06,157
North Dakota,2021-02-13,119
North Dakota,2021-02-20,131
North Dakota,2021-02-27,162
North Dakota,2021-03-06,155
North Dakota,2021-03-13,135
North Dakota,2021-03-20,142
North Dakota,2021-03-27,144
North Dakota,2021-04-03,138
North Dakota,2021-04-10,135
North Dakota,2021-04-17,145
North Dakota,2021-04-24,126
North Dakota,2021-05-01,144
North Dakota,2021-05-08,145
North Dakota,2021-05-15,137
North Dakota,2021-05-22,155
North Dakota,2021-05-29,122
North Dakota,2021-06-05,146
North Dakota,2021-06-12,138
North Dakota,2021-06-19,126
North Dakota,2021-06-26,149
North Dakota,2021-07-03,144
North Dakota,2021-07-10,132
North Dakota,2021-07-17,113
North Dakota,2021-07-24,115
North Dakota,2021-07-31,91
North Dakota,2021-08-07,37
Ohio,2016-01-02,2243
Ohio,2015-01-03,2781
Ohio,2014-01-04,2320
Ohio,2019-01-05,2501
Ohio,2018-01-06,2945
Ohio,2017-01-07,2668
Ohio,2016-01-09,2444
Ohio,2015-01-10,2753
Ohio,2014-01-11,2511
Ohio,2019-01-12,2553
Ohio,2018-01-13,3085
Ohio,2017-01-14,2688
Ohio,2016-01-16,2438
Ohio,2015-01-17,2815
Ohio,2014-01-18,2329
Ohio,2019-01-19,2636
Ohio,2018-01-20,2858
Ohio,2017-01-21,2644
Ohio,2016-01-23,2408
Ohio,2015-01-24,2576
Ohio,2014-01-25,2337
Ohio,2019-01-26,2549
Ohio,2018-01-27,2810
Ohio,2017-01-28,2611
Ohio,2016-01-30,2388
Ohio,2015-01-31,2454
Ohio,2014-02-01,2288
Ohio,2019-02-02,2573
Ohio,2018-02-03,2565
Ohio,2017-02-04,2533
Ohio,2016-02-06,2361
Ohio,2015-02-07,2418
Ohio,2014-02-08,2226
Ohio,2019-02-09,2390
Ohio,2018-02-10,2645
Ohio,2017-02-11,2651
Ohio,2016-02-13,2333
Ohio,2015-02-14,2414
Ohio,2014-02-15,2400
Ohio,2019-02-16,2379
Ohio,2018-02-17,2490
Ohio,2017-02-18,2573
Ohio,2016-02-20,2427
Ohio,2015-02-21,2457
Ohio,2014-02-22,2254
Ohio,2019-02-23,2404
Ohio,2018-02-24,2570
Ohio,2017-02-25,2588
Ohio,2016-02-27,2357
Ohio,2015-02-28,2460
Ohio,2014-03-01,2251
Ohio,2019-03-02,2548
Ohio,2018-03-03,2444
Ohio,2017-03-04,2533
Ohio,2016-03-05,2378
Ohio,2015-03-07,2399
Ohio,2014-03-08,2316
Ohio,2019-03-09,2626
Ohio,2018-03-10,2435
Ohio,2017-03-11,2513
Ohio,2016-03-12,2426
Ohio,2015-03-14,2423
Ohio,2014-03-15,2307
Ohio,2019-03-16,2560
Ohio,2018-03-17,2359
Ohio,2017-03-18,2495
Ohio,2016-03-19,2349
Ohio,2015-03-21,2267
Ohio,2014-03-22,2184
Ohio,2019-03-23,2455
Ohio,2018-03-24,2404
Ohio,2017-03-25,2616
Ohio,2016-03-26,2438
Ohio,2015-03-28,2228
Ohio,2014-03-29,2177
Ohio,2019-03-30,2492
Ohio,2018-03-31,2310
Ohio,2017-04-01,2531
Ohio,2016-04-02,2393
Ohio,2015-04-04,2330
Ohio,2014-04-05,2190
Ohio,2019-04-06,2549
Ohio,2018-04-07,2538
Ohio,2017-04-08,2510
Ohio,2016-04-09,2425
Ohio,2015-04-11,2311
Ohio,2014-04-12,2214
Ohio,2019-04-13,2358
Ohio,2018-04-14,2441
Ohio,2017-04-15,2465
Ohio,2016-04-16,2437
Ohio,2015-04-18,2431
Ohio,2014-04-19,2153
Ohio,2019-04-20,2348
Ohio,2018-04-21,2397
Ohio,2017-04-22,2351
Ohio,2016-04-23,2320
Ohio,2015-04-25,2248
Ohio,2014-04-26,2137
Ohio,2019-04-27,2309
Ohio,2018-04-28,2372
Ohio,2017-04-29,2208
Ohio,2016-04-30,2239
Ohio,2015-05-02,2240
Ohio,2014-05-03,2112
Ohio,2019-05-04,2254
Ohio,2018-05-05,2498
Ohio,2017-05-06,2249
Ohio,2016-05-07,2197
Ohio,2015-05-09,2235
Ohio,2014-05-10,2174
Ohio,2019-05-11,2303
Ohio,2018-05-12,2348
Ohio,2017-05-13,2309
Ohio,2016-05-14,2230
Ohio,2015-05-16,2280
Ohio,2014-05-17,1921
Ohio,2019-05-18,2230
Ohio,2018-05-19,2190
Ohio,2017-05-20,2281
Ohio,2016-05-21,2194
Ohio,2015-05-23,2093
Ohio,2014-05-24,2120
Ohio,2019-05-25,2280
Ohio,2018-05-26,2224
Ohio,2017-05-27,2206
Ohio,2016-05-28,2187
Ohio,2015-05-30,2130
Ohio,2014-05-31,2114
Ohio,2019-06-01,2229
Ohio,2018-06-02,2199
Ohio,2017-06-03,2251
Ohio,2016-06-04,2098
Ohio,2015-06-06,2105
Ohio,2014-06-07,2038
Ohio,2019-06-08,2231
Ohio,2018-06-09,2267
Ohio,2017-06-10,2311
Ohio,2016-06-11,2135
Ohio,2015-06-13,2150
Ohio,2014-06-14,2061
Ohio,2019-06-15,2281
Ohio,2018-06-16,2196
Ohio,2017-06-17,2235
Ohio,2016-06-18,2159
Ohio,2015-06-20,2114
Ohio,2014-06-21,2098
Ohio,2019-06-22,2270
Ohio,2018-06-23,2262
Ohio,2017-06-24,2183
Ohio,2016-06-25,2219
Ohio,2015-06-27,2125
Ohio,2014-06-28,2038
Ohio,2019-06-29,2336
Ohio,2018-06-30,2239
Ohio,2017-07-01,2171
Ohio,2016-07-02,2144
Ohio,2015-07-04,2081
Ohio,2014-07-05,1970
Ohio,2019-07-06,2272
Ohio,2018-07-07,2225
Ohio,2017-07-08,2223
Ohio,2016-07-09,2223
Ohio,2015-07-11,2103
Ohio,2014-07-12,2153
Ohio,2019-07-13,2269
Ohio,2018-07-14,2283
Ohio,2017-07-15,2276
Ohio,2016-07-16,2237
Ohio,2015-07-18,2158
Ohio,2014-07-19,2048
Ohio,2019-07-20,2263
Ohio,2018-07-21,2216
Ohio,2017-07-22,2137
Ohio,2016-07-23,2079
Ohio,2015-07-25,2125
Ohio,2014-07-26,2141
Ohio,2019-07-27,2246
Ohio,2018-07-28,2132
Ohio,2017-07-29,2176
Ohio,2016-07-30,2116
Ohio,2015-08-01,2210
Ohio,2014-08-02,2066
Ohio,2019-08-03,2260
Ohio,2018-08-04,2191
Ohio,2017-08-05,2177
Ohio,2016-08-06,2143
Ohio,2015-08-08,2074
Ohio,2014-08-09,2069
Ohio,2019-08-10,2230
Ohio,2018-08-11,2251
Ohio,2017-08-12,2164
Ohio,2016-08-13,2208
Ohio,2015-08-15,2158
Ohio,2014-08-16,2019
Ohio,2019-08-17,2201
Ohio,2018-08-18,2244
Ohio,2017-08-19,2208
Ohio,2016-08-20,2184
Ohio,2015-08-22,2094
Ohio,2014-08-23,2046
Ohio,2019-08-24,2264
Ohio,2018-08-25,2155
Ohio,2017-08-26,2196
Ohio,2016-08-27,2042
Ohio,2015-08-29,2118
Ohio,2014-08-30,2054
Ohio,2019-08-31,2264
Ohio,2018-09-01,2182
Ohio,2017-09-02,2267
Ohio,2016-09-03,2194
Ohio,2015-09-05,2135
Ohio,2014-09-06,2053
Ohio,2019-09-07,2219
Ohio,2018-09-08,2280
Ohio,2017-09-09,2252
Ohio,2016-09-10,2141
Ohio,2015-09-12,2097
Ohio,2014-09-13,2052
Ohio,2019-09-14,2282
Ohio,2018-09-15,2310
Ohio,2017-09-16,2300
Ohio,2016-09-17,2191
Ohio,2015-09-19,2133
Ohio,2014-09-20,2089
Ohio,2019-09-21,2336
Ohio,2018-09-22,2376
Ohio,2017-09-23,2234
Ohio,2016-09-24,2219
Ohio,2015-09-26,2122
Ohio,2014-09-27,2152
Ohio,2019-09-28,2257
Ohio,2018-09-29,2192
Ohio,2017-09-30,2205
Ohio,2016-10-01,2261
Ohio,2015-10-03,2141
Ohio,2014-10-04,2112
Ohio,2019-10-05,2262
Ohio,2018-10-06,2296
Ohio,2017-10-07,2262
Ohio,2016-10-08,2246
Ohio,2015-10-10,2204
Ohio,2014-10-11,2125
Ohio,2019-10-12,2358
Ohio,2018-10-13,2286
Ohio,2017-10-14,2208
Ohio,2016-10-15,2221
Ohio,2015-10-17,2208
Ohio,2014-10-18,2185
Ohio,2019-10-19,2314
Ohio,2018-10-20,2351
Ohio,2017-10-21,2253
Ohio,2016-10-22,2223
Ohio,2015-10-24,2236
Ohio,2014-10-25,2097
Ohio,2019-10-26,2314
Ohio,2018-10-27,2262
Ohio,2017-10-28,2246
Ohio,2016-10-29,2294
Ohio,2015-10-31,2229
Ohio,2014-11-01,2157
Ohio,2019-11-02,2372
Ohio,2018-11-03,2423
Ohio,2017-11-04,2325
Ohio,2016-11-05,2284
Ohio,2015-11-07,2327
Ohio,2014-11-08,2254
Ohio,2019-11-09,2499
Ohio,2018-11-10,2428
Ohio,2017-11-11,2349
Ohio,2016-11-12,2259
Ohio,2015-11-14,2250
Ohio,2014-11-15,2205
Ohio,2019-11-16,2414
Ohio,2018-11-17,2418
Ohio,2017-11-18,2398
Ohio,2016-11-19,2392
Ohio,2015-11-21,2242
Ohio,2014-11-22,2396
Ohio,2019-11-23,2417
Ohio,2018-11-24,2343
Ohio,2017-11-25,2434
Ohio,2016-11-26,2337
Ohio,2015-11-28,2265
Ohio,2014-11-29,2261
Ohio,2019-11-30,2402
Ohio,2018-12-01,2493
Ohio,2017-12-02,2389
Ohio,2016-12-03,2404
Ohio,2015-12-05,2316
Ohio,2014-12-06,2375
Ohio,2019-12-07,2454
Ohio,2018-12-08,2491
Ohio,2017-12-09,2458
Ohio,2016-12-10,2379
Ohio,2015-12-12,2254
Ohio,2014-12-13,2439
Ohio,2019-12-14,2495
Ohio,2018-12-15,2430
Ohio,2017-12-16,2531
Ohio,2016-12-17,2499
Ohio,2015-12-19,2255
Ohio,2014-12-20,2489
Ohio,2019-12-21,2459
Ohio,2018-12-22,2478
Ohio,2017-12-23,2630
Ohio,2016-12-24,2480
Ohio,2015-12-26,2277
Ohio,2014-12-27,2676
Ohio,2019-12-28,2528
Ohio,2018-12-29,2384
Ohio,2017-12-30,2739
Ohio,2016-12-31,2484
Ohio,2020-01-04,2541
Ohio,2020-01-11,2615
Ohio,2020-01-18,2477
Ohio,2020-01-25,2565
Ohio,2020-02-01,2493
Ohio,2020-02-08,2533
Ohio,2020-02-15,2495
Ohio,2020-02-22,2527
Ohio,2020-02-29,2461
Ohio,2020-03-07,2509
Ohio,2020-03-14,2555
Ohio,2020-03-21,2521
Ohio,2020-03-28,2511
Ohio,2020-04-04,2571
Ohio,2020-04-11,2632
Ohio,2020-04-18,2657
Ohio,2020-04-25,2835
Ohio,2020-05-02,2737
Ohio,2020-05-09,2616
Ohio,2020-05-16,2685
Ohio,2020-05-23,2664
Ohio,2020-05-30,2530
Ohio,2020-06-06,2597
Ohio,2020-06-13,2421
Ohio,2020-06-20,2404
Ohio,2020-06-27,2429
Ohio,2020-07-04,2529
Ohio,2020-07-11,2515
Ohio,2020-07-18,2537
Ohio,2020-07-25,2504
Ohio,2020-08-01,2621
Ohio,2020-08-08,2584
Ohio,2020-08-15,2588
Ohio,2020-08-22,2592
Ohio,2020-08-29,2650
Ohio,2020-09-05,2426
Ohio,2020-09-12,2557
Ohio,2020-09-19,2485
Ohio,2020-09-26,2630
Ohio,2020-10-03,2602
Ohio,2020-10-10,2665
Ohio,2020-10-17,2650
Ohio,2020-10-24,2691
Ohio,2020-10-31,2763
Ohio,2020-11-07,3028
Ohio,2020-11-14,3070
Ohio,2020-11-21,3256
Ohio,2020-11-28,3568
Ohio,2020-12-05,3910
Ohio,2020-12-12,4230
Ohio,2020-12-19,4066
Ohio,2020-12-26,3913
Ohio,2021-01-02,3903
Ohio,2021-01-09,3678
Ohio,2021-01-16,3577
Ohio,2021-01-23,3281
Ohio,2021-01-30,3124
Ohio,2021-02-06,3107
Ohio,2021-02-13,2947
Ohio,2021-02-20,2847
Ohio,2021-02-27,2773
Ohio,2021-03-06,2569
Ohio,2021-03-13,2546
Ohio,2021-03-20,2402
Ohio,2021-03-27,2489
Ohio,2021-04-03,2392
Ohio,2021-04-10,2546
Ohio,2021-04-17,2407
Ohio,2021-04-24,2565
Ohio,2021-05-01,2462
Ohio,2021-05-08,2393
Ohio,2021-05-15,2408
Ohio,2021-05-22,2539
Ohio,2021-05-29,2424
Ohio,2021-06-05,2405
Ohio,2021-06-12,2274
Ohio,2021-06-19,2367
Ohio,2021-06-26,2325
Ohio,2021-07-03,2296
Ohio,2021-07-10,2286
Ohio,2021-07-17,2187
Ohio,2021-07-24,2054
Ohio,2021-07-31,1651
Ohio,2021-08-07,946
Oklahoma,2016-01-02,782
Oklahoma,2015-01-03,805
Oklahoma,2014-01-04,754
Oklahoma,2019-01-05,818
Oklahoma,2018-01-06,943
Oklahoma,2017-01-07,795
Oklahoma,2016-01-09,785
Oklahoma,2015-01-10,830
Oklahoma,2014-01-11,794
Oklahoma,2019-01-12,798
Oklahoma,2018-01-13,957
Oklahoma,2017-01-14,836
Oklahoma,2016-01-16,778
Oklahoma,2015-01-17,842
Oklahoma,2014-01-18,798
Oklahoma,2019-01-19,799
Oklahoma,2018-01-20,953
Oklahoma,2017-01-21,831
Oklahoma,2016-01-23,765
Oklahoma,2015-01-24,877
Oklahoma,2014-01-25,781
Oklahoma,2019-01-26,813
Oklahoma,2018-01-27,905
Oklahoma,2017-01-28,821
Oklahoma,2016-01-30,817
Oklahoma,2015-01-31,870
Oklahoma,2014-02-01,798
Oklahoma,2019-02-02,811
Oklahoma,2018-02-03,944
Oklahoma,2017-02-04,845
Oklahoma,2016-02-06,709
Oklahoma,2015-02-07,836
Oklahoma,2014-02-08,783
Oklahoma,2019-02-09,834
Oklahoma,2018-02-10,869
Oklahoma,2017-02-11,867
Oklahoma,2016-02-13,777
Oklahoma,2015-02-14,866
Oklahoma,2014-02-15,807
Oklahoma,2019-02-16,847
Oklahoma,2018-02-17,992
Oklahoma,2017-02-18,807
Oklahoma,2016-02-20,780
Oklahoma,2015-02-21,798
Oklahoma,2014-02-22,758
Oklahoma,2019-02-23,839
Oklahoma,2018-02-24,799
Oklahoma,2017-02-25,857
Oklahoma,2016-02-27,792
Oklahoma,2015-02-28,792
Oklahoma,2014-03-01,753
Oklahoma,2019-03-02,789
Oklahoma,2018-03-03,823
Oklahoma,2017-03-04,827
Oklahoma,2016-03-05,805
Oklahoma,2015-03-07,804
Oklahoma,2014-03-08,789
Oklahoma,2019-03-09,861
Oklahoma,2018-03-10,861
Oklahoma,2017-03-11,784
Oklahoma,2016-03-12,786
Oklahoma,2015-03-14,832
Oklahoma,2014-03-15,825
Oklahoma,2019-03-16,870
Oklahoma,2018-03-17,738
Oklahoma,2017-03-18,843
Oklahoma,2016-03-19,742
Oklahoma,2015-03-21,786
Oklahoma,2014-03-22,771
Oklahoma,2019-03-23,854
Oklahoma,2018-03-24,763
Oklahoma,2017-03-25,795
Oklahoma,2016-03-26,747
Oklahoma,2015-03-28,789
Oklahoma,2014-03-29,744
Oklahoma,2019-03-30,806
Oklahoma,2018-03-31,693
Oklahoma,2017-04-01,737
Oklahoma,2016-04-02,734
Oklahoma,2015-04-04,732
Oklahoma,2014-04-05,736
Oklahoma,2019-04-06,765
Oklahoma,2018-04-07,743
Oklahoma,2017-04-08,750
Oklahoma,2016-04-09,734
Oklahoma,2015-04-11,681
Oklahoma,2014-04-12,754
Oklahoma,2019-04-13,756
Oklahoma,2018-04-14,762
Oklahoma,2017-04-15,724
Oklahoma,2016-04-16,737
Oklahoma,2015-04-18,739
Oklahoma,2014-04-19,712
Oklahoma,2019-04-20,720
Oklahoma,2018-04-21,748
Oklahoma,2017-04-22,756
Oklahoma,2016-04-23,702
Oklahoma,2015-04-25,682
Oklahoma,2014-04-26,691
Oklahoma,2019-04-27,729
Oklahoma,2018-04-28,741
Oklahoma,2017-04-29,753
Oklahoma,2016-04-30,716
Oklahoma,2015-05-02,712
Oklahoma,2014-05-03,680
Oklahoma,2019-05-04,746
Oklahoma,2018-05-05,787
Oklahoma,2017-05-06,733
Oklahoma,2016-05-07,756
Oklahoma,2015-05-09,711
Oklahoma,2014-05-10,727
Oklahoma,2019-05-11,717
Oklahoma,2018-05-12,732
Oklahoma,2017-05-13,699
Oklahoma,2016-05-14,695
Oklahoma,2015-05-16,700
Oklahoma,2014-05-17,687
Oklahoma,2019-05-18,818
Oklahoma,2018-05-19,751
Oklahoma,2017-05-20,733
Oklahoma,2016-05-21,693
Oklahoma,2015-05-23,679
Oklahoma,2014-05-24,689
Oklahoma,2019-05-25,687
Oklahoma,2018-05-26,764
Oklahoma,2017-05-27,692
Oklahoma,2016-05-28,760
Oklahoma,2015-05-30,660
Oklahoma,2014-05-31,684
Oklahoma,2019-06-01,683
Oklahoma,2018-06-02,708
Oklahoma,2017-06-03,694
Oklahoma,2016-06-04,675
Oklahoma,2015-06-06,727
Oklahoma,2014-06-07,673
Oklahoma,2019-06-08,705
Oklahoma,2018-06-09,730
Oklahoma,2017-06-10,694
Oklahoma,2016-06-11,615
Oklahoma,2015-06-13,723
Oklahoma,2014-06-14,641
Oklahoma,2019-06-15,721
Oklahoma,2018-06-16,726
Oklahoma,2017-06-17,735
Oklahoma,2016-06-18,682
Oklahoma,2015-06-20,703
Oklahoma,2014-06-21,685
Oklahoma,2019-06-22,745
Oklahoma,2018-06-23,697
Oklahoma,2017-06-24,679
Oklahoma,2016-06-25,679
Oklahoma,2015-06-27,667
Oklahoma,2014-06-28,669
Oklahoma,2019-06-29,714
Oklahoma,2018-06-30,685
Oklahoma,2017-07-01,702
Oklahoma,2016-07-02,696
Oklahoma,2015-07-04,702
Oklahoma,2014-07-05,629
Oklahoma,2019-07-06,708
Oklahoma,2018-07-07,692
Oklahoma,2017-07-08,704
Oklahoma,2016-07-09,695
Oklahoma,2015-07-11,730
Oklahoma,2014-07-12,731
Oklahoma,2019-07-13,763
Oklahoma,2018-07-14,689
Oklahoma,2017-07-15,748
Oklahoma,2016-07-16,701
Oklahoma,2015-07-18,713
Oklahoma,2014-07-19,678
Oklahoma,2019-07-20,718
Oklahoma,2018-07-21,681
Oklahoma,2017-07-22,745
Oklahoma,2016-07-23,708
Oklahoma,2015-07-25,670
Oklahoma,2014-07-26,716
Oklahoma,2019-07-27,710
Oklahoma,2018-07-28,714
Oklahoma,2017-07-29,698
Oklahoma,2016-07-30,661
Oklahoma,2015-08-01,689
Oklahoma,2014-08-02,671
Oklahoma,2019-08-03,705
Oklahoma,2018-08-04,691
Oklahoma,2017-08-05,707
Oklahoma,2016-08-06,723
Oklahoma,2015-08-08,655
Oklahoma,2014-08-09,651
Oklahoma,2019-08-10,705
Oklahoma,2018-08-11,739
Oklahoma,2017-08-12,699
Oklahoma,2016-08-13,704
Oklahoma,2015-08-15,687
Oklahoma,2014-08-16,683
Oklahoma,2019-08-17,687
Oklahoma,2018-08-18,745
Oklahoma,2017-08-19,688
Oklahoma,2016-08-20,686
Oklahoma,2015-08-22,668
Oklahoma,2014-08-23,664
Oklahoma,2019-08-24,708
Oklahoma,2018-08-25,664
Oklahoma,2017-08-26,714
Oklahoma,2016-08-27,726
Oklahoma,2015-08-29,731
Oklahoma,2014-08-30,644
Oklahoma,2019-08-31,754
Oklahoma,2018-09-01,718
Oklahoma,2017-09-02,722
Oklahoma,2016-09-03,665
Oklahoma,2015-09-05,625
Oklahoma,2014-09-06,685
Oklahoma,2019-09-07,709
Oklahoma,2018-09-08,696
Oklahoma,2017-09-09,712
Oklahoma,2016-09-10,716
Oklahoma,2015-09-12,667
Oklahoma,2014-09-13,651
Oklahoma,2019-09-14,744
Oklahoma,2018-09-15,664
Oklahoma,2017-09-16,773
Oklahoma,2016-09-17,719
Oklahoma,2015-09-19,683
Oklahoma,2014-09-20,659
Oklahoma,2019-09-21,727
Oklahoma,2018-09-22,720
Oklahoma,2017-09-23,685
Oklahoma,2016-09-24,699
Oklahoma,2015-09-26,652
Oklahoma,2014-09-27,709
Oklahoma,2019-09-28,716
Oklahoma,2018-09-29,685
Oklahoma,2017-09-30,713
Oklahoma,2016-10-01,691
Oklahoma,2015-10-03,720
Oklahoma,2014-10-04,677
Oklahoma,2019-10-05,703
Oklahoma,2018-10-06,723
Oklahoma,2017-10-07,753
Oklahoma,2016-10-08,723
Oklahoma,2015-10-10,688
Oklahoma,2014-10-11,689
Oklahoma,2019-10-12,718
Oklahoma,2018-10-13,676
Oklahoma,2017-10-14,705
Oklahoma,2016-10-15,709
Oklahoma,2015-10-17,690
Oklahoma,2014-10-18,678
Oklahoma,2019-10-19,784
Oklahoma,2018-10-20,772
Oklahoma,2017-10-21,706
Oklahoma,2016-10-22,698
Oklahoma,2015-10-24,725
Oklahoma,2014-10-25,757
Oklahoma,2019-10-26,701
Oklahoma,2018-10-27,721
Oklahoma,2017-10-28,706
Oklahoma,2016-10-29,677
Oklahoma,2015-10-31,691
Oklahoma,2014-11-01,686
Oklahoma,2019-11-02,730
Oklahoma,2018-11-03,762
Oklahoma,2017-11-04,753
Oklahoma,2016-11-05,665
Oklahoma,2015-11-07,726
Oklahoma,2014-11-08,716
Oklahoma,2019-11-09,823
Oklahoma,2018-11-10,747
Oklahoma,2017-11-11,748
Oklahoma,2016-11-12,779
Oklahoma,2015-11-14,732
Oklahoma,2014-11-15,684
Oklahoma,2019-11-16,797
Oklahoma,2018-11-17,814
Oklahoma,2017-11-18,755
Oklahoma,2016-11-19,715
Oklahoma,2015-11-21,695
Oklahoma,2014-11-22,778
Oklahoma,2019-11-23,780
Oklahoma,2018-11-24,784
Oklahoma,2017-11-25,743
Oklahoma,2016-11-26,733
Oklahoma,2015-11-28,753
Oklahoma,2014-11-29,726
Oklahoma,2019-11-30,767
Oklahoma,2018-12-01,803
Oklahoma,2017-12-02,800
Oklahoma,2016-12-03,786
Oklahoma,2015-12-05,763
Oklahoma,2014-12-06,723
Oklahoma,2019-12-07,757
Oklahoma,2018-12-08,811
Oklahoma,2017-12-09,729
Oklahoma,2016-12-10,804
Oklahoma,2015-12-12,817
Oklahoma,2014-12-13,769
Oklahoma,2019-12-14,821
Oklahoma,2018-12-15,757
Oklahoma,2017-12-16,808
Oklahoma,2016-12-17,754
Oklahoma,2015-12-19,738
Oklahoma,2014-12-20,747
Oklahoma,2019-12-21,824
Oklahoma,2018-12-22,742
Oklahoma,2017-12-23,837
Oklahoma,2016-12-24,823
Oklahoma,2015-12-26,768
Oklahoma,2014-12-27,774
Oklahoma,2019-12-28,787
Oklahoma,2018-12-29,752
Oklahoma,2017-12-30,845
Oklahoma,2016-12-31,797
Oklahoma,2020-01-04,901
Oklahoma,2020-01-11,823
Oklahoma,2020-01-18,850
Oklahoma,2020-01-25,803
Oklahoma,2020-02-01,833
Oklahoma,2020-02-08,816
Oklahoma,2020-02-15,806
Oklahoma,2020-02-22,818
Oklahoma,2020-02-29,829
Oklahoma,2020-03-07,799
Oklahoma,2020-03-14,792
Oklahoma,2020-03-21,827
Oklahoma,2020-03-28,856
Oklahoma,2020-04-04,784
Oklahoma,2020-04-11,857
Oklahoma,2020-04-18,799
Oklahoma,2020-04-25,780
Oklahoma,2020-05-02,759
Oklahoma,2020-05-09,776
Oklahoma,2020-05-16,733
Oklahoma,2020-05-23,815
Oklahoma,2020-05-30,740
Oklahoma,2020-06-06,789
Oklahoma,2020-06-13,770
Oklahoma,2020-06-20,741
Oklahoma,2020-06-27,765
Oklahoma,2020-07-04,781
Oklahoma,2020-07-11,768
Oklahoma,2020-07-18,794
Oklahoma,2020-07-25,904
Oklahoma,2020-08-01,881
Oklahoma,2020-08-08,814
Oklahoma,2020-08-15,860
Oklahoma,2020-08-22,877
Oklahoma,2020-08-29,814
Oklahoma,2020-09-05,828
Oklahoma,2020-09-12,802
Oklahoma,2020-09-19,793
Oklahoma,2020-09-26,909
Oklahoma,2020-10-03,851
Oklahoma,2020-10-10,970
Oklahoma,2020-10-17,862
Oklahoma,2020-10-24,945
Oklahoma,2020-10-31,1025
Oklahoma,2020-11-07,1028
Oklahoma,2020-11-14,1065
Oklahoma,2020-11-21,1148
Oklahoma,2020-11-28,1148
Oklahoma,2020-12-05,1321
Oklahoma,2020-12-12,1212
Oklahoma,2020-12-19,1281
Oklahoma,2020-12-26,1272
Oklahoma,2021-01-02,1337
Oklahoma,2021-01-09,1257
Oklahoma,2021-01-16,1302
Oklahoma,2021-01-23,1306
Oklahoma,2021-01-30,1171
Oklahoma,2021-02-06,1053
Oklahoma,2021-02-13,985
Oklahoma,2021-02-20,1012
Oklahoma,2021-02-27,919
Oklahoma,2021-03-06,879
Oklahoma,2021-03-13,840
Oklahoma,2021-03-20,768
Oklahoma,2021-03-27,825
Oklahoma,2021-04-03,779
Oklahoma,2021-04-10,827
Oklahoma,2021-04-17,776
Oklahoma,2021-04-24,777
Oklahoma,2021-05-01,730
Oklahoma,2021-05-08,817
Oklahoma,2021-05-15,771
Oklahoma,2021-05-22,771
Oklahoma,2021-05-29,739
Oklahoma,2021-06-05,739
Oklahoma,2021-06-12,809
Oklahoma,2021-06-19,797
Oklahoma,2021-06-26,747
Oklahoma,2021-07-03,753
Oklahoma,2021-07-10,748
Oklahoma,2021-07-17,682
Oklahoma,2021-07-24,669
Oklahoma,2021-07-31,549
Oklahoma,2021-08-07,353
Oregon,2016-01-02,687
Oregon,2015-01-03,727
Oregon,2014-01-04,665
Oregon,2019-01-05,747
Oregon,2018-01-06,794
Oregon,2017-01-07,903
Oregon,2016-01-09,731
Oregon,2015-01-10,747
Oregon,2014-01-11,732
Oregon,2019-01-12,780
Oregon,2018-01-13,842
Oregon,2017-01-14,870
Oregon,2016-01-16,677
Oregon,2015-01-17,733
Oregon,2014-01-18,631
Oregon,2019-01-19,765
Oregon,2018-01-20,788
Oregon,2017-01-21,870
Oregon,2016-01-23,711
Oregon,2015-01-24,752
Oregon,2014-01-25,725
Oregon,2019-01-26,716
Oregon,2018-01-27,735
Oregon,2017-01-28,772
Oregon,2016-01-30,692
Oregon,2015-01-31,769
Oregon,2014-02-01,641
Oregon,2019-02-02,678
Oregon,2018-02-03,701
Oregon,2017-02-04,816
Oregon,2016-02-06,705
Oregon,2015-02-07,799
Oregon,2014-02-08,696
Oregon,2019-02-09,739
Oregon,2018-02-10,707
Oregon,2017-02-11,786
Oregon,2016-02-13,694
Oregon,2015-02-14,766
Oregon,2014-02-15,680
Oregon,2019-02-16,721
Oregon,2018-02-17,677
Oregon,2017-02-18,748
Oregon,2016-02-20,686
Oregon,2015-02-21,713
Oregon,2014-02-22,684
Oregon,2019-02-23,756
Oregon,2018-02-24,734
Oregon,2017-02-25,700
Oregon,2016-02-27,698
Oregon,2015-02-28,681
Oregon,2014-03-01,681
Oregon,2019-03-02,750
Oregon,2018-03-03,702
Oregon,2017-03-04,764
Oregon,2016-03-05,756
Oregon,2015-03-07,694
Oregon,2014-03-08,677
Oregon,2019-03-09,772
Oregon,2018-03-10,720
Oregon,2017-03-11,759
Oregon,2016-03-12,753
Oregon,2015-03-14,725
Oregon,2014-03-15,695
Oregon,2019-03-16,781
Oregon,2018-03-17,791
Oregon,2017-03-18,716
Oregon,2016-03-19,711
Oregon,2015-03-21,670
Oregon,2014-03-22,623
Oregon,2019-03-23,782
Oregon,2018-03-24,715
Oregon,2017-03-25,676
Oregon,2016-03-26,711
Oregon,2015-03-28,713
Oregon,2014-03-29,657
Oregon,2019-03-30,775
Oregon,2018-03-31,735
Oregon,2017-04-01,672
Oregon,2016-04-02,681
Oregon,2015-04-04,662
Oregon,2014-04-05,679
Oregon,2019-04-06,773
Oregon,2018-04-07,743
Oregon,2017-04-08,665
Oregon,2016-04-09,686
Oregon,2015-04-11,669
Oregon,2014-04-12,655
Oregon,2019-04-13,700
Oregon,2018-04-14,733
Oregon,2017-04-15,686
Oregon,2016-04-16,718
Oregon,2015-04-18,682
Oregon,2014-04-19,626
Oregon,2019-04-20,740
Oregon,2018-04-21,694
Oregon,2017-04-22,731
Oregon,2016-04-23,705
Oregon,2015-04-25,700
Oregon,2014-04-26,643
Oregon,2019-04-27,680
Oregon,2018-04-28,698
Oregon,2017-04-29,711
Oregon,2016-04-30,612
Oregon,2015-05-02,705
Oregon,2014-05-03,681
Oregon,2019-05-04,673
Oregon,2018-05-05,670
Oregon,2017-05-06,697
Oregon,2016-05-07,705
Oregon,2015-05-09,705
Oregon,2014-05-10,653
Oregon,2019-05-11,733
Oregon,2018-05-12,628
Oregon,2017-05-13,714
Oregon,2016-05-14,678
Oregon,2015-05-16,729
Oregon,2014-05-17,664
Oregon,2019-05-18,706
Oregon,2018-05-19,681
Oregon,2017-05-20,708
Oregon,2016-05-21,633
Oregon,2015-05-23,684
Oregon,2014-05-24,632
Oregon,2019-05-25,736
Oregon,2018-05-26,648
Oregon,2017-05-27,667
Oregon,2016-05-28,679
Oregon,2015-05-30,661
Oregon,2014-05-31,588
Oregon,2019-06-01,709
Oregon,2018-06-02,677
Oregon,2017-06-03,661
Oregon,2016-06-04,653
Oregon,2015-06-06,658
Oregon,2014-06-07,601
Oregon,2019-06-08,686
Oregon,2018-06-09,658
Oregon,2017-06-10,672
Oregon,2016-06-11,628
Oregon,2015-06-13,609
Oregon,2014-06-14,605
Oregon,2019-06-15,666
Oregon,2018-06-16,711
Oregon,2017-06-17,651
Oregon,2016-06-18,658
Oregon,2015-06-20,689
Oregon,2014-06-21,621
Oregon,2019-06-22,745
Oregon,2018-06-23,676
Oregon,2017-06-24,642
Oregon,2016-06-25,641
Oregon,2015-06-27,725
Oregon,2014-06-28,654
Oregon,2019-06-29,669
Oregon,2018-06-30,671
Oregon,2017-07-01,667
Oregon,2016-07-02,690
Oregon,2015-07-04,633
Oregon,2014-07-05,620
Oregon,2019-07-06,658
Oregon,2018-07-07,645
Oregon,2017-07-08,649
Oregon,2016-07-09,646
Oregon,2015-07-11,644
Oregon,2014-07-12,646
Oregon,2019-07-13,698
Oregon,2018-07-14,682
Oregon,2017-07-15,661
Oregon,2016-07-16,694
Oregon,2015-07-18,682
Oregon,2014-07-19,624
Oregon,2019-07-20,673
Oregon,2018-07-21,620
Oregon,2017-07-22,703
Oregon,2016-07-23,639
Oregon,2015-07-25,640
Oregon,2014-07-26,638
Oregon,2019-07-27,680
Oregon,2018-07-28,624
Oregon,2017-07-29,664
Oregon,2016-07-30,673
Oregon,2015-08-01,638
Oregon,2014-08-02,581
Oregon,2019-08-03,658
Oregon,2018-08-04,676
Oregon,2017-08-05,658
Oregon,2016-08-06,646
Oregon,2015-08-08,574
Oregon,2014-08-09,606
Oregon,2019-08-10,660
Oregon,2018-08-11,651
Oregon,2017-08-12,680
Oregon,2016-08-13,638
Oregon,2015-08-15,645
Oregon,2014-08-16,654
Oregon,2019-08-17,670
Oregon,2018-08-18,663
Oregon,2017-08-19,651
Oregon,2016-08-20,672
Oregon,2015-08-22,658
Oregon,2014-08-23,594
Oregon,2019-08-24,650
Oregon,2018-08-25,653
Oregon,2017-08-26,665
Oregon,2016-08-27,617
Oregon,2015-08-29,644
Oregon,2014-08-30,647
Oregon,2019-08-31,662
Oregon,2018-09-01,644
Oregon,2017-09-02,633
Oregon,2016-09-03,693
Oregon,2015-09-05,598
Oregon,2014-09-06,609
Oregon,2019-09-07,691
Oregon,2018-09-08,606
Oregon,2017-09-09,647
Oregon,2016-09-10,608
Oregon,2015-09-12,674
Oregon,2014-09-13,627
Oregon,2019-09-14,689
Oregon,2018-09-15,631
Oregon,2017-09-16,605
Oregon,2016-09-17,641
Oregon,2015-09-19,646
Oregon,2014-09-20,668
Oregon,2019-09-21,663
Oregon,2018-09-22,651
Oregon,2017-09-23,673
Oregon,2016-09-24,676
Oregon,2015-09-26,663
Oregon,2014-09-27,645
Oregon,2019-09-28,714
Oregon,2018-09-29,684
Oregon,2017-09-30,636
Oregon,2016-10-01,672
Oregon,2015-10-03,688
Oregon,2014-10-04,680
Oregon,2019-10-05,734
Oregon,2018-10-06,683
Oregon,2017-10-07,696
Oregon,2016-10-08,681
Oregon,2015-10-10,664
Oregon,2014-10-11,675
Oregon,2019-10-12,688
Oregon,2018-10-13,686
Oregon,2017-10-14,723
Oregon,2016-10-15,712
Oregon,2015-10-17,626
Oregon,2014-10-18,653
Oregon,2019-10-19,741
Oregon,2018-10-20,679
Oregon,2017-10-21,700
Oregon,2016-10-22,639
Oregon,2015-10-24,642
Oregon,2014-10-25,663
Oregon,2019-10-26,742
Oregon,2018-10-27,687
Oregon,2017-10-28,668
Oregon,2016-10-29,692
Oregon,2015-10-31,641
Oregon,2014-11-01,652
Oregon,2019-11-02,714
Oregon,2018-11-03,629
Oregon,2017-11-04,714
Oregon,2016-11-05,698
Oregon,2015-11-07,656
Oregon,2014-11-08,624
Oregon,2019-11-09,754
Oregon,2018-11-10,709
Oregon,2017-11-11,705
Oregon,2016-11-12,692
Oregon,2015-11-14,714
Oregon,2014-11-15,658
Oregon,2019-11-16,754
Oregon,2018-11-17,689
Oregon,2017-11-18,702
Oregon,2016-11-19,702
Oregon,2015-11-21,694
Oregon,2014-11-22,724
Oregon,2019-11-23,702
Oregon,2018-11-24,737
Oregon,2017-11-25,648
Oregon,2016-11-26,712
Oregon,2015-11-28,732
Oregon,2014-11-29,682
Oregon,2019-11-30,736
Oregon,2018-12-01,696
Oregon,2017-12-02,656
Oregon,2016-12-03,709
Oregon,2015-12-05,746
Oregon,2014-12-06,674
Oregon,2019-12-07,713
Oregon,2018-12-08,755
Oregon,2017-12-09,654
Oregon,2016-12-10,713
Oregon,2015-12-12,735
Oregon,2014-12-13,682
Oregon,2019-12-14,760
Oregon,2018-12-15,683
Oregon,2017-12-16,693
Oregon,2016-12-17,766
Oregon,2015-12-19,691
Oregon,2014-12-20,694
Oregon,2019-12-21,745
Oregon,2018-12-22,732
Oregon,2017-12-23,762
Oregon,2016-12-24,749
Oregon,2015-12-26,694
Oregon,2014-12-27,660
Oregon,2019-12-28,739
Oregon,2018-12-29,724
Oregon,2017-12-30,797
Oregon,2016-12-31,811
Oregon,2020-01-04,737
Oregon,2020-01-11,764
Oregon,2020-01-18,769
Oregon,2020-01-25,745
Oregon,2020-02-01,728
Oregon,2020-02-08,727
Oregon,2020-02-15,783
Oregon,2020-02-22,733
Oregon,2020-02-29,735
Oregon,2020-03-07,788
Oregon,2020-03-14,746
Oregon,2020-03-21,775
Oregon,2020-03-28,768
Oregon,2020-04-04,778
Oregon,2020-04-11,769
Oregon,2020-04-18,765
Oregon,2020-04-25,770
Oregon,2020-05-02,714
Oregon,2020-05-09,703
Oregon,2020-05-16,716
Oregon,2020-05-23,744
Oregon,2020-05-30,748
Oregon,2020-06-06,683
Oregon,2020-06-13,727
Oregon,2020-06-20,731
Oregon,2020-06-27,689
Oregon,2020-07-04,760
Oregon,2020-07-11,713
Oregon,2020-07-18,759
Oregon,2020-07-25,740
Oregon,2020-08-01,719
Oregon,2020-08-08,768
Oregon,2020-08-15,777
Oregon,2020-08-22,789
Oregon,2020-08-29,749
Oregon,2020-09-05,707
Oregon,2020-09-12,737
Oregon,2020-09-19,790
Oregon,2020-09-26,730
Oregon,2020-10-03,733
Oregon,2020-10-10,761
Oregon,2020-10-17,713
Oregon,2020-10-24,763
Oregon,2020-10-31,782
Oregon,2020-11-07,835
Oregon,2020-11-14,838
Oregon,2020-11-21,835
Oregon,2020-11-28,880
Oregon,2020-12-05,936
Oregon,2020-12-12,941
Oregon,2020-12-19,979
Oregon,2020-12-26,878
Oregon,2021-01-02,904
Oregon,2021-01-09,885
Oregon,2021-01-16,888
Oregon,2021-01-23,854
Oregon,2021-01-30,836
Oregon,2021-02-06,835
Oregon,2021-02-13,791
Oregon,2021-02-20,813
Oregon,2021-02-27,800
Oregon,2021-03-06,793
Oregon,2021-03-13,779
Oregon,2021-03-20,824
Oregon,2021-03-27,802
Oregon,2021-04-03,809
Oregon,2021-04-10,779
Oregon,2021-04-17,739
Oregon,2021-04-24,786
Oregon,2021-05-01,771
Oregon,2021-05-08,769
Oregon,2021-05-15,802
Oregon,2021-05-22,814
Oregon,2021-05-29,771
Oregon,2021-06-05,791
Oregon,2021-06-12,781
Oregon,2021-06-19,760
Oregon,2021-06-26,750
Oregon,2021-07-03,902
Oregon,2021-07-10,751
Oregon,2021-07-17,718
Oregon,2021-07-24,637
Oregon,2021-07-31,511
Oregon,2021-08-07,290
Pennsylvania,2016-01-02,2471
Pennsylvania,2015-01-03,2837
Pennsylvania,2014-01-04,2549
Pennsylvania,2019-01-05,2720
Pennsylvania,2018-01-06,3004
Pennsylvania,2017-01-07,2976
Pennsylvania,2016-01-09,2744
Pennsylvania,2015-01-10,3126
Pennsylvania,2014-01-11,2818
Pennsylvania,2019-01-12,2726
Pennsylvania,2018-01-13,3174
Pennsylvania,2017-01-14,2926
Pennsylvania,2016-01-16,2744
Pennsylvania,2015-01-17,3187
Pennsylvania,2014-01-18,2596
Pennsylvania,2019-01-19,2802
Pennsylvania,2018-01-20,3057
Pennsylvania,2017-01-21,2972
Pennsylvania,2016-01-23,2747
Pennsylvania,2015-01-24,3090
Pennsylvania,2014-01-25,2674
Pennsylvania,2019-01-26,2911
Pennsylvania,2018-01-27,3011
Pennsylvania,2017-01-28,2983
Pennsylvania,2016-01-30,2839
Pennsylvania,2015-01-31,2882
Pennsylvania,2014-02-01,2658
Pennsylvania,2019-02-02,2803
Pennsylvania,2018-02-03,2933
Pennsylvania,2017-02-04,2836
Pennsylvania,2016-02-06,2755
Pennsylvania,2015-02-07,2851
Pennsylvania,2014-02-08,2733
Pennsylvania,2019-02-09,2808
Pennsylvania,2018-02-10,2925
Pennsylvania,2017-02-11,2871
Pennsylvania,2016-02-13,2679
Pennsylvania,2015-02-14,2977
Pennsylvania,2014-02-15,2635
Pennsylvania,2019-02-16,2760
Pennsylvania,2018-02-17,2896
Pennsylvania,2017-02-18,2991
Pennsylvania,2016-02-20,2796
Pennsylvania,2015-02-21,2886
Pennsylvania,2014-02-22,2644
Pennsylvania,2019-02-23,2801
Pennsylvania,2018-02-24,2799
Pennsylvania,2017-02-25,2887
Pennsylvania,2016-02-27,2604
Pennsylvania,2015-02-28,2928
Pennsylvania,2014-03-01,2584
Pennsylvania,2019-03-02,2678
Pennsylvania,2018-03-03,2785
Pennsylvania,2017-03-04,2885
Pennsylvania,2016-03-05,2736
Pennsylvania,2015-03-07,2911
Pennsylvania,2014-03-08,2579
Pennsylvania,2019-03-09,2803
Pennsylvania,2018-03-10,2686
Pennsylvania,2017-03-11,2905
Pennsylvania,2016-03-12,2743
Pennsylvania,2015-03-14,2822
Pennsylvania,2014-03-15,2584
Pennsylvania,2019-03-16,2804
Pennsylvania,2018-03-17,2752
Pennsylvania,2017-03-18,2797
Pennsylvania,2016-03-19,2711
Pennsylvania,2015-03-21,2695
Pennsylvania,2014-03-22,2607
Pennsylvania,2019-03-23,2701
Pennsylvania,2018-03-24,2759
Pennsylvania,2017-03-25,2781
Pennsylvania,2016-03-26,2687
Pennsylvania,2015-03-28,2729
Pennsylvania,2014-03-29,2467
Pennsylvania,2019-03-30,2713
Pennsylvania,2018-03-31,2649
Pennsylvania,2017-04-01,2754
Pennsylvania,2016-04-02,2684
Pennsylvania,2015-04-04,2692
Pennsylvania,2014-04-05,2549
Pennsylvania,2019-04-06,2623
Pennsylvania,2018-04-07,2668
Pennsylvania,2017-04-08,2752
Pennsylvania,2016-04-09,2595
Pennsylvania,2015-04-11,2607
Pennsylvania,2014-04-12,2554
Pennsylvania,2019-04-13,2700
Pennsylvania,2018-04-14,2683
Pennsylvania,2017-04-15,2677
Pennsylvania,2016-04-16,2590
Pennsylvania,2015-04-18,2716
Pennsylvania,2014-04-19,2490
Pennsylvania,2019-04-20,2644
Pennsylvania,2018-04-21,2718
Pennsylvania,2017-04-22,2555
Pennsylvania,2016-04-23,2689
Pennsylvania,2015-04-25,2545
Pennsylvania,2014-04-26,2515
Pennsylvania,2019-04-27,2443
Pennsylvania,2018-04-28,2684
Pennsylvania,2017-04-29,2595
Pennsylvania,2016-04-30,2504
Pennsylvania,2015-05-02,2557
Pennsylvania,2014-05-03,2612
Pennsylvania,2019-05-04,2474
Pennsylvania,2018-05-05,2569
Pennsylvania,2017-05-06,2507
Pennsylvania,2016-05-07,2465
Pennsylvania,2015-05-09,2498
Pennsylvania,2014-05-10,2657
Pennsylvania,2019-05-11,2488
Pennsylvania,2018-05-12,2402
Pennsylvania,2017-05-13,2464
Pennsylvania,2016-05-14,2425
Pennsylvania,2015-05-16,2524
Pennsylvania,2014-05-17,2399
Pennsylvania,2019-05-18,2609
Pennsylvania,2018-05-19,2390
Pennsylvania,2017-05-20,2559
Pennsylvania,2016-05-21,2371
Pennsylvania,2015-05-23,2388
Pennsylvania,2014-05-24,2395
Pennsylvania,2019-05-25,2487
Pennsylvania,2018-05-26,2487
Pennsylvania,2017-05-27,2489
Pennsylvania,2016-05-28,2432
Pennsylvania,2015-05-30,2550
Pennsylvania,2014-05-31,2416
Pennsylvania,2019-06-01,2453
Pennsylvania,2018-06-02,2391
Pennsylvania,2017-06-03,2531
Pennsylvania,2016-06-04,2314
Pennsylvania,2015-06-06,2365
Pennsylvania,2014-06-07,2347
Pennsylvania,2019-06-08,2480
Pennsylvania,2018-06-09,2497
Pennsylvania,2017-06-10,2539
Pennsylvania,2016-06-11,2386
Pennsylvania,2015-06-13,2400
Pennsylvania,2014-06-14,2336
Pennsylvania,2019-06-15,2462
Pennsylvania,2018-06-16,2482
Pennsylvania,2017-06-17,2547
Pennsylvania,2016-06-18,2411
Pennsylvania,2015-06-20,2336
Pennsylvania,2014-06-21,2389
Pennsylvania,2019-06-22,2424
Pennsylvania,2018-06-23,2446
Pennsylvania,2017-06-24,2501
Pennsylvania,2016-06-25,2329
Pennsylvania,2015-06-27,2327
Pennsylvania,2014-06-28,2330
Pennsylvania,2019-06-29,2441
Pennsylvania,2018-06-30,2448
Pennsylvania,2017-07-01,2408
Pennsylvania,2016-07-02,2532
Pennsylvania,2015-07-04,2435
Pennsylvania,2014-07-05,2389
Pennsylvania,2019-07-06,2463
Pennsylvania,2018-07-07,2416
Pennsylvania,2017-07-08,2410
Pennsylvania,2016-07-09,2313
Pennsylvania,2015-07-11,2402
Pennsylvania,2014-07-12,2380
Pennsylvania,2019-07-13,2375
Pennsylvania,2018-07-14,2388
Pennsylvania,2017-07-15,2390
Pennsylvania,2016-07-16,2410
Pennsylvania,2015-07-18,2297
Pennsylvania,2014-07-19,2354
Pennsylvania,2019-07-20,2426
Pennsylvania,2018-07-21,2359
Pennsylvania,2017-07-22,2436
Pennsylvania,2016-07-23,2434
Pennsylvania,2015-07-25,2297
Pennsylvania,2014-07-26,2326
Pennsylvania,2019-07-27,2469
Pennsylvania,2018-07-28,2399
Pennsylvania,2017-07-29,2295
Pennsylvania,2016-07-30,2363
Pennsylvania,2015-08-01,2289
Pennsylvania,2014-08-02,2297
Pennsylvania,2019-08-03,2378
Pennsylvania,2018-08-04,2369
Pennsylvania,2017-08-05,2408
Pennsylvania,2016-08-06,2369
Pennsylvania,2015-08-08,2255
Pennsylvania,2014-08-09,2353
Pennsylvania,2019-08-10,2468
Pennsylvania,2018-08-11,2383
Pennsylvania,2017-08-12,2448
Pennsylvania,2016-08-13,2432
Pennsylvania,2015-08-15,2350
Pennsylvania,2014-08-16,2311
Pennsylvania,2019-08-17,2432
Pennsylvania,2018-08-18,2350
Pennsylvania,2017-08-19,2418
Pennsylvania,2016-08-20,2428
Pennsylvania,2015-08-22,2320
Pennsylvania,2014-08-23,2235
Pennsylvania,2019-08-24,2393
Pennsylvania,2018-08-25,2419
Pennsylvania,2017-08-26,2355
Pennsylvania,2016-08-27,2451
Pennsylvania,2015-08-29,2303
Pennsylvania,2014-08-30,2162
Pennsylvania,2019-08-31,2369
Pennsylvania,2018-09-01,2416
Pennsylvania,2017-09-02,2444
Pennsylvania,2016-09-03,2397
Pennsylvania,2015-09-05,2422
Pennsylvania,2014-09-06,2404
Pennsylvania,2019-09-07,2398
Pennsylvania,2018-09-08,2375
Pennsylvania,2017-09-09,2410
Pennsylvania,2016-09-10,2424
Pennsylvania,2015-09-12,2314
Pennsylvania,2014-09-13,2211
Pennsylvania,2019-09-14,2416
Pennsylvania,2018-09-15,2389
Pennsylvania,2017-09-16,2546
Pennsylvania,2016-09-17,2481
Pennsylvania,2015-09-19,2354
Pennsylvania,2014-09-20,2287
Pennsylvania,2019-09-21,2453
Pennsylvania,2018-09-22,2492
Pennsylvania,2017-09-23,2453
Pennsylvania,2016-09-24,2365
Pennsylvania,2015-09-26,2397
Pennsylvania,2014-09-27,2382
Pennsylvania,2019-09-28,2479
Pennsylvania,2018-09-29,2408
Pennsylvania,2017-09-30,2483
Pennsylvania,2016-10-01,2504
Pennsylvania,2015-10-03,2367
Pennsylvania,2014-10-04,2375
Pennsylvania,2019-10-05,2422
Pennsylvania,2018-10-06,2666
Pennsylvania,2017-10-07,2490
Pennsylvania,2016-10-08,2577
Pennsylvania,2015-10-10,2630
Pennsylvania,2014-10-11,2479
Pennsylvania,2019-10-12,2480
Pennsylvania,2018-10-13,2480
Pennsylvania,2017-10-14,2488
Pennsylvania,2016-10-15,2563
Pennsylvania,2015-10-17,2450
Pennsylvania,2014-10-18,2547
Pennsylvania,2019-10-19,2663
Pennsylvania,2018-10-20,2571
Pennsylvania,2017-10-21,2534
Pennsylvania,2016-10-22,2535
Pennsylvania,2015-10-24,2476
Pennsylvania,2014-10-25,2392
Pennsylvania,2019-10-26,2581
Pennsylvania,2018-10-27,2689
Pennsylvania,2017-10-28,2568
Pennsylvania,2016-10-29,2555
Pennsylvania,2015-10-31,2478
Pennsylvania,2014-11-01,2450
Pennsylvania,2019-11-02,2600
Pennsylvania,2018-11-03,2596
Pennsylvania,2017-11-04,2588
Pennsylvania,2016-11-05,2644
Pennsylvania,2015-11-07,2552
Pennsylvania,2014-11-08,2565
Pennsylvania,2019-11-09,2628
Pennsylvania,2018-11-10,2567
Pennsylvania,2017-11-11,2519
Pennsylvania,2016-11-12,2620
Pennsylvania,2015-11-14,2398
Pennsylvania,2014-11-15,2553
Pennsylvania,2019-11-16,2727
Pennsylvania,2018-11-17,2543
Pennsylvania,2017-11-18,2654
Pennsylvania,2016-11-19,2646
Pennsylvania,2015-11-21,2480
Pennsylvania,2014-11-22,2563
Pennsylvania,2019-11-23,2606
Pennsylvania,2018-11-24,2581
Pennsylvania,2017-11-25,2593
Pennsylvania,2016-11-26,2700
Pennsylvania,2015-11-28,2507
Pennsylvania,2014-11-29,2531
Pennsylvania,2019-11-30,2666
Pennsylvania,2018-12-01,2680
Pennsylvania,2017-12-02,2705
Pennsylvania,2016-12-03,2736
Pennsylvania,2015-12-05,2514
Pennsylvania,2014-12-06,2508
Pennsylvania,2019-12-07,2722
Pennsylvania,2018-12-08,2698
Pennsylvania,2017-12-09,2729
Pennsylvania,2016-12-10,2756
Pennsylvania,2015-12-12,2575
Pennsylvania,2014-12-13,2679
Pennsylvania,2019-12-14,2782
Pennsylvania,2018-12-15,2793
Pennsylvania,2017-12-16,2734
Pennsylvania,2016-12-17,2768
Pennsylvania,2015-12-19,2468
Pennsylvania,2014-12-20,2660
Pennsylvania,2019-12-21,2794
Pennsylvania,2018-12-22,2682
Pennsylvania,2017-12-23,2758
Pennsylvania,2016-12-24,2773
Pennsylvania,2015-12-26,2672
Pennsylvania,2014-12-27,2752
Pennsylvania,2019-12-28,2769
Pennsylvania,2018-12-29,2560
Pennsylvania,2017-12-30,2956
Pennsylvania,2016-12-31,2924
Pennsylvania,2020-01-04,2785
Pennsylvania,2020-01-11,2849
Pennsylvania,2020-01-18,2862
Pennsylvania,2020-01-25,2795
Pennsylvania,2020-02-01,2810
Pennsylvania,2020-02-08,2787
Pennsylvania,2020-02-15,2811
Pennsylvania,2020-02-22,2704
Pennsylvania,2020-02-29,2774
Pennsylvania,2020-03-07,2787
Pennsylvania,2020-03-14,2833
Pennsylvania,2020-03-21,2603
Pennsylvania,2020-03-28,2735
Pennsylvania,2020-04-04,3004
Pennsylvania,2020-04-11,3453
Pennsylvania,2020-04-18,3743
Pennsylvania,2020-04-25,3823
Pennsylvania,2020-05-02,3564
Pennsylvania,2020-05-09,3439
Pennsylvania,2020-05-16,3284
Pennsylvania,2020-05-23,2977
Pennsylvania,2020-05-30,2792
Pennsylvania,2020-06-06,2730
Pennsylvania,2020-06-13,2573
Pennsylvania,2020-06-20,2624
Pennsylvania,2020-06-27,2561
Pennsylvania,2020-07-04,2595
Pennsylvania,2020-07-11,2677
Pennsylvania,2020-07-18,2560
Pennsylvania,2020-07-25,2535
Pennsylvania,2020-08-01,2645
Pennsylvania,2020-08-08,2540
Pennsylvania,2020-08-15,2661
Pennsylvania,2020-08-22,2634
Pennsylvania,2020-08-29,2589
Pennsylvania,2020-09-05,2604
Pennsylvania,2020-09-12,2619
Pennsylvania,2020-09-19,2618
Pennsylvania,2020-09-26,2678
Pennsylvania,2020-10-03,2681
Pennsylvania,2020-10-10,2769
Pennsylvania,2020-10-17,2669
Pennsylvania,2020-10-24,2766
Pennsylvania,2020-10-31,2758
Pennsylvania,2020-11-07,2984
Pennsylvania,2020-11-14,3123
Pennsylvania,2020-11-21,3355
Pennsylvania,2020-11-28,3659
Pennsylvania,2020-12-05,3903
Pennsylvania,2020-12-12,4355
Pennsylvania,2020-12-19,4456
Pennsylvania,2020-12-26,4490
Pennsylvania,2021-01-02,4424
Pennsylvania,2021-01-09,4001
Pennsylvania,2021-01-16,3885
Pennsylvania,2021-01-23,3846
Pennsylvania,2021-01-30,3584
Pennsylvania,2021-02-06,3393
Pennsylvania,2021-02-13,3230
Pennsylvania,2021-02-20,3116
Pennsylvania,2021-02-27,2886
Pennsylvania,2021-03-06,2757
Pennsylvania,2021-03-13,2697
Pennsylvania,2021-03-20,2796
Pennsylvania,2021-03-27,2685
Pennsylvania,2021-04-03,2610
Pennsylvania,2021-04-10,2761
Pennsylvania,2021-04-17,2831
Pennsylvania,2021-04-24,2777
Pennsylvania,2021-05-01,2668
Pennsylvania,2021-05-08,2718
Pennsylvania,2021-05-15,2691
Pennsylvania,2021-05-22,2688
Pennsylvania,2021-05-29,2515
Pennsylvania,2021-06-05,2594
Pennsylvania,2021-06-12,2406
Pennsylvania,2021-06-19,2489
Pennsylvania,2021-06-26,2464
Pennsylvania,2021-07-03,2490
Pennsylvania,2021-07-10,2461
Pennsylvania,2021-07-17,2334
Pennsylvania,2021-07-24,2365
Pennsylvania,2021-07-31,2246
Pennsylvania,2021-08-07,1462
Puerto Rico,2016-01-02,569
Puerto Rico,2015-01-03,675
Puerto Rico,2014-01-04,524
Puerto Rico,2019-01-05,659
Puerto Rico,2018-01-06,681
Puerto Rico,2017-01-07,686
Puerto Rico,2016-01-09,592
Puerto Rico,2015-01-10,632
Puerto Rico,2014-01-11,569
Puerto Rico,2019-01-12,607
Puerto Rico,2018-01-13,651
Puerto Rico,2017-01-14,609
Puerto Rico,2016-01-16,606
Puerto Rico,2015-01-17,624
Puerto Rico,2014-01-18,568
Puerto Rico,2019-01-19,632
Puerto Rico,2018-01-20,640
Puerto Rico,2017-01-21,659
Puerto Rico,2016-01-23,609
Puerto Rico,2015-01-24,623
Puerto Rico,2014-01-25,584
Puerto Rico,2019-01-26,620
Puerto Rico,2018-01-27,605
Puerto Rico,2017-01-28,635
Puerto Rico,2016-01-30,658
Puerto Rico,2015-01-31,545
Puerto Rico,2014-02-01,521
Puerto Rico,2019-02-02,615
Puerto Rico,2018-02-03,621
Puerto Rico,2017-02-04,595
Puerto Rico,2016-02-06,677
Puerto Rico,2015-02-07,615
Puerto Rico,2014-02-08,523
Puerto Rico,2019-02-09,613
Puerto Rico,2018-02-10,593
Puerto Rico,2017-02-11,597
Puerto Rico,2016-02-13,637
Puerto Rico,2015-02-14,597
Puerto Rico,2014-02-15,562
Puerto Rico,2019-02-16,620
Puerto Rico,2018-02-17,597
Puerto Rico,2017-02-18,566
Puerto Rico,2016-02-20,593
Puerto Rico,2015-02-21,575
Puerto Rico,2014-02-22,564
Puerto Rico,2019-02-23,572
Puerto Rico,2018-02-24,580
Puerto Rico,2017-02-25,566
Puerto Rico,2016-02-27,593
Puerto Rico,2015-02-28,594
Puerto Rico,2014-03-01,552
Puerto Rico,2019-03-02,583
Puerto Rico,2018-03-03,695
Puerto Rico,2017-03-04,552
Puerto Rico,2016-03-05,506
Puerto Rico,2015-03-07,580
Puerto Rico,2014-03-08,556
Puerto Rico,2019-03-09,571
Puerto Rico,2018-03-10,592
Puerto Rico,2017-03-11,609
Puerto Rico,2016-03-12,527
Puerto Rico,2015-03-14,517
Puerto Rico,2014-03-15,564
Puerto Rico,2019-03-16,555
Puerto Rico,2018-03-17,624
Puerto Rico,2017-03-18,544
Puerto Rico,2016-03-19,556
Puerto Rico,2015-03-21,556
Puerto Rico,2014-03-22,531
Puerto Rico,2019-03-23,567
Puerto Rico,2018-03-24,574
Puerto Rico,2017-03-25,563
Puerto Rico,2016-03-26,591
Puerto Rico,2015-03-28,503
Puerto Rico,2014-03-29,581
Puerto Rico,2019-03-30,524
Puerto Rico,2018-03-31,547
Puerto Rico,2017-04-01,537
Puerto Rico,2016-04-02,513
Puerto Rico,2015-04-04,555
Puerto Rico,2014-04-05,559
Puerto Rico,2019-04-06,516
Puerto Rico,2018-04-07,555
Puerto Rico,2017-04-08,556
Puerto Rico,2016-04-09,548
Puerto Rico,2015-04-11,505
Puerto Rico,2014-04-12,511
Puerto Rico,2019-04-13,522
Puerto Rico,2018-04-14,514
Puerto Rico,2017-04-15,556
Puerto Rico,2016-04-16,524
Puerto Rico,2015-04-18,547
Puerto Rico,2014-04-19,576
Puerto Rico,2019-04-20,533
Puerto Rico,2018-04-21,503
Puerto Rico,2017-04-22,533
Puerto Rico,2016-04-23,513
Puerto Rico,2015-04-25,499
Puerto Rico,2014-04-26,557
Puerto Rico,2019-04-27,566
Puerto Rico,2018-04-28,499
Puerto Rico,2017-04-29,549
Puerto Rico,2016-04-30,509
Puerto Rico,2015-05-02,529
Puerto Rico,2014-05-03,591
Puerto Rico,2019-05-04,567
Puerto Rico,2018-05-05,535
Puerto Rico,2017-05-06,505
Puerto Rico,2016-05-07,478
Puerto Rico,2015-05-09,558
Puerto Rico,2014-05-10,556
Puerto Rico,2019-05-11,527
Puerto Rico,2018-05-12,560
Puerto Rico,2017-05-13,533
Puerto Rico,2016-05-14,518
Puerto Rico,2015-05-16,513
Puerto Rico,2014-05-17,539
Puerto Rico,2019-05-18,573
Puerto Rico,2018-05-19,538
Puerto Rico,2017-05-20,561
Puerto Rico,2016-05-21,525
Puerto Rico,2015-05-23,512
Puerto Rico,2014-05-24,580
Puerto Rico,2019-05-25,611
Puerto Rico,2018-05-26,511
Puerto Rico,2017-05-27,574
Puerto Rico,2016-05-28,545
Puerto Rico,2015-05-30,505
Puerto Rico,2014-05-31,539
Puerto Rico,2019-06-01,575
Puerto Rico,2018-06-02,510
Puerto Rico,2017-06-03,512
Puerto Rico,2016-06-04,528
Puerto Rico,2015-06-06,508
Puerto Rico,2014-06-07,548
Puerto Rico,2019-06-08,574
Puerto Rico,2018-06-09,515
Puerto Rico,2017-06-10,522
Puerto Rico,2016-06-11,559
Puerto Rico,2015-06-13,468
Puerto Rico,2014-06-14,573
Puerto Rico,2019-06-15,564
Puerto Rico,2018-06-16,579
Puerto Rico,2017-06-17,585
Puerto Rico,2016-06-18,550
Puerto Rico,2015-06-20,506
Puerto Rico,2014-06-21,548
Puerto Rico,2019-06-22,583
Puerto Rico,2018-06-23,492
Puerto Rico,2017-06-24,540
Puerto Rico,2016-06-25,518
Puerto Rico,2015-06-27,531
Puerto Rico,2014-06-28,532
Puerto Rico,2019-06-29,595
Puerto Rico,2018-06-30,515
Puerto Rico,2017-07-01,546
Puerto Rico,2016-07-02,540
Puerto Rico,2015-07-04,499
Puerto Rico,2014-07-05,583
Puerto Rico,2019-07-06,587
Puerto Rico,2018-07-07,574
Puerto Rico,2017-07-08,526
Puerto Rico,2016-07-09,580
Puerto Rico,2015-07-11,529
Puerto Rico,2014-07-12,523
Puerto Rico,2019-07-13,581
Puerto Rico,2018-07-14,553
Puerto Rico,2017-07-15,514
Puerto Rico,2016-07-16,547
Puerto Rico,2015-07-18,535
Puerto Rico,2014-07-19,560
Puerto Rico,2019-07-20,569
Puerto Rico,2018-07-21,525
Puerto Rico,2017-07-22,540
Puerto Rico,2016-07-23,519
Puerto Rico,2015-07-25,545
Puerto Rico,2014-07-26,535
Puerto Rico,2019-07-27,513
Puerto Rico,2018-07-28,503
Puerto Rico,2017-07-29,543
Puerto Rico,2016-07-30,558
Puerto Rico,2015-08-01,503
Puerto Rico,2014-08-02,546
Puerto Rico,2019-08-03,508
Puerto Rico,2018-08-04,501
Puerto Rico,2017-08-05,581
Puerto Rico,2016-08-06,545
Puerto Rico,2015-08-08,500
Puerto Rico,2014-08-09,543
Puerto Rico,2019-08-10,537
Puerto Rico,2018-08-11,512
Puerto Rico,2017-08-12,512
Puerto Rico,2016-08-13,549
Puerto Rico,2015-08-15,525
Puerto Rico,2014-08-16,570
Puerto Rico,2019-08-17,561
Puerto Rico,2018-08-18,546
Puerto Rico,2017-08-19,518
Puerto Rico,2016-08-20,529
Puerto Rico,2015-08-22,525
Puerto Rico,2014-08-23,546
Puerto Rico,2019-08-24,524
Puerto Rico,2018-08-25,525
Puerto Rico,2017-08-26,490
Puerto Rico,2016-08-27,560
Puerto Rico,2015-08-29,495
Puerto Rico,2014-08-30,602
Puerto Rico,2019-08-31,535
Puerto Rico,2018-09-01,528
Puerto Rico,2017-09-02,531
Puerto Rico,2016-09-03,520
Puerto Rico,2015-09-05,475
Puerto Rico,2014-09-06,555
Puerto Rico,2019-09-07,514
Puerto Rico,2018-09-08,496
Puerto Rico,2017-09-09,573
Puerto Rico,2016-09-10,563
Puerto Rico,2015-09-12,559
Puerto Rico,2014-09-13,573
Puerto Rico,2019-09-14,559
Puerto Rico,2018-09-15,506
Puerto Rico,2017-09-16,614
Puerto Rico,2016-09-17,535
Puerto Rico,2015-09-19,530
Puerto Rico,2014-09-20,589
Puerto Rico,2019-09-21,545
Puerto Rico,2018-09-22,517
Puerto Rico,2017-09-23,686
Puerto Rico,2016-09-24,550
Puerto Rico,2015-09-26,484
Puerto Rico,2014-09-27,615
Puerto Rico,2019-09-28,555
Puerto Rico,2018-09-29,555
Puerto Rico,2017-09-30,878
Puerto Rico,2016-10-01,569
Puerto Rico,2015-10-03,542
Puerto Rico,2014-10-04,637
Puerto Rico,2019-10-05,510
Puerto Rico,2018-10-06,509
Puerto Rico,2017-10-07,788
Puerto Rico,2016-10-08,546
Puerto Rico,2015-10-10,549
Puerto Rico,2014-10-11,652
Puerto Rico,2019-10-12,518
Puerto Rico,2018-10-13,473
Puerto Rico,2017-10-14,671
Puerto Rico,2016-10-15,536
Puerto Rico,2015-10-17,539
Puerto Rico,2014-10-18,651
Puerto Rico,2019-10-19,567
Puerto Rico,2018-10-20,543
Puerto Rico,2017-10-21,624
Puerto Rico,2016-10-22,542
Puerto Rico,2015-10-24,538
Puerto Rico,2014-10-25,645
Puerto Rico,2019-10-26,524
Puerto Rico,2018-10-27,553
Puerto Rico,2017-10-28,688
Puerto Rico,2016-10-29,483
Puerto Rico,2015-10-31,510
Puerto Rico,2014-11-01,651
Puerto Rico,2019-11-02,528
Puerto Rico,2018-11-03,521
Puerto Rico,2017-11-04,590
Puerto Rico,2016-11-05,543
Puerto Rico,2015-11-07,482
Puerto Rico,2014-11-08,602
Puerto Rico,2019-11-09,587
Puerto Rico,2018-11-10,530
Puerto Rico,2017-11-11,597
Puerto Rico,2016-11-12,565
Puerto Rico,2015-11-14,506
Puerto Rico,2014-11-15,632
Puerto Rico,2019-11-16,543
Puerto Rico,2018-11-17,539
Puerto Rico,2017-11-18,611
Puerto Rico,2016-11-19,577
Puerto Rico,2015-11-21,518
Puerto Rico,2014-11-22,604
Puerto Rico,2019-11-23,575
Puerto Rico,2018-11-24,597
Puerto Rico,2017-11-25,634
Puerto Rico,2016-11-26,563
Puerto Rico,2015-11-28,590
Puerto Rico,2014-11-29,601
Puerto Rico,2019-11-30,619
Puerto Rico,2018-12-01,535
Puerto Rico,2017-12-02,657
Puerto Rico,2016-12-03,581
Puerto Rico,2015-12-05,540
Puerto Rico,2014-12-06,613
Puerto Rico,2019-12-07,555
Puerto Rico,2018-12-08,590
Puerto Rico,2017-12-09,614
Puerto Rico,2016-12-10,629
Puerto Rico,2015-12-12,541
Puerto Rico,2014-12-13,652
Puerto Rico,2019-12-14,526
Puerto Rico,2018-12-15,614
Puerto Rico,2017-12-16,646
Puerto Rico,2016-12-17,591
Puerto Rico,2015-12-19,576
Puerto Rico,2014-12-20,622
Puerto Rico,2019-12-21,577
Puerto Rico,2018-12-22,573
Puerto Rico,2017-12-23,644
Puerto Rico,2016-12-24,673
Puerto Rico,2015-12-26,574
Puerto Rico,2014-12-27,669
Puerto Rico,2019-12-28,553
Puerto Rico,2018-12-29,625
Puerto Rico,2017-12-30,616
Puerto Rico,2016-12-31,693
Puerto Rico,2020-01-04,555
Puerto Rico,2020-01-11,594
Puerto Rico,2020-01-18,663
Puerto Rico,2020-01-25,630
Puerto Rico,2020-02-01,586
Puerto Rico,2020-02-08,606
Puerto Rico,2020-02-15,621
Puerto Rico,2020-02-22,613
Puerto Rico,2020-02-29,624
Puerto Rico,2020-03-07,619
Puerto Rico,2020-03-14,607
Puerto Rico,2020-03-21,625
Puerto Rico,2020-03-28,646
Puerto Rico,2020-04-04,584
Puerto Rico,2020-04-11,599
Puerto Rico,2020-04-18,565
Puerto Rico,2020-04-25,547
Puerto Rico,2020-05-02,548
Puerto Rico,2020-05-09,570
Puerto Rico,2020-05-16,547
Puerto Rico,2020-05-23,563
Puerto Rico,2020-05-30,570
Puerto Rico,2020-06-06,588
Puerto Rico,2020-06-13,571
Puerto Rico,2020-06-20,591
Puerto Rico,2020-06-27,543
Puerto Rico,2020-07-04,556
Puerto Rico,2020-07-11,601
Puerto Rico,2020-07-18,599
Puerto Rico,2020-07-25,610
Puerto Rico,2020-08-01,654
Puerto Rico,2020-08-08,658
Puerto Rico,2020-08-15,668
Puerto Rico,2020-08-22,694
Puerto Rico,2020-08-29,607
Puerto Rico,2020-09-05,641
Puerto Rico,2020-09-12,633
Puerto Rico,2020-09-19,625
Puerto Rico,2020-09-26,628
Puerto Rico,2020-10-03,595
Puerto Rico,2020-10-10,650
Puerto Rico,2020-10-17,613
Puerto Rico,2020-10-24,601
Puerto Rico,2020-10-31,621
Puerto Rico,2020-11-07,628
Puerto Rico,2020-11-14,630
Puerto Rico,2020-11-21,688
Puerto Rico,2020-11-28,693
Puerto Rico,2020-12-05,688
Puerto Rico,2020-12-12,688
Puerto Rico,2020-12-19,723
Puerto Rico,2020-12-26,689
Puerto Rico,2021-01-02,699
Puerto Rico,2021-01-09,708
Puerto Rico,2021-01-16,646
Puerto Rico,2021-01-23,645
Puerto Rico,2021-01-30,679
Puerto Rico,2021-02-06,620
Puerto Rico,2021-02-13,643
Puerto Rico,2021-02-20,634
Puerto Rico,2021-02-27,619
Puerto Rico,2021-03-06,626
Puerto Rico,2021-03-13,606
Puerto Rico,2021-03-20,603
Puerto Rico,2021-03-27,629
Puerto Rico,2021-04-03,592
Puerto Rico,2021-04-10,566
Puerto Rico,2021-04-17,642
Puerto Rico,2021-04-24,680
Puerto Rico,2021-05-01,616
Puerto Rico,2021-05-08,650
Puerto Rico,2021-05-15,645
Puerto Rico,2021-05-22,614
Puerto Rico,2021-05-29,574
Puerto Rico,2021-06-05,586
Puerto Rico,2021-06-12,534
Puerto Rico,2021-06-19,541
Puerto Rico,2021-06-26,538
Puerto Rico,2021-07-03,479
Puerto Rico,2021-07-10,430
Puerto Rico,2021-07-17,365
Puerto Rico,2021-07-24,291
Puerto Rico,2021-07-31,250
Puerto Rico,2021-08-07,142
Rhode Island,2016-01-02,187
Rhode Island,2015-01-03,214
Rhode Island,2014-01-04,197
Rhode Island,2019-01-05,203
Rhode Island,2018-01-06,247
Rhode Island,2017-01-07,227
Rhode Island,2016-01-09,210
Rhode Island,2015-01-10,208
Rhode Island,2014-01-11,208
Rhode Island,2019-01-12,226
Rhode Island,2018-01-13,243
Rhode Island,2017-01-14,209
Rhode Island,2016-01-16,180
Rhode Island,2015-01-17,241
Rhode Island,2014-01-18,187
Rhode Island,2019-01-19,240
Rhode Island,2018-01-20,210
Rhode Island,2017-01-21,183
Rhode Island,2016-01-23,186
Rhode Island,2015-01-24,219
Rhode Island,2014-01-25,176
Rhode Island,2019-01-26,219
Rhode Island,2018-01-27,222
Rhode Island,2017-01-28,226
Rhode Island,2016-01-30,223
Rhode Island,2015-01-31,253
Rhode Island,2014-02-01,194
Rhode Island,2019-02-02,228
Rhode Island,2018-02-03,210
Rhode Island,2017-02-04,216
Rhode Island,2016-02-06,215
Rhode Island,2015-02-07,217
Rhode Island,2014-02-08,189
Rhode Island,2019-02-09,229
Rhode Island,2018-02-10,219
Rhode Island,2017-02-11,257
Rhode Island,2016-02-13,215
Rhode Island,2015-02-14,243
Rhode Island,2014-02-15,206
Rhode Island,2019-02-16,206
Rhode Island,2018-02-17,217
Rhode Island,2017-02-18,248
Rhode Island,2016-02-20,227
Rhode Island,2015-02-21,208
Rhode Island,2014-02-22,223
Rhode Island,2019-02-23,210
Rhode Island,2018-02-24,183
Rhode Island,2017-02-25,209
Rhode Island,2016-02-27,212
Rhode Island,2015-02-28,241
Rhode Island,2014-03-01,196
Rhode Island,2019-03-02,202
Rhode Island,2018-03-03,197
Rhode Island,2017-03-04,236
Rhode Island,2016-03-05,197
Rhode Island,2015-03-07,210
Rhode Island,2014-03-08,209
Rhode Island,2019-03-09,238
Rhode Island,2018-03-10,215
Rhode Island,2017-03-11,203
Rhode Island,2016-03-12,204
Rhode Island,2015-03-14,223
Rhode Island,2014-03-15,215
Rhode Island,2019-03-16,225
Rhode Island,2018-03-17,181
Rhode Island,2017-03-18,201
Rhode Island,2016-03-19,197
Rhode Island,2015-03-21,207
Rhode Island,2014-03-22,203
Rhode Island,2019-03-23,208
Rhode Island,2018-03-24,194
Rhode Island,2017-03-25,222
Rhode Island,2016-03-26,210
Rhode Island,2015-03-28,215
Rhode Island,2014-03-29,186
Rhode Island,2019-03-30,193
Rhode Island,2018-03-31,180
Rhode Island,2017-04-01,213
Rhode Island,2016-04-02,168
Rhode Island,2015-04-04,216
Rhode Island,2014-04-05,201
Rhode Island,2019-04-06,220
Rhode Island,2018-04-07,229
Rhode Island,2017-04-08,202
Rhode Island,2016-04-09,182
Rhode Island,2015-04-11,204
Rhode Island,2014-04-12,219
Rhode Island,2019-04-13,203
Rhode Island,2018-04-14,188
Rhode Island,2017-04-15,193
Rhode Island,2016-04-16,212
Rhode Island,2015-04-18,199
Rhode Island,2014-04-19,183
Rhode Island,2019-04-20,200
Rhode Island,2018-04-21,211
Rhode Island,2017-04-22,211
Rhode Island,2016-04-23,206
Rhode Island,2015-04-25,192
Rhode Island,2014-04-26,217
Rhode Island,2019-04-27,167
Rhode Island,2018-04-28,225
Rhode Island,2017-04-29,212
Rhode Island,2016-04-30,205
Rhode Island,2015-05-02,213
Rhode Island,2014-05-03,195
Rhode Island,2019-05-04,213
Rhode Island,2018-05-05,228
Rhode Island,2017-05-06,228
Rhode Island,2016-05-07,187
Rhode Island,2015-05-09,196
Rhode Island,2014-05-10,205
Rhode Island,2019-05-11,197
Rhode Island,2018-05-12,183
Rhode Island,2017-05-13,198
Rhode Island,2016-05-14,193
Rhode Island,2015-05-16,180
Rhode Island,2014-05-17,183
Rhode Island,2019-05-18,220
Rhode Island,2018-05-19,209
Rhode Island,2017-05-20,196
Rhode Island,2016-05-21,190
Rhode Island,2015-05-23,215
Rhode Island,2014-05-24,205
Rhode Island,2019-05-25,190
Rhode Island,2018-05-26,193
Rhode Island,2017-05-27,191
Rhode Island,2016-05-28,183
Rhode Island,2015-05-30,176
Rhode Island,2014-05-31,192
Rhode Island,2019-06-01,163
Rhode Island,2018-06-02,194
Rhode Island,2017-06-03,141
Rhode Island,2016-06-04,171
Rhode Island,2015-06-06,181
Rhode Island,2014-06-07,178
Rhode Island,2019-06-08,200
Rhode Island,2018-06-09,198
Rhode Island,2017-06-10,197
Rhode Island,2016-06-11,165
Rhode Island,2015-06-13,202
Rhode Island,2014-06-14,180
Rhode Island,2019-06-15,175
Rhode Island,2018-06-16,181
Rhode Island,2017-06-17,200
Rhode Island,2016-06-18,170
Rhode Island,2015-06-20,180
Rhode Island,2014-06-21,160
Rhode Island,2019-06-22,207
Rhode Island,2018-06-23,177
Rhode Island,2017-06-24,199
Rhode Island,2016-06-25,184
Rhode Island,2015-06-27,176
Rhode Island,2014-06-28,183
Rhode Island,2019-06-29,191
Rhode Island,2018-06-30,197
Rhode Island,2017-07-01,192
Rhode Island,2016-07-02,158
Rhode Island,2015-07-04,182
Rhode Island,2014-07-05,156
Rhode Island,2019-07-06,204
Rhode Island,2018-07-07,201
Rhode Island,2017-07-08,163
Rhode Island,2016-07-09,172
Rhode Island,2015-07-11,192
Rhode Island,2014-07-12,195
Rhode Island,2019-07-13,182
Rhode Island,2018-07-14,187
Rhode Island,2017-07-15,182
Rhode Island,2016-07-16,169
Rhode Island,2015-07-18,205
Rhode Island,2014-07-19,182
Rhode Island,2019-07-20,196
Rhode Island,2018-07-21,190
Rhode Island,2017-07-22,200
Rhode Island,2016-07-23,172
Rhode Island,2015-07-25,205
Rhode Island,2014-07-26,183
Rhode Island,2019-07-27,187
Rhode Island,2018-07-28,179
Rhode Island,2017-07-29,170
Rhode Island,2016-07-30,185
Rhode Island,2015-08-01,187
Rhode Island,2014-08-02,166
Rhode Island,2019-08-03,180
Rhode Island,2018-08-04,159
Rhode Island,2017-08-05,187
Rhode Island,2016-08-06,187
Rhode Island,2015-08-08,169
Rhode Island,2014-08-09,172
Rhode Island,2019-08-10,199
Rhode Island,2018-08-11,182
Rhode Island,2017-08-12,150
Rhode Island,2016-08-13,190
Rhode Island,2015-08-15,184
Rhode Island,2014-08-16,177
Rhode Island,2019-08-17,185
Rhode Island,2018-08-18,198
Rhode Island,2017-08-19,170
Rhode Island,2016-08-20,172
Rhode Island,2015-08-22,189
Rhode Island,2014-08-23,175
Rhode Island,2019-08-24,196
Rhode Island,2018-08-25,197
Rhode Island,2017-08-26,191
Rhode Island,2016-08-27,175
Rhode Island,2015-08-29,168
Rhode Island,2014-08-30,178
Rhode Island,2019-08-31,203
Rhode Island,2018-09-01,180
Rhode Island,2017-09-02,197
Rhode Island,2016-09-03,190
Rhode Island,2015-09-05,175
Rhode Island,2014-09-06,199
Rhode Island,2019-09-07,180
Rhode Island,2018-09-08,205
Rhode Island,2017-09-09,206
Rhode Island,2016-09-10,178
Rhode Island,2015-09-12,188
Rhode Island,2014-09-13,166
Rhode Island,2019-09-14,205
Rhode Island,2018-09-15,191
Rhode Island,2017-09-16,171
Rhode Island,2016-09-17,162
Rhode Island,2015-09-19,173
Rhode Island,2014-09-20,158
Rhode Island,2019-09-21,192
Rhode Island,2018-09-22,192
Rhode Island,2017-09-23,203
Rhode Island,2016-09-24,186
Rhode Island,2015-09-26,197
Rhode Island,2014-09-27,169
Rhode Island,2019-09-28,209
Rhode Island,2018-09-29,198
Rhode Island,2017-09-30,180
Rhode Island,2016-10-01,200
Rhode Island,2015-10-03,185
Rhode Island,2014-10-04,178
Rhode Island,2019-10-05,203
Rhode Island,2018-10-06,193
Rhode Island,2017-10-07,182
Rhode Island,2016-10-08,214
Rhode Island,2015-10-10,209
Rhode Island,2014-10-11,188
Rhode Island,2019-10-12,200
Rhode Island,2018-10-13,189
Rhode Island,2017-10-14,177
Rhode Island,2016-10-15,194
Rhode Island,2015-10-17,221
Rhode Island,2014-10-18,204
Rhode Island,2019-10-19,203
Rhode Island,2018-10-20,205
Rhode Island,2017-10-21,210
Rhode Island,2016-10-22,178
Rhode Island,2015-10-24,207
Rhode Island,2014-10-25,181
Rhode Island,2019-10-26,188
Rhode Island,2018-10-27,200
Rhode Island,2017-10-28,183
Rhode Island,2016-10-29,190
Rhode Island,2015-10-31,186
Rhode Island,2014-11-01,196
Rhode Island,2019-11-02,190
Rhode Island,2018-11-03,222
Rhode Island,2017-11-04,176
Rhode Island,2016-11-05,168
Rhode Island,2015-11-07,208
Rhode Island,2014-11-08,197
Rhode Island,2019-11-09,190
Rhode Island,2018-11-10,188
Rhode Island,2017-11-11,190
Rhode Island,2016-11-12,199
Rhode Island,2015-11-14,168
Rhode Island,2014-11-15,175
Rhode Island,2019-11-16,192
Rhode Island,2018-11-17,216
Rhode Island,2017-11-18,210
Rhode Island,2016-11-19,205
Rhode Island,2015-11-21,207
Rhode Island,2014-11-22,191
Rhode Island,2019-11-23,233
Rhode Island,2018-11-24,184
Rhode Island,2017-11-25,200
Rhode Island,2016-11-26,182
Rhode Island,2015-11-28,179
Rhode Island,2014-11-29,179
Rhode Island,2019-11-30,211
Rhode Island,2018-12-01,189
Rhode Island,2017-12-02,206
Rhode Island,2016-12-03,200
Rhode Island,2015-12-05,205
Rhode Island,2014-12-06,200
Rhode Island,2019-12-07,220
Rhode Island,2018-12-08,223
Rhode Island,2017-12-09,224
Rhode Island,2016-12-10,204
Rhode Island,2015-12-12,203
Rhode Island,2014-12-13,196
Rhode Island,2019-12-14,191
Rhode Island,2018-12-15,211
Rhode Island,2017-12-16,213
Rhode Island,2016-12-17,202
Rhode Island,2015-12-19,181
Rhode Island,2014-12-20,224
Rhode Island,2019-12-21,219
Rhode Island,2018-12-22,213
Rhode Island,2017-12-23,218
Rhode Island,2016-12-24,234
Rhode Island,2015-12-26,179
Rhode Island,2014-12-27,230
Rhode Island,2019-12-28,221
Rhode Island,2018-12-29,204
Rhode Island,2017-12-30,227
Rhode Island,2016-12-31,205
Rhode Island,2020-01-04,225
Rhode Island,2020-01-11,201
Rhode Island,2020-01-18,204
Rhode Island,2020-01-25,199
Rhode Island,2020-02-01,220
Rhode Island,2020-02-08,244
Rhode Island,2020-02-15,183
Rhode Island,2020-02-22,206
Rhode Island,2020-02-29,235
Rhode Island,2020-03-07,251
Rhode Island,2020-03-14,196
Rhode Island,2020-03-21,220
Rhode Island,2020-03-28,200
Rhode Island,2020-04-04,236
Rhode Island,2020-04-11,246
Rhode Island,2020-04-18,273
Rhode Island,2020-04-25,297
Rhode Island,2020-05-02,332
Rhode Island,2020-05-09,381
Rhode Island,2020-05-16,303
Rhode Island,2020-05-23,279
Rhode Island,2020-05-30,254
Rhode Island,2020-06-06,241
Rhode Island,2020-06-13,209
Rhode Island,2020-06-20,237
Rhode Island,2020-06-27,200
Rhode Island,2020-07-04,177
Rhode Island,2020-07-11,190
Rhode Island,2020-07-18,190
Rhode Island,2020-07-25,173
Rhode Island,2020-08-01,200
Rhode Island,2020-08-08,209
Rhode Island,2020-08-15,211
Rhode Island,2020-08-22,198
Rhode Island,2020-08-29,187
Rhode Island,2020-09-05,207
Rhode Island,2020-09-12,190
Rhode Island,2020-09-19,194
Rhode Island,2020-09-26,208
Rhode Island,2020-10-03,218
Rhode Island,2020-10-10,214
Rhode Island,2020-10-17,214
Rhode Island,2020-10-24,196
Rhode Island,2020-10-31,204
Rhode Island,2020-11-07,228
Rhode Island,2020-11-14,235
Rhode Island,2020-11-21,226
Rhode Island,2020-11-28,268
Rhode Island,2020-12-05,289
Rhode Island,2020-12-12,325
Rhode Island,2020-12-19,329
Rhode Island,2020-12-26,302
Rhode Island,2021-01-02,284
Rhode Island,2021-01-09,295
Rhode Island,2021-01-16,295
Rhode Island,2021-01-23,309
Rhode Island,2021-01-30,263
Rhode Island,2021-02-06,269
Rhode Island,2021-02-13,248
Rhode Island,2021-02-20,222
Rhode Island,2021-02-27,227
Rhode Island,2021-03-06,227
Rhode Island,2021-03-13,240
Rhode Island,2021-03-20,209
Rhode Island,2021-03-27,208
Rhode Island,2021-04-03,194
Rhode Island,2021-04-10,216
Rhode Island,2021-04-17,190
Rhode Island,2021-04-24,199
Rhode Island,2021-05-01,207
Rhode Island,2021-05-08,213
Rhode Island,2021-05-15,239
Rhode Island,2021-05-22,190
Rhode Island,2021-05-29,189
Rhode Island,2021-06-05,187
Rhode Island,2021-06-12,205
Rhode Island,2021-06-19,165
Rhode Island,2021-06-26,186
Rhode Island,2021-07-03,179
Rhode Island,2021-07-10,177
Rhode Island,2021-07-17,182
Rhode Island,2021-07-24,116
Rhode Island,2021-07-31,72
Rhode Island,2021-08-07,15
South Carolina,2016-01-02,850
South Carolina,2015-01-03,1022
South Carolina,2014-01-04,947
South Carolina,2019-01-05,987
South Carolina,2018-01-06,1046
South Carolina,2017-01-07,964
South Carolina,2016-01-09,945
South Carolina,2015-01-10,1064
South Carolina,2014-01-11,920
South Carolina,2019-01-12,997
South Carolina,2018-01-13,1127
South Carolina,2017-01-14,992
South Carolina,2016-01-16,990
South Carolina,2015-01-17,1051
South Carolina,2014-01-18,949
South Carolina,2019-01-19,1033
South Carolina,2018-01-20,1124
South Carolina,2017-01-21,973
South Carolina,2016-01-23,995
South Carolina,2015-01-24,982
South Carolina,2014-01-25,934
South Carolina,2019-01-26,1034
South Carolina,2018-01-27,1131
South Carolina,2017-01-28,968
South Carolina,2016-01-30,979
South Carolina,2015-01-31,924
South Carolina,2014-02-01,881
South Carolina,2019-02-02,1013
South Carolina,2018-02-03,1152
South Carolina,2017-02-04,970
South Carolina,2016-02-06,922
South Carolina,2015-02-07,948
South Carolina,2014-02-08,878
South Carolina,2019-02-09,1036
South Carolina,2018-02-10,1067
South Carolina,2017-02-11,966
South Carolina,2016-02-13,999
South Carolina,2015-02-14,963
South Carolina,2014-02-15,939
South Carolina,2019-02-16,997
South Carolina,2018-02-17,1066
South Carolina,2017-02-18,986
South Carolina,2016-02-20,1058
South Carolina,2015-02-21,987
South Carolina,2014-02-22,872
South Carolina,2019-02-23,1036
South Carolina,2018-02-24,958
South Carolina,2017-02-25,964
South Carolina,2016-02-27,956
South Carolina,2015-02-28,1047
South Carolina,2014-03-01,871
South Carolina,2019-03-02,936
South Carolina,2018-03-03,957
South Carolina,2017-03-04,947
South Carolina,2016-03-05,973
South Carolina,2015-03-07,1023
South Carolina,2014-03-08,872
South Carolina,2019-03-09,1005
South Carolina,2018-03-10,976
South Carolina,2017-03-11,973
South Carolina,2016-03-12,918
South Carolina,2015-03-14,967
South Carolina,2014-03-15,867
South Carolina,2019-03-16,1004
South Carolina,2018-03-17,996
South Carolina,2017-03-18,934
South Carolina,2016-03-19,931
South Carolina,2015-03-21,951
South Carolina,2014-03-22,833
South Carolina,2019-03-23,1043
South Carolina,2018-03-24,956
South Carolina,2017-03-25,994
South Carolina,2016-03-26,866
South Carolina,2015-03-28,862
South Carolina,2014-03-29,865
South Carolina,2019-03-30,931
South Carolina,2018-03-31,984
South Carolina,2017-04-01,954
South Carolina,2016-04-02,928
South Carolina,2015-04-04,937
South Carolina,2014-04-05,869
South Carolina,2019-04-06,982
South Carolina,2018-04-07,927
South Carolina,2017-04-08,997
South Carolina,2016-04-09,887
South Carolina,2015-04-11,881
South Carolina,2014-04-12,852
South Carolina,2019-04-13,924
South Carolina,2018-04-14,999
South Carolina,2017-04-15,932
South Carolina,2016-04-16,891
South Carolina,2015-04-18,828
South Carolina,2014-04-19,861
South Carolina,2019-04-20,888
South Carolina,2018-04-21,934
South Carolina,2017-04-22,915
South Carolina,2016-04-23,901
South Carolina,2015-04-25,847
South Carolina,2014-04-26,835
South Carolina,2019-04-27,936
South Carolina,2018-04-28,898
South Carolina,2017-04-29,915
South Carolina,2016-04-30,900
South Carolina,2015-05-02,855
South Carolina,2014-05-03,830
South Carolina,2019-05-04,971
South Carolina,2018-05-05,918
South Carolina,2017-05-06,863
South Carolina,2016-05-07,791
South Carolina,2015-05-09,901
South Carolina,2014-05-10,833
South Carolina,2019-05-11,938
South Carolina,2018-05-12,878
South Carolina,2017-05-13,891
South Carolina,2016-05-14,882
South Carolina,2015-05-16,849
South Carolina,2014-05-17,835
South Carolina,2019-05-18,996
South Carolina,2018-05-19,927
South Carolina,2017-05-20,923
South Carolina,2016-05-21,829
South Carolina,2015-05-23,866
South Carolina,2014-05-24,809
South Carolina,2019-05-25,967
South Carolina,2018-05-26,890
South Carolina,2017-05-27,896
South Carolina,2016-05-28,879
South Carolina,2015-05-30,816
South Carolina,2014-05-31,840
South Carolina,2019-06-01,937
South Carolina,2018-06-02,917
South Carolina,2017-06-03,891
South Carolina,2016-06-04,893
South Carolina,2015-06-06,795
South Carolina,2014-06-07,750
South Carolina,2019-06-08,918
South Carolina,2018-06-09,880
South Carolina,2017-06-10,922
South Carolina,2016-06-11,886
South Carolina,2015-06-13,801
South Carolina,2014-06-14,810
South Carolina,2019-06-15,964
South Carolina,2018-06-16,834
South Carolina,2017-06-17,882
South Carolina,2016-06-18,853
South Carolina,2015-06-20,862
South Carolina,2014-06-21,825
South Carolina,2019-06-22,958
South Carolina,2018-06-23,905
South Carolina,2017-06-24,909
South Carolina,2016-06-25,816
South Carolina,2015-06-27,882
South Carolina,2014-06-28,859
South Carolina,2019-06-29,890
South Carolina,2018-06-30,858
South Carolina,2017-07-01,926
South Carolina,2016-07-02,826
South Carolina,2015-07-04,838
South Carolina,2014-07-05,766
South Carolina,2019-07-06,936
South Carolina,2018-07-07,849
South Carolina,2017-07-08,866
South Carolina,2016-07-09,937
South Carolina,2015-07-11,856
South Carolina,2014-07-12,782
South Carolina,2019-07-13,855
South Carolina,2018-07-14,884
South Carolina,2017-07-15,857
South Carolina,2016-07-16,854
South Carolina,2015-07-18,824
South Carolina,2014-07-19,815
South Carolina,2019-07-20,915
South Carolina,2018-07-21,889
South Carolina,2017-07-22,887
South Carolina,2016-07-23,813
South Carolina,2015-07-25,761
South Carolina,2014-07-26,792
South Carolina,2019-07-27,907
South Carolina,2018-07-28,901
South Carolina,2017-07-29,894
South Carolina,2016-07-30,855
South Carolina,2015-08-01,823
South Carolina,2014-08-02,838
South Carolina,2019-08-03,863
South Carolina,2018-08-04,920
South Carolina,2017-08-05,904
South Carolina,2016-08-06,846
South Carolina,2015-08-08,820
South Carolina,2014-08-09,807
South Carolina,2019-08-10,958
South Carolina,2018-08-11,965
South Carolina,2017-08-12,868
South Carolina,2016-08-13,895
South Carolina,2015-08-15,856
South Carolina,2014-08-16,767
South Carolina,2019-08-17,883
South Carolina,2018-08-18,902
South Carolina,2017-08-19,882
South Carolina,2016-08-20,812
South Carolina,2015-08-22,823
South Carolina,2014-08-23,833
South Carolina,2019-08-24,912
South Carolina,2018-08-25,819
South Carolina,2017-08-26,847
South Carolina,2016-08-27,811
South Carolina,2015-08-29,846
South Carolina,2014-08-30,840
South Carolina,2019-08-31,902
South Carolina,2018-09-01,909
South Carolina,2017-09-02,891
South Carolina,2016-09-03,806
South Carolina,2015-09-05,812
South Carolina,2014-09-06,803
South Carolina,2019-09-07,929
South Carolina,2018-09-08,842
South Carolina,2017-09-09,908
South Carolina,2016-09-10,919
South Carolina,2015-09-12,790
South Carolina,2014-09-13,783
South Carolina,2019-09-14,900
South Carolina,2018-09-15,921
South Carolina,2017-09-16,874
South Carolina,2016-09-17,919
South Carolina,2015-09-19,840
South Carolina,2014-09-20,755
South Carolina,2019-09-21,921
South Carolina,2018-09-22,906
South Carolina,2017-09-23,884
South Carolina,2016-09-24,891
South Carolina,2015-09-26,806
South Carolina,2014-09-27,829
South Carolina,2019-09-28,938
South Carolina,2018-09-29,941
South Carolina,2017-09-30,897
South Carolina,2016-10-01,881
South Carolina,2015-10-03,857
South Carolina,2014-10-04,814
South Carolina,2019-10-05,940
South Carolina,2018-10-06,915
South Carolina,2017-10-07,904
South Carolina,2016-10-08,855
South Carolina,2015-10-10,871
South Carolina,2014-10-11,856
South Carolina,2019-10-12,901
South Carolina,2018-10-13,888
South Carolina,2017-10-14,874
South Carolina,2016-10-15,948
South Carolina,2015-10-17,913
South Carolina,2014-10-18,808
South Carolina,2019-10-19,889
South Carolina,2018-10-20,936
South Carolina,2017-10-21,889
South Carolina,2016-10-22,822
South Carolina,2015-10-24,896
South Carolina,2014-10-25,895
South Carolina,2019-10-26,970
South Carolina,2018-10-27,904
South Carolina,2017-10-28,949
South Carolina,2016-10-29,840
South Carolina,2015-10-31,888
South Carolina,2014-11-01,845
South Carolina,2019-11-02,953
South Carolina,2018-11-03,944
South Carolina,2017-11-04,965
South Carolina,2016-11-05,839
South Carolina,2015-11-07,888
South Carolina,2014-11-08,949
South Carolina,2019-11-09,933
South Carolina,2018-11-10,955
South Carolina,2017-11-11,919
South Carolina,2016-11-12,926
South Carolina,2015-11-14,839
South Carolina,2014-11-15,858
South Carolina,2019-11-16,945
South Carolina,2018-11-17,986
South Carolina,2017-11-18,946
South Carolina,2016-11-19,912
South Carolina,2015-11-21,926
South Carolina,2014-11-22,828
South Carolina,2019-11-23,963
South Carolina,2018-11-24,930
South Carolina,2017-11-25,947
South Carolina,2016-11-26,945
South Carolina,2015-11-28,848
South Carolina,2014-11-29,910
South Carolina,2019-11-30,1010
South Carolina,2018-12-01,1008
South Carolina,2017-12-02,930
South Carolina,2016-12-03,984
South Carolina,2015-12-05,878
South Carolina,2014-12-06,896
South Carolina,2019-12-07,1052
South Carolina,2018-12-08,951
South Carolina,2017-12-09,939
South Carolina,2016-12-10,910
South Carolina,2015-12-12,954
South Carolina,2014-12-13,889
South Carolina,2019-12-14,1049
South Carolina,2018-12-15,1057
South Carolina,2017-12-16,975
South Carolina,2016-12-17,903
South Carolina,2015-12-19,913
South Carolina,2014-12-20,956
South Carolina,2019-12-21,1038
South Carolina,2018-12-22,1006
South Carolina,2017-12-23,1075
South Carolina,2016-12-24,1012
South Carolina,2015-12-26,971
South Carolina,2014-12-27,969
South Carolina,2019-12-28,1020
South Carolina,2018-12-29,967
South Carolina,2017-12-30,1010
South Carolina,2016-12-31,1021
South Carolina,2020-01-04,1085
South Carolina,2020-01-11,1081
South Carolina,2020-01-18,1048
South Carolina,2020-01-25,1033
South Carolina,2020-02-01,1032
South Carolina,2020-02-08,1096
South Carolina,2020-02-15,1003
South Carolina,2020-02-22,1035
South Carolina,2020-02-29,1044
South Carolina,2020-03-07,1133
South Carolina,2020-03-14,1103
South Carolina,2020-03-21,1067
South Carolina,2020-03-28,1039
South Carolina,2020-04-04,1048
South Carolina,2020-04-11,1138
South Carolina,2020-04-18,1049
South Carolina,2020-04-25,1023
South Carolina,2020-05-02,1033
South Carolina,2020-05-09,1060
South Carolina,2020-05-16,1110
South Carolina,2020-05-23,1046
South Carolina,2020-05-30,1048
South Carolina,2020-06-06,1037
South Carolina,2020-06-13,1079
South Carolina,2020-06-20,1052
South Carolina,2020-06-27,1099
South Carolina,2020-07-04,1197
South Carolina,2020-07-11,1218
South Carolina,2020-07-18,1335
South Carolina,2020-07-25,1352
South Carolina,2020-08-01,1329
South Carolina,2020-08-08,1368
South Carolina,2020-08-15,1319
South Carolina,2020-08-22,1181
South Carolina,2020-08-29,1240
South Carolina,2020-09-05,1243
South Carolina,2020-09-12,1186
South Carolina,2020-09-19,1142
South Carolina,2020-09-26,1152
South Carolina,2020-10-03,1142
South Carolina,2020-10-10,1133
South Carolina,2020-10-17,1062
South Carolina,2020-10-24,1147
South Carolina,2020-10-31,1225
South Carolina,2020-11-07,1185
South Carolina,2020-11-14,1138
South Carolina,2020-11-21,1192
South Carolina,2020-11-28,1214
South Carolina,2020-12-05,1287
South Carolina,2020-12-12,1281
South Carolina,2020-12-19,1367
South Carolina,2020-12-26,1420
South Carolina,2021-01-02,1509
South Carolina,2021-01-09,1551
South Carolina,2021-01-16,1636
South Carolina,2021-01-23,1699
South Carolina,2021-01-30,1581
South Carolina,2021-02-06,1501
South Carolina,2021-02-13,1367
South Carolina,2021-02-20,1250
South Carolina,2021-02-27,1238
South Carolina,2021-03-06,1194
South Carolina,2021-03-13,1166
South Carolina,2021-03-20,1053
South Carolina,2021-03-27,1102
South Carolina,2021-04-03,998
South Carolina,2021-04-10,1129
South Carolina,2021-04-17,1096
South Carolina,2021-04-24,1062
South Carolina,2021-05-01,1150
South Carolina,2021-05-08,1069
South Carolina,2021-05-15,1084
South Carolina,2021-05-22,1017
South Carolina,2021-05-29,1014
South Carolina,2021-06-05,1029
South Carolina,2021-06-12,1024
South Carolina,2021-06-19,1072
South Carolina,2021-06-26,1019
South Carolina,2021-07-03,1009
South Carolina,2021-07-10,1011
South Carolina,2021-07-17,992
South Carolina,2021-07-24,993
South Carolina,2021-07-31,816
South Carolina,2021-08-07,278
South Dakota,2016-01-02,171
South Dakota,2015-01-03,172
South Dakota,2014-01-04,162
South Dakota,2019-01-05,169
South Dakota,2018-01-06,164
South Dakota,2017-01-07,170
South Dakota,2016-01-09,148
South Dakota,2015-01-10,182
South Dakota,2014-01-11,153
South Dakota,2019-01-12,161
South Dakota,2018-01-13,156
South Dakota,2017-01-14,180
South Dakota,2016-01-16,138
South Dakota,2015-01-17,173
South Dakota,2014-01-18,150
South Dakota,2019-01-19,151
South Dakota,2018-01-20,174
South Dakota,2017-01-21,158
South Dakota,2016-01-23,145
South Dakota,2015-01-24,143
South Dakota,2014-01-25,154
South Dakota,2019-01-26,164
South Dakota,2018-01-27,194
South Dakota,2017-01-28,174
South Dakota,2016-01-30,152
South Dakota,2015-01-31,180
South Dakota,2014-02-01,169
South Dakota,2019-02-02,185
South Dakota,2018-02-03,152
South Dakota,2017-02-04,181
South Dakota,2016-02-06,148
South Dakota,2015-02-07,132
South Dakota,2014-02-08,160
South Dakota,2019-02-09,149
South Dakota,2018-02-10,158
South Dakota,2017-02-11,196
South Dakota,2016-02-13,156
South Dakota,2015-02-14,129
South Dakota,2014-02-15,163
South Dakota,2019-02-16,182
South Dakota,2018-02-17,153
South Dakota,2017-02-18,162
South Dakota,2016-02-20,147
South Dakota,2015-02-21,179
South Dakota,2014-02-22,144
South Dakota,2019-02-23,156
South Dakota,2018-02-24,167
South Dakota,2017-02-25,175
South Dakota,2016-02-27,150
South Dakota,2015-02-28,161
South Dakota,2014-03-01,147
South Dakota,2019-03-02,162
South Dakota,2018-03-03,187
South Dakota,2017-03-04,165
South Dakota,2016-03-05,141
South Dakota,2015-03-07,165
South Dakota,2014-03-08,149
South Dakota,2019-03-09,176
South Dakota,2018-03-10,183
South Dakota,2017-03-11,162
South Dakota,2016-03-12,148
South Dakota,2015-03-14,174
South Dakota,2014-03-15,150
South Dakota,2019-03-16,177
South Dakota,2018-03-17,157
South Dakota,2017-03-18,170
South Dakota,2016-03-19,150
South Dakota,2015-03-21,150
South Dakota,2014-03-22,154
South Dakota,2019-03-23,162
South Dakota,2018-03-24,143
South Dakota,2017-03-25,165
South Dakota,2016-03-26,184
South Dakota,2015-03-28,162
South Dakota,2014-03-29,153
South Dakota,2019-03-30,142
South Dakota,2018-03-31,148
South Dakota,2017-04-01,181
South Dakota,2016-04-02,151
South Dakota,2015-04-04,139
South Dakota,2014-04-05,153
South Dakota,2019-04-06,167
South Dakota,2018-04-07,150
South Dakota,2017-04-08,163
South Dakota,2016-04-09,179
South Dakota,2015-04-11,157
South Dakota,2014-04-12,162
South Dakota,2019-04-13,157
South Dakota,2018-04-14,158
South Dakota,2017-04-15,167
South Dakota,2016-04-16,177
South Dakota,2015-04-18,159
South Dakota,2014-04-19,151
South Dakota,2019-04-20,187
South Dakota,2018-04-21,147
South Dakota,2017-04-22,145
South Dakota,2016-04-23,155
South Dakota,2015-04-25,161
South Dakota,2014-04-26,137
South Dakota,2019-04-27,149
South Dakota,2018-04-28,144
South Dakota,2017-04-29,140
South Dakota,2016-04-30,144
South Dakota,2015-05-02,132
South Dakota,2014-05-03,140
South Dakota,2019-05-04,184
South Dakota,2018-05-05,153
South Dakota,2017-05-06,156
South Dakota,2016-05-07,143
South Dakota,2015-05-09,149
South Dakota,2014-05-10,145
South Dakota,2019-05-11,165
South Dakota,2018-05-12,137
South Dakota,2017-05-13,164
South Dakota,2016-05-14,145
South Dakota,2015-05-16,143
South Dakota,2014-05-17,119
South Dakota,2019-05-18,133
South Dakota,2018-05-19,154
South Dakota,2017-05-20,130
South Dakota,2016-05-21,166
South Dakota,2015-05-23,130
South Dakota,2014-05-24,144
South Dakota,2019-05-25,175
South Dakota,2018-05-26,147
South Dakota,2017-05-27,137
South Dakota,2016-05-28,131
South Dakota,2015-05-30,139
South Dakota,2014-05-31,128
South Dakota,2019-06-01,152
South Dakota,2018-06-02,134
South Dakota,2017-06-03,159
South Dakota,2016-06-04,118
South Dakota,2015-06-06,134
South Dakota,2014-06-07,100
South Dakota,2019-06-08,149
South Dakota,2018-06-09,173
South Dakota,2017-06-10,162
South Dakota,2016-06-11,137
South Dakota,2015-06-13,143
South Dakota,2014-06-14,139
South Dakota,2019-06-15,153
South Dakota,2018-06-16,159
South Dakota,2017-06-17,135
South Dakota,2016-06-18,158
South Dakota,2015-06-20,139
South Dakota,2014-06-21,127
South Dakota,2019-06-22,152
South Dakota,2018-06-23,145
South Dakota,2017-06-24,138
South Dakota,2016-06-25,164
South Dakota,2015-06-27,155
South Dakota,2014-06-28,134
South Dakota,2019-06-29,163
South Dakota,2018-06-30,132
South Dakota,2017-07-01,153
South Dakota,2016-07-02,130
South Dakota,2015-07-04,148
South Dakota,2014-07-05,125
South Dakota,2019-07-06,151
South Dakota,2018-07-07,155
South Dakota,2017-07-08,158
South Dakota,2016-07-09,132
South Dakota,2015-07-11,139
South Dakota,2014-07-12,146
South Dakota,2019-07-13,152
South Dakota,2018-07-14,148
South Dakota,2017-07-15,129
South Dakota,2016-07-16,159
South Dakota,2015-07-18,169
South Dakota,2014-07-19,143
South Dakota,2019-07-20,130
South Dakota,2018-07-21,168
South Dakota,2017-07-22,128
South Dakota,2016-07-23,139
South Dakota,2015-07-25,145
South Dakota,2014-07-26,140
South Dakota,2019-07-27,146
South Dakota,2018-07-28,151
South Dakota,2017-07-29,146
South Dakota,2016-07-30,158
South Dakota,2015-08-01,147
South Dakota,2014-08-02,135
South Dakota,2019-08-03,171
South Dakota,2018-08-04,160
South Dakota,2017-08-05,126
South Dakota,2016-08-06,156
South Dakota,2015-08-08,140
South Dakota,2014-08-09,119
South Dakota,2019-08-10,160
South Dakota,2018-08-11,135
South Dakota,2017-08-12,167
South Dakota,2016-08-13,149
South Dakota,2015-08-15,127
South Dakota,2014-08-16,164
South Dakota,2019-08-17,154
South Dakota,2018-08-18,153
South Dakota,2017-08-19,137
South Dakota,2016-08-20,116
South Dakota,2015-08-22,140
South Dakota,2014-08-23,144
South Dakota,2019-08-24,176
South Dakota,2018-08-25,114
South Dakota,2017-08-26,139
South Dakota,2016-08-27,150
South Dakota,2015-08-29,162
South Dakota,2014-08-30,140
South Dakota,2019-08-31,157
South Dakota,2018-09-01,149
South Dakota,2017-09-02,145
South Dakota,2016-09-03,146
South Dakota,2015-09-05,149
South Dakota,2014-09-06,130
South Dakota,2019-09-07,166
South Dakota,2018-09-08,155
South Dakota,2017-09-09,117
South Dakota,2016-09-10,148
South Dakota,2015-09-12,128
South Dakota,2014-09-13,143
South Dakota,2019-09-14,139
South Dakota,2018-09-15,187
South Dakota,2017-09-16,138
South Dakota,2016-09-17,158
South Dakota,2015-09-19,147
South Dakota,2014-09-20,150
South Dakota,2019-09-21,166
South Dakota,2018-09-22,143
South Dakota,2017-09-23,159
South Dakota,2016-09-24,122
South Dakota,2015-09-26,172
South Dakota,2014-09-27,146
South Dakota,2019-09-28,164
South Dakota,2018-09-29,134
South Dakota,2017-09-30,145
South Dakota,2016-10-01,141
South Dakota,2015-10-03,162
South Dakota,2014-10-04,144
South Dakota,2019-10-05,162
South Dakota,2018-10-06,143
South Dakota,2017-10-07,172
South Dakota,2016-10-08,161
South Dakota,2015-10-10,141
South Dakota,2014-10-11,148
South Dakota,2019-10-12,148
South Dakota,2018-10-13,181
South Dakota,2017-10-14,177
South Dakota,2016-10-15,156
South Dakota,2015-10-17,167
South Dakota,2014-10-18,157
South Dakota,2019-10-19,166
South Dakota,2018-10-20,186
South Dakota,2017-10-21,159
South Dakota,2016-10-22,144
South Dakota,2015-10-24,154
South Dakota,2014-10-25,166
South Dakota,2019-10-26,164
South Dakota,2018-10-27,149
South Dakota,2017-10-28,165
South Dakota,2016-10-29,175
South Dakota,2015-10-31,152
South Dakota,2014-11-01,143
South Dakota,2019-11-02,169
South Dakota,2018-11-03,167
South Dakota,2017-11-04,171
South Dakota,2016-11-05,143
South Dakota,2015-11-07,133
South Dakota,2014-11-08,140
South Dakota,2019-11-09,174
South Dakota,2018-11-10,144
South Dakota,2017-11-11,159
South Dakota,2016-11-12,185
South Dakota,2015-11-14,137
South Dakota,2014-11-15,133
South Dakota,2019-11-16,184
South Dakota,2018-11-17,130
South Dakota,2017-11-18,143
South Dakota,2016-11-19,154
South Dakota,2015-11-21,148
South Dakota,2014-11-22,178
South Dakota,2019-11-23,175
South Dakota,2018-11-24,179
South Dakota,2017-11-25,172
South Dakota,2016-11-26,153
South Dakota,2015-11-28,149
South Dakota,2014-11-29,151
South Dakota,2019-11-30,146
South Dakota,2018-12-01,160
South Dakota,2017-12-02,166
South Dakota,2016-12-03,160
South Dakota,2015-12-05,165
South Dakota,2014-12-06,166
South Dakota,2019-12-07,172
South Dakota,2018-12-08,144
South Dakota,2017-12-09,154
South Dakota,2016-12-10,166
South Dakota,2015-12-12,171
South Dakota,2014-12-13,161
South Dakota,2019-12-14,151
South Dakota,2018-12-15,141
South Dakota,2017-12-16,144
South Dakota,2016-12-17,183
South Dakota,2015-12-19,163
South Dakota,2014-12-20,158
South Dakota,2019-12-21,151
South Dakota,2018-12-22,171
South Dakota,2017-12-23,171
South Dakota,2016-12-24,159
South Dakota,2015-12-26,129
South Dakota,2014-12-27,160
South Dakota,2019-12-28,155
South Dakota,2018-12-29,167
South Dakota,2017-12-30,135
South Dakota,2016-12-31,168
South Dakota,2020-01-04,170
South Dakota,2020-01-11,170
South Dakota,2020-01-18,168
South Dakota,2020-01-25,151
South Dakota,2020-02-01,162
South Dakota,2020-02-08,150
South Dakota,2020-02-15,178
South Dakota,2020-02-22,177
South Dakota,2020-02-29,163
South Dakota,2020-03-07,194
South Dakota,2020-03-14,166
South Dakota,2020-03-21,162
South Dakota,2020-03-28,149
South Dakota,2020-04-04,170
South Dakota,2020-04-11,150
South Dakota,2020-04-18,154
South Dakota,2020-04-25,176
South Dakota,2020-05-02,159
South Dakota,2020-05-09,181
South Dakota,2020-05-16,147
South Dakota,2020-05-23,162
South Dakota,2020-05-30,157
South Dakota,2020-06-06,147
South Dakota,2020-06-13,159
South Dakota,2020-06-20,176
South Dakota,2020-06-27,163
South Dakota,2020-07-04,160
South Dakota,2020-07-11,172
South Dakota,2020-07-18,158
South Dakota,2020-07-25,173
South Dakota,2020-08-01,151
South Dakota,2020-08-08,187
South Dakota,2020-08-15,162
South Dakota,2020-08-22,169
South Dakota,2020-08-29,189
South Dakota,2020-09-05,209
South Dakota,2020-09-12,182
South Dakota,2020-09-19,181
South Dakota,2020-09-26,191
South Dakota,2020-10-03,206
South Dakota,2020-10-10,215
South Dakota,2020-10-17,201
South Dakota,2020-10-24,243
South Dakota,2020-10-31,243
South Dakota,2020-11-07,356
South Dakota,2020-11-14,343
South Dakota,2020-11-21,335
South Dakota,2020-11-28,335
South Dakota,2020-12-05,305
South Dakota,2020-12-12,283
South Dakota,2020-12-19,236
South Dakota,2020-12-26,206
South Dakota,2021-01-02,211
South Dakota,2021-01-09,219
South Dakota,2021-01-16,188
South Dakota,2021-01-23,189
South Dakota,2021-01-30,204
South Dakota,2021-02-06,189
South Dakota,2021-02-13,180
South Dakota,2021-02-20,167
South Dakota,2021-02-27,180
South Dakota,2021-03-06,168
South Dakota,2021-03-13,185
South Dakota,2021-03-20,155
South Dakota,2021-03-27,167
South Dakota,2021-04-03,153
South Dakota,2021-04-10,142
South Dakota,2021-04-17,173
South Dakota,2021-04-24,169
South Dakota,2021-05-01,157
South Dakota,2021-05-08,177
South Dakota,2021-05-15,161
South Dakota,2021-05-22,155
South Dakota,2021-05-29,136
South Dakota,2021-06-05,150
South Dakota,2021-06-12,159
South Dakota,2021-06-19,143
South Dakota,2021-06-26,149
South Dakota,2021-07-03,163
South Dakota,2021-07-10,141
South Dakota,2021-07-17,150
South Dakota,2021-07-24,138
South Dakota,2021-07-31,93
South Dakota,2021-08-07,69
Tennessee,2016-01-02,1348
Tennessee,2015-01-03,1631
Tennessee,2014-01-04,1439
Tennessee,2019-01-05,1574
Tennessee,2018-01-06,1725
Tennessee,2017-01-07,1580
Tennessee,2016-01-09,1489
Tennessee,2015-01-10,1578
Tennessee,2014-01-11,1451
Tennessee,2019-01-12,1488
Tennessee,2018-01-13,1780
Tennessee,2017-01-14,1579
Tennessee,2016-01-16,1408
Tennessee,2015-01-17,1575
Tennessee,2014-01-18,1395
Tennessee,2019-01-19,1485
Tennessee,2018-01-20,1749
Tennessee,2017-01-21,1516
Tennessee,2016-01-23,1415
Tennessee,2015-01-24,1558
Tennessee,2014-01-25,1469
Tennessee,2019-01-26,1478
Tennessee,2018-01-27,1671
Tennessee,2017-01-28,1402
Tennessee,2016-01-30,1467
Tennessee,2015-01-31,1436
Tennessee,2014-02-01,1453
Tennessee,2019-02-02,1488
Tennessee,2018-02-03,1578
Tennessee,2017-02-04,1504
Tennessee,2016-02-06,1476
Tennessee,2015-02-07,1454
Tennessee,2014-02-08,1398
Tennessee,2019-02-09,1544
Tennessee,2018-02-10,1698
Tennessee,2017-02-11,1529
Tennessee,2016-02-13,1444
Tennessee,2015-02-14,1444
Tennessee,2014-02-15,1417
Tennessee,2019-02-16,1545
Tennessee,2018-02-17,1593
Tennessee,2017-02-18,1490
Tennessee,2016-02-20,1386
Tennessee,2015-02-21,1440
Tennessee,2014-02-22,1279
Tennessee,2019-02-23,1540
Tennessee,2018-02-24,1477
Tennessee,2017-02-25,1478
Tennessee,2016-02-27,1392
Tennessee,2015-02-28,1564
Tennessee,2014-03-01,1382
Tennessee,2019-03-02,1498
Tennessee,2018-03-03,1364
Tennessee,2017-03-04,1553
Tennessee,2016-03-05,1458
Tennessee,2015-03-07,1450
Tennessee,2014-03-08,1320
Tennessee,2019-03-09,1479
Tennessee,2018-03-10,1415
Tennessee,2017-03-11,1472
Tennessee,2016-03-12,1437
Tennessee,2015-03-14,1461
Tennessee,2014-03-15,1295
Tennessee,2019-03-16,1447
Tennessee,2018-03-17,1531
Tennessee,2017-03-18,1464
Tennessee,2016-03-19,1377
Tennessee,2015-03-21,1373
Tennessee,2014-03-22,1253
Tennessee,2019-03-23,1471
Tennessee,2018-03-24,1398
Tennessee,2017-03-25,1488
Tennessee,2016-03-26,1430
Tennessee,2015-03-28,1317
Tennessee,2014-03-29,1334
Tennessee,2019-03-30,1478
Tennessee,2018-03-31,1409
Tennessee,2017-04-01,1500
Tennessee,2016-04-02,1380
Tennessee,2015-04-04,1339
Tennessee,2014-04-05,1302
Tennessee,2019-04-06,1561
Tennessee,2018-04-07,1414
Tennessee,2017-04-08,1428
Tennessee,2016-04-09,1415
Tennessee,2015-04-11,1323
Tennessee,2014-04-12,1306
Tennessee,2019-04-13,1493
Tennessee,2018-04-14,1410
Tennessee,2017-04-15,1437
Tennessee,2016-04-16,1411
Tennessee,2015-04-18,1273
Tennessee,2014-04-19,1265
Tennessee,2019-04-20,1456
Tennessee,2018-04-21,1321
Tennessee,2017-04-22,1432
Tennessee,2016-04-23,1371
Tennessee,2015-04-25,1264
Tennessee,2014-04-26,1318
Tennessee,2019-04-27,1515
Tennessee,2018-04-28,1459
Tennessee,2017-04-29,1388
Tennessee,2016-04-30,1275
Tennessee,2015-05-02,1300
Tennessee,2014-05-03,1268
Tennessee,2019-05-04,1402
Tennessee,2018-05-05,1431
Tennessee,2017-05-06,1344
Tennessee,2016-05-07,1331
Tennessee,2015-05-09,1323
Tennessee,2014-05-10,1322
Tennessee,2019-05-11,1414
Tennessee,2018-05-12,1384
Tennessee,2017-05-13,1340
Tennessee,2016-05-14,1327
Tennessee,2015-05-16,1347
Tennessee,2014-05-17,1255
Tennessee,2019-05-18,1441
Tennessee,2018-05-19,1337
Tennessee,2017-05-20,1346
Tennessee,2016-05-21,1307
Tennessee,2015-05-23,1302
Tennessee,2014-05-24,1355
Tennessee,2019-05-25,1485
Tennessee,2018-05-26,1335
Tennessee,2017-05-27,1324
Tennessee,2016-05-28,1303
Tennessee,2015-05-30,1260
Tennessee,2014-05-31,1256
Tennessee,2019-06-01,1461
Tennessee,2018-06-02,1361
Tennessee,2017-06-03,1324
Tennessee,2016-06-04,1372
Tennessee,2015-06-06,1234
Tennessee,2014-06-07,1245
Tennessee,2019-06-08,1445
Tennessee,2018-06-09,1359
Tennessee,2017-06-10,1405
Tennessee,2016-06-11,1379
Tennessee,2015-06-13,1309
Tennessee,2014-06-14,1205
Tennessee,2019-06-15,1418
Tennessee,2018-06-16,1342
Tennessee,2017-06-17,1271
Tennessee,2016-06-18,1269
Tennessee,2015-06-20,1301
Tennessee,2014-06-21,1287
Tennessee,2019-06-22,1367
Tennessee,2018-06-23,1406
Tennessee,2017-06-24,1338
Tennessee,2016-06-25,1286
Tennessee,2015-06-27,1273
Tennessee,2014-06-28,1243
Tennessee,2019-06-29,1405
Tennessee,2018-06-30,1282
Tennessee,2017-07-01,1281
Tennessee,2016-07-02,1382
Tennessee,2015-07-04,1271
Tennessee,2014-07-05,1178
Tennessee,2019-07-06,1450
Tennessee,2018-07-07,1411
Tennessee,2017-07-08,1323
Tennessee,2016-07-09,1293
Tennessee,2015-07-11,1315
Tennessee,2014-07-12,1244
Tennessee,2019-07-13,1314
Tennessee,2018-07-14,1413
Tennessee,2017-07-15,1342
Tennessee,2016-07-16,1311
Tennessee,2015-07-18,1346
Tennessee,2014-07-19,1230
Tennessee,2019-07-20,1347
Tennessee,2018-07-21,1339
Tennessee,2017-07-22,1375
Tennessee,2016-07-23,1278
Tennessee,2015-07-25,1203
Tennessee,2014-07-26,1215
Tennessee,2019-07-27,1347
Tennessee,2018-07-28,1358
Tennessee,2017-07-29,1382
Tennessee,2016-07-30,1286
Tennessee,2015-08-01,1267
Tennessee,2014-08-02,1228
Tennessee,2019-08-03,1386
Tennessee,2018-08-04,1426
Tennessee,2017-08-05,1351
Tennessee,2016-08-06,1275
Tennessee,2015-08-08,1299
Tennessee,2014-08-09,1269
Tennessee,2019-08-10,1369
Tennessee,2018-08-11,1354
Tennessee,2017-08-12,1297
Tennessee,2016-08-13,1322
Tennessee,2015-08-15,1264
Tennessee,2014-08-16,1212
Tennessee,2019-08-17,1344
Tennessee,2018-08-18,1250
Tennessee,2017-08-19,1302
Tennessee,2016-08-20,1316
Tennessee,2015-08-22,1295
Tennessee,2014-08-23,1205
Tennessee,2019-08-24,1387
Tennessee,2018-08-25,1366
Tennessee,2017-08-26,1297
Tennessee,2016-08-27,1314
Tennessee,2015-08-29,1232
Tennessee,2014-08-30,1192
Tennessee,2019-08-31,1376
Tennessee,2018-09-01,1334
Tennessee,2017-09-02,1333
Tennessee,2016-09-03,1309
Tennessee,2015-09-05,1223
Tennessee,2014-09-06,1265
Tennessee,2019-09-07,1369
Tennessee,2018-09-08,1349
Tennessee,2017-09-09,1397
Tennessee,2016-09-10,1278
Tennessee,2015-09-12,1274
Tennessee,2014-09-13,1222
Tennessee,2019-09-14,1408
Tennessee,2018-09-15,1411
Tennessee,2017-09-16,1357
Tennessee,2016-09-17,1327
Tennessee,2015-09-19,1312
Tennessee,2014-09-20,1314
Tennessee,2019-09-21,1392
Tennessee,2018-09-22,1313
Tennessee,2017-09-23,1341
Tennessee,2016-09-24,1258
Tennessee,2015-09-26,1298
Tennessee,2014-09-27,1272
Tennessee,2019-09-28,1389
Tennessee,2018-09-29,1331
Tennessee,2017-09-30,1373
Tennessee,2016-10-01,1343
Tennessee,2015-10-03,1318
Tennessee,2014-10-04,1298
Tennessee,2019-10-05,1387
Tennessee,2018-10-06,1296
Tennessee,2017-10-07,1437
Tennessee,2016-10-08,1389
Tennessee,2015-10-10,1340
Tennessee,2014-10-11,1225
Tennessee,2019-10-12,1366
Tennessee,2018-10-13,1372
Tennessee,2017-10-14,1323
Tennessee,2016-10-15,1364
Tennessee,2015-10-17,1302
Tennessee,2014-10-18,1223
Tennessee,2019-10-19,1439
Tennessee,2018-10-20,1328
Tennessee,2017-10-21,1356
Tennessee,2016-10-22,1339
Tennessee,2015-10-24,1304
Tennessee,2014-10-25,1263
Tennessee,2019-10-26,1523
Tennessee,2018-10-27,1430
Tennessee,2017-10-28,1398
Tennessee,2016-10-29,1346
Tennessee,2015-10-31,1275
Tennessee,2014-11-01,1239
Tennessee,2019-11-02,1370
Tennessee,2018-11-03,1388
Tennessee,2017-11-04,1356
Tennessee,2016-11-05,1314
Tennessee,2015-11-07,1379
Tennessee,2014-11-08,1355
Tennessee,2019-11-09,1480
Tennessee,2018-11-10,1422
Tennessee,2017-11-11,1351
Tennessee,2016-11-12,1335
Tennessee,2015-11-14,1308
Tennessee,2014-11-15,1279
Tennessee,2019-11-16,1471
Tennessee,2018-11-17,1463
Tennessee,2017-11-18,1434
Tennessee,2016-11-19,1393
Tennessee,2015-11-21,1340
Tennessee,2014-11-22,1432
Tennessee,2019-11-23,1497
Tennessee,2018-11-24,1521
Tennessee,2017-11-25,1430
Tennessee,2016-11-26,1351
Tennessee,2015-11-28,1369
Tennessee,2014-11-29,1345
Tennessee,2019-11-30,1460
Tennessee,2018-12-01,1485
Tennessee,2017-12-02,1468
Tennessee,2016-12-03,1431
Tennessee,2015-12-05,1357
Tennessee,2014-12-06,1399
Tennessee,2019-12-07,1572
Tennessee,2018-12-08,1458
Tennessee,2017-12-09,1544
Tennessee,2016-12-10,1446
Tennessee,2015-12-12,1384
Tennessee,2014-12-13,1371
Tennessee,2019-12-14,1549
Tennessee,2018-12-15,1584
Tennessee,2017-12-16,1525
Tennessee,2016-12-17,1520
Tennessee,2015-12-19,1403
Tennessee,2014-12-20,1437
Tennessee,2019-12-21,1513
Tennessee,2018-12-22,1485
Tennessee,2017-12-23,1501
Tennessee,2016-12-24,1497
Tennessee,2015-12-26,1345
Tennessee,2014-12-27,1528
Tennessee,2019-12-28,1625
Tennessee,2018-12-29,1458
Tennessee,2017-12-30,1598
Tennessee,2016-12-31,1453
Tennessee,2020-01-04,1614
Tennessee,2020-01-11,1687
Tennessee,2020-01-18,1597
Tennessee,2020-01-25,1532
Tennessee,2020-02-01,1591
Tennessee,2020-02-08,1612
Tennessee,2020-02-15,1454
Tennessee,2020-02-22,1516
Tennessee,2020-02-29,1504
Tennessee,2020-03-07,1611
Tennessee,2020-03-14,1601
Tennessee,2020-03-21,1526
Tennessee,2020-03-28,1528
Tennessee,2020-04-04,1593
Tennessee,2020-04-11,1514
Tennessee,2020-04-18,1541
Tennessee,2020-04-25,1483
Tennessee,2020-05-02,1495
Tennessee,2020-05-09,1492
Tennessee,2020-05-16,1544
Tennessee,2020-05-23,1557
Tennessee,2020-05-30,1467
Tennessee,2020-06-06,1485
Tennessee,2020-06-13,1500
Tennessee,2020-06-20,1570
Tennessee,2020-06-27,1562
Tennessee,2020-07-04,1533
Tennessee,2020-07-11,1634
Tennessee,2020-07-18,1650
Tennessee,2020-07-25,1710
Tennessee,2020-08-01,1713
Tennessee,2020-08-08,1707
Tennessee,2020-08-15,1678
Tennessee,2020-08-22,1687
Tennessee,2020-08-29,1709
Tennessee,2020-09-05,1624
Tennessee,2020-09-12,1727
Tennessee,2020-09-19,1620
Tennessee,2020-09-26,1743
Tennessee,2020-10-03,1732
Tennessee,2020-10-10,1769
Tennessee,2020-10-17,1784
Tennessee,2020-10-24,1788
Tennessee,2020-10-31,1841
Tennessee,2020-11-07,1815
Tennessee,2020-11-14,1935
Tennessee,2020-11-21,2001
Tennessee,2020-11-28,1919
Tennessee,2020-12-05,2200
Tennessee,2020-12-12,2188
Tennessee,2020-12-19,2174
Tennessee,2020-12-26,2361
Tennessee,2021-01-02,2365
Tennessee,2021-01-09,2426
Tennessee,2021-01-16,2305
Tennessee,2021-01-23,2286
Tennessee,2021-01-30,2080
Tennessee,2021-02-06,1950
Tennessee,2021-02-13,1772
Tennessee,2021-02-20,1790
Tennessee,2021-02-27,1751
Tennessee,2021-03-06,1661
Tennessee,2021-03-13,1596
Tennessee,2021-03-20,1572
Tennessee,2021-03-27,1650
Tennessee,2021-04-03,1565
Tennessee,2021-04-10,1686
Tennessee,2021-04-17,1613
Tennessee,2021-04-24,1667
Tennessee,2021-05-01,1639
Tennessee,2021-05-08,1639
Tennessee,2021-05-15,1627
Tennessee,2021-05-22,1552
Tennessee,2021-05-29,1522
Tennessee,2021-06-05,1534
Tennessee,2021-06-12,1639
Tennessee,2021-06-19,1542
Tennessee,2021-06-26,1509
Tennessee,2021-07-03,1464
Tennessee,2021-07-10,1393
Tennessee,2021-07-17,1421
Tennessee,2021-07-24,1377
Tennessee,2021-07-31,1246
Tennessee,2021-08-07,879
Texas,2016-01-02,3722
Texas,2015-01-03,4223
Texas,2014-01-04,4170
Texas,2019-01-05,4270
Texas,2018-01-06,5053
Texas,2017-01-07,4018
Texas,2016-01-09,4053
Texas,2015-01-10,4439
Texas,2014-01-11,4217
Texas,2019-01-12,4277
Texas,2018-01-13,5077
Texas,2017-01-14,4281
Texas,2016-01-16,3820
Texas,2015-01-17,4439
Texas,2014-01-18,4077
Texas,2019-01-19,4160
Texas,2018-01-20,4972
Texas,2017-01-21,4051
Texas,2016-01-23,3823
Texas,2015-01-24,4276
Texas,2014-01-25,3936
Texas,2019-01-26,4089
Texas,2018-01-27,4698
Texas,2017-01-28,4055
Texas,2016-01-30,3837
Texas,2015-01-31,4048
Texas,2014-02-01,3921
Texas,2019-02-02,4185
Texas,2018-02-03,4552
Texas,2017-02-04,4079
Texas,2016-02-06,3877
Texas,2015-02-07,3998
Texas,2014-02-08,3859
Texas,2019-02-09,4123
Texas,2018-02-10,4447
Texas,2017-02-11,4181
Texas,2016-02-13,4028
Texas,2015-02-14,3944
Texas,2014-02-15,3875
Texas,2019-02-16,4189
Texas,2018-02-17,4355
Texas,2017-02-18,4106
Texas,2016-02-20,3965
Texas,2015-02-21,3850
Texas,2014-02-22,3724
Texas,2019-02-23,4119
Texas,2018-02-24,4127
Texas,2017-02-25,4152
Texas,2016-02-27,3834
Texas,2015-02-28,3935
Texas,2014-03-01,3728
Texas,2019-03-02,3998
Texas,2018-03-03,4136
Texas,2017-03-04,4079
Texas,2016-03-05,3934
Texas,2015-03-07,3969
Texas,2014-03-08,3802
Texas,2019-03-09,4264
Texas,2018-03-10,4126
Texas,2017-03-11,4152
Texas,2016-03-12,3835
Texas,2015-03-14,3931
Texas,2014-03-15,3754
Texas,2019-03-16,4191
Texas,2018-03-17,3945
Texas,2017-03-18,3948
Texas,2016-03-19,3769
Texas,2015-03-21,3928
Texas,2014-03-22,3621
Texas,2019-03-23,4178
Texas,2018-03-24,3860
Texas,2017-03-25,3929
Texas,2016-03-26,3832
Texas,2015-03-28,3767
Texas,2014-03-29,3591
Texas,2019-03-30,3954
Texas,2018-03-31,3765
Texas,2017-04-01,3946
Texas,2016-04-02,3845
Texas,2015-04-04,3706
Texas,2014-04-05,3586
Texas,2019-04-06,3901
Texas,2018-04-07,3755
Texas,2017-04-08,3760
Texas,2016-04-09,3826
Texas,2015-04-11,3676
Texas,2014-04-12,3491
Texas,2019-04-13,3959
Texas,2018-04-14,3866
Texas,2017-04-15,3740
Texas,2016-04-16,3701
Texas,2015-04-18,3720
Texas,2014-04-19,3452
Texas,2019-04-20,3909
Texas,2018-04-21,3810
Texas,2017-04-22,3686
Texas,2016-04-23,3675
Texas,2015-04-25,3606
Texas,2014-04-26,3472
Texas,2019-04-27,3826
Texas,2018-04-28,3747
Texas,2017-04-29,3797
Texas,2016-04-30,3702
Texas,2015-05-02,3649
Texas,2014-05-03,3487
Texas,2019-05-04,3829
Texas,2018-05-05,3821
Texas,2017-05-06,3722
Texas,2016-05-07,3649
Texas,2015-05-09,3706
Texas,2014-05-10,3532
Texas,2019-05-11,3739
Texas,2018-05-12,3706
Texas,2017-05-13,3710
Texas,2016-05-14,3634
Texas,2015-05-16,3552
Texas,2014-05-17,3504
Texas,2019-05-18,3766
Texas,2018-05-19,3739
Texas,2017-05-20,3744
Texas,2016-05-21,3637
Texas,2015-05-23,3523
Texas,2014-05-24,3427
Texas,2019-05-25,3790
Texas,2018-05-26,3598
Texas,2017-05-27,3616
Texas,2016-05-28,3684
Texas,2015-05-30,3587
Texas,2014-05-31,3279
Texas,2019-06-01,3803
Texas,2018-06-02,3721
Texas,2017-06-03,3644
Texas,2016-06-04,3492
Texas,2015-06-06,3606
Texas,2014-06-07,3436
Texas,2019-06-08,3909
Texas,2018-06-09,3723
Texas,2017-06-10,3592
Texas,2016-06-11,3692
Texas,2015-06-13,3561
Texas,2014-06-14,3335
Texas,2019-06-15,3686
Texas,2018-06-16,3657
Texas,2017-06-17,3679
Texas,2016-06-18,3702
Texas,2015-06-20,3465
Texas,2014-06-21,3363
Texas,2019-06-22,3786
Texas,2018-06-23,3599
Texas,2017-06-24,3699
Texas,2016-06-25,3614
Texas,2015-06-27,3423
Texas,2014-06-28,3377
Texas,2019-06-29,3727
Texas,2018-06-30,3686
Texas,2017-07-01,3595
Texas,2016-07-02,3572
Texas,2015-07-04,3459
Texas,2014-07-05,3399
Texas,2019-07-06,3834
Texas,2018-07-07,3461
Texas,2017-07-08,3678
Texas,2016-07-09,3596
Texas,2015-07-11,3500
Texas,2014-07-12,3253
Texas,2019-07-13,3779
Texas,2018-07-14,3666
Texas,2017-07-15,3391
Texas,2016-07-16,3508
Texas,2015-07-18,3567
Texas,2014-07-19,3299
Texas,2019-07-20,3666
Texas,2018-07-21,3680
Texas,2017-07-22,3502
Texas,2016-07-23,3524
Texas,2015-07-25,3504
Texas,2014-07-26,3291
Texas,2019-07-27,3684
Texas,2018-07-28,3657
Texas,2017-07-29,3634
Texas,2016-07-30,3651
Texas,2015-08-01,3434
Texas,2014-08-02,3329
Texas,2019-08-03,3826
Texas,2018-08-04,3699
Texas,2017-08-05,3664
Texas,2016-08-06,3522
Texas,2015-08-08,3543
Texas,2014-08-09,3346
Texas,2019-08-10,3787
Texas,2018-08-11,3623
Texas,2017-08-12,3600
Texas,2016-08-13,3541
Texas,2015-08-15,3394
Texas,2014-08-16,3336
Texas,2019-08-17,3732
Texas,2018-08-18,3706
Texas,2017-08-19,3504
Texas,2016-08-20,3571
Texas,2015-08-22,3409
Texas,2014-08-23,3255
Texas,2019-08-24,3692
Texas,2018-08-25,3792
Texas,2017-08-26,3646
Texas,2016-08-27,3586
Texas,2015-08-29,3384
Texas,2014-08-30,3326
Texas,2019-08-31,3682
Texas,2018-09-01,3561
Texas,2017-09-02,3621
Texas,2016-09-03,3624
Texas,2015-09-05,3410
Texas,2014-09-06,3332
Texas,2019-09-07,3775
Texas,2018-09-08,3544
Texas,2017-09-09,3658
Texas,2016-09-10,3604
Texas,2015-09-12,3352
Texas,2014-09-13,3369
Texas,2019-09-14,3733
Texas,2018-09-15,3633
Texas,2017-09-16,3677
Texas,2016-09-17,3599
Texas,2015-09-19,3446
Texas,2014-09-20,3350
Texas,2019-09-21,3557
Texas,2018-09-22,3662
Texas,2017-09-23,3612
Texas,2016-09-24,3507
Texas,2015-09-26,3453
Texas,2014-09-27,3339
Texas,2019-09-28,3791
Texas,2018-09-29,3598
Texas,2017-09-30,3620
Texas,2016-10-01,3414
Texas,2015-10-03,3447
Texas,2014-10-04,3367
Texas,2019-10-05,3844
Texas,2018-10-06,3731
Texas,2017-10-07,3764
Texas,2016-10-08,3609
Texas,2015-10-10,3539
Texas,2014-10-11,3394
Texas,2019-10-12,3861
Texas,2018-10-13,3687
Texas,2017-10-14,3810
Texas,2016-10-15,3628
Texas,2015-10-17,3430
Texas,2014-10-18,3353
Texas,2019-10-19,3944
Texas,2018-10-20,3716
Texas,2017-10-21,3801
Texas,2016-10-22,3572
Texas,2015-10-24,3543
Texas,2014-10-25,3504
Texas,2019-10-26,3916
Texas,2018-10-27,3765
Texas,2017-10-28,3863
Texas,2016-10-29,3706
Texas,2015-10-31,3451
Texas,2014-11-01,3381
Texas,2019-11-02,4018
Texas,2018-11-03,3776
Texas,2017-11-04,4000
Texas,2016-11-05,3662
Texas,2015-11-07,3581
Texas,2014-11-08,3522
Texas,2019-11-09,4049
Texas,2018-11-10,3888
Texas,2017-11-11,3857
Texas,2016-11-12,3705
Texas,2015-11-14,3549
Texas,2014-11-15,3519
Texas,2019-11-16,4027
Texas,2018-11-17,3988
Texas,2017-11-18,3820
Texas,2016-11-19,3716
Texas,2015-11-21,3748
Texas,2014-11-22,3835
Texas,2019-11-23,4215
Texas,2018-11-24,3995
Texas,2017-11-25,3892
Texas,2016-11-26,3722
Texas,2015-11-28,3594
Texas,2014-11-29,3762
Texas,2019-11-30,4112
Texas,2018-12-01,4007
Texas,2017-12-02,3977
Texas,2016-12-03,3826
Texas,2015-12-05,3649
Texas,2014-12-06,3887
Texas,2019-12-07,4077
Texas,2018-12-08,4003
Texas,2017-12-09,3977
Texas,2016-12-10,3729
Texas,2015-12-12,3953
Texas,2014-12-13,3831
Texas,2019-12-14,4289
Texas,2018-12-15,4071
Texas,2017-12-16,4097
Texas,2016-12-17,3912
Texas,2015-12-19,3836
Texas,2014-12-20,3782
Texas,2019-12-21,4271
Texas,2018-12-22,4194
Texas,2017-12-23,4602
Texas,2016-12-24,4071
Texas,2015-12-26,3922
Texas,2014-12-27,3942
Texas,2019-12-28,4319
Texas,2018-12-29,4137
Texas,2017-12-30,4397
Texas,2016-12-31,3998
Texas,2020-01-04,4325
Texas,2020-01-11,4564
Texas,2020-01-18,4250
Texas,2020-01-25,4128
Texas,2020-02-01,4174
Texas,2020-02-08,4322
Texas,2020-02-15,4343
Texas,2020-02-22,4221
Texas,2020-02-29,4146
Texas,2020-03-07,4173
Texas,2020-03-14,4169
Texas,2020-03-21,4256
Texas,2020-03-28,4259
Texas,2020-04-04,4186
Texas,2020-04-11,4266
Texas,2020-04-18,4294
Texas,2020-04-25,4464
Texas,2020-05-02,4263
Texas,2020-05-09,4278
Texas,2020-05-16,4280
Texas,2020-05-23,4255
Texas,2020-05-30,4156
Texas,2020-06-06,4229
Texas,2020-06-13,4396
Texas,2020-06-20,4509
Texas,2020-06-27,4566
Texas,2020-07-04,5036
Texas,2020-07-11,5772
Texas,2020-07-18,6264
Texas,2020-07-25,6310
Texas,2020-08-01,5953
Texas,2020-08-08,5712
Texas,2020-08-15,5782
Texas,2020-08-22,5033
Texas,2020-08-29,5137
Texas,2020-09-05,4942
Texas,2020-09-12,4654
Texas,2020-09-19,4601
Texas,2020-09-26,4544
Texas,2020-10-03,4589
Texas,2020-10-10,4720
Texas,2020-10-17,4535
Texas,2020-10-24,4813
Texas,2020-10-31,5165
Texas,2020-11-07,5402
Texas,2020-11-14,5444
Texas,2020-11-21,5431
Texas,2020-11-28,5595
Texas,2020-12-05,5636
Texas,2020-12-12,6057
Texas,2020-12-19,6185
Texas,2020-12-26,6134
Texas,2021-01-02,6544
Texas,2021-01-09,6967
Texas,2021-01-16,7202
Texas,2021-01-23,6994
Texas,2021-01-30,6637
Texas,2021-02-06,6239
Texas,2021-02-13,5891
Texas,2021-02-20,6403
Texas,2021-02-27,5652
Texas,2021-03-06,5183
Texas,2021-03-13,4917
Texas,2021-03-20,4601
Texas,2021-03-27,4556
Texas,2021-04-03,4414
Texas,2021-04-10,4561
Texas,2021-04-17,4283
Texas,2021-04-24,4542
Texas,2021-05-01,4420
Texas,2021-05-08,4327
Texas,2021-05-15,4350
Texas,2021-05-22,4241
Texas,2021-05-29,4237
Texas,2021-06-05,4174
Texas,2021-06-12,4249
Texas,2021-06-19,4264
Texas,2021-06-26,4217
Texas,2021-07-03,4202
Texas,2021-07-10,4043
Texas,2021-07-17,4079
Texas,2021-07-24,3741
Texas,2021-07-31,3097
Texas,2021-08-07,1904
Utah,2016-01-02,357
Utah,2015-01-03,370
Utah,2014-01-04,378
Utah,2019-01-05,396
Utah,2018-01-06,418
Utah,2017-01-07,431
Utah,2016-01-09,381
Utah,2015-01-10,453
Utah,2014-01-11,330
Utah,2019-01-12,418
Utah,2018-01-13,397
Utah,2017-01-14,375
Utah,2016-01-16,324
Utah,2015-01-17,369
Utah,2014-01-18,367
Utah,2019-01-19,391
Utah,2018-01-20,379
Utah,2017-01-21,357
Utah,2016-01-23,376
Utah,2015-01-24,304
Utah,2014-01-25,383
Utah,2019-01-26,408
Utah,2018-01-27,405
Utah,2017-01-28,382
Utah,2016-01-30,378
Utah,2015-01-31,348
Utah,2014-02-01,340
Utah,2019-02-02,373
Utah,2018-02-03,379
Utah,2017-02-04,355
Utah,2016-02-06,374
Utah,2015-02-07,357
Utah,2014-02-08,342
Utah,2019-02-09,376
Utah,2018-02-10,411
Utah,2017-02-11,376
Utah,2016-02-13,369
Utah,2015-02-14,367
Utah,2014-02-15,342
Utah,2019-02-16,367
Utah,2018-02-17,369
Utah,2017-02-18,365
Utah,2016-02-20,378
Utah,2015-02-21,347
Utah,2014-02-22,331
Utah,2019-02-23,387
Utah,2018-02-24,374
Utah,2017-02-25,391
Utah,2016-02-27,393
Utah,2015-02-28,369
Utah,2014-03-01,311
Utah,2019-03-02,403
Utah,2018-03-03,403
Utah,2017-03-04,360
Utah,2016-03-05,360
Utah,2015-03-07,370
Utah,2014-03-08,314
Utah,2019-03-09,427
Utah,2018-03-10,400
Utah,2017-03-11,383
Utah,2016-03-12,392
Utah,2015-03-14,320
Utah,2014-03-15,304
Utah,2019-03-16,383
Utah,2018-03-17,379
Utah,2017-03-18,347
Utah,2016-03-19,349
Utah,2015-03-21,364
Utah,2014-03-22,340
Utah,2019-03-23,386
Utah,2018-03-24,356
Utah,2017-03-25,397
Utah,2016-03-26,396
Utah,2015-03-28,347
Utah,2014-03-29,325
Utah,2019-03-30,373
Utah,2018-03-31,317
Utah,2017-04-01,363
Utah,2016-04-02,373
Utah,2015-04-04,330
Utah,2014-04-05,327
Utah,2019-04-06,380
Utah,2018-04-07,344
Utah,2017-04-08,351
Utah,2016-04-09,384
Utah,2015-04-11,366
Utah,2014-04-12,350
Utah,2019-04-13,396
Utah,2018-04-14,369
Utah,2017-04-15,368
Utah,2016-04-16,356
Utah,2015-04-18,350
Utah,2014-04-19,314
Utah,2019-04-20,384
Utah,2018-04-21,394
Utah,2017-04-22,364
Utah,2016-04-23,393
Utah,2015-04-25,334
Utah,2014-04-26,331
Utah,2019-04-27,329
Utah,2018-04-28,393
Utah,2017-04-29,338
Utah,2016-04-30,316
Utah,2015-05-02,296
Utah,2014-05-03,312
Utah,2019-05-04,379
Utah,2018-05-05,336
Utah,2017-05-06,354
Utah,2016-05-07,334
Utah,2015-05-09,348
Utah,2014-05-10,339
Utah,2019-05-11,393
Utah,2018-05-12,342
Utah,2017-05-13,349
Utah,2016-05-14,369
Utah,2015-05-16,328
Utah,2014-05-17,313
Utah,2019-05-18,378
Utah,2018-05-19,345
Utah,2017-05-20,343
Utah,2016-05-21,370
Utah,2015-05-23,325
Utah,2014-05-24,335
Utah,2019-05-25,387
Utah,2018-05-26,386
Utah,2017-05-27,348
Utah,2016-05-28,353
Utah,2015-05-30,354
Utah,2014-05-31,287
Utah,2019-06-01,355
Utah,2018-06-02,362
Utah,2017-06-03,336
Utah,2016-06-04,367
Utah,2015-06-06,390
Utah,2014-06-07,329
Utah,2019-06-08,357
Utah,2018-06-09,384
Utah,2017-06-10,358
Utah,2016-06-11,353
Utah,2015-06-13,319
Utah,2014-06-14,307
Utah,2019-06-15,353
Utah,2018-06-16,346
Utah,2017-06-17,368
Utah,2016-06-18,365
Utah,2015-06-20,299
Utah,2014-06-21,315
Utah,2019-06-22,358
Utah,2018-06-23,349
Utah,2017-06-24,333
Utah,2016-06-25,361
Utah,2015-06-27,341
Utah,2014-06-28,333
Utah,2019-06-29,359
Utah,2018-06-30,339
Utah,2017-07-01,351
Utah,2016-07-02,333
Utah,2015-07-04,360
Utah,2014-07-05,312
Utah,2019-07-06,346
Utah,2018-07-07,373
Utah,2017-07-08,329
Utah,2016-07-09,330
Utah,2015-07-11,324
Utah,2014-07-12,337
Utah,2019-07-13,337
Utah,2018-07-14,339
Utah,2017-07-15,338
Utah,2016-07-16,366
Utah,2015-07-18,309
Utah,2014-07-19,301
Utah,2019-07-20,371
Utah,2018-07-21,365
Utah,2017-07-22,346
Utah,2016-07-23,358
Utah,2015-07-25,322
Utah,2014-07-26,310
Utah,2019-07-27,352
Utah,2018-07-28,329
Utah,2017-07-29,331
Utah,2016-07-30,327
Utah,2015-08-01,331
Utah,2014-08-02,321
Utah,2019-08-03,358
Utah,2018-08-04,368
Utah,2017-08-05,323
Utah,2016-08-06,355
Utah,2015-08-08,326
Utah,2014-08-09,313
Utah,2019-08-10,316
Utah,2018-08-11,356
Utah,2017-08-12,349
Utah,2016-08-13,347
Utah,2015-08-15,292
Utah,2014-08-16,293
Utah,2019-08-17,343
Utah,2018-08-18,342
Utah,2017-08-19,337
Utah,2016-08-20,324
Utah,2015-08-22,298
Utah,2014-08-23,283
Utah,2019-08-24,364
Utah,2018-08-25,335
Utah,2017-08-26,358
Utah,2016-08-27,326
Utah,2015-08-29,363
Utah,2014-08-30,311
Utah,2019-08-31,352
Utah,2018-09-01,349
Utah,2017-09-02,320
Utah,2016-09-03,337
Utah,2015-09-05,315
Utah,2014-09-06,334
Utah,2019-09-07,366
Utah,2018-09-08,331
Utah,2017-09-09,360
Utah,2016-09-10,290
Utah,2015-09-12,292
Utah,2014-09-13,326
Utah,2019-09-14,330
Utah,2018-09-15,327
Utah,2017-09-16,363
Utah,2016-09-17,324
Utah,2015-09-19,344
Utah,2014-09-20,314
Utah,2019-09-21,335
Utah,2018-09-22,361
Utah,2017-09-23,357
Utah,2016-09-24,358
Utah,2015-09-26,302
Utah,2014-09-27,326
Utah,2019-09-28,372
Utah,2018-09-29,340
Utah,2017-09-30,357
Utah,2016-10-01,328
Utah,2015-10-03,352
Utah,2014-10-04,326
Utah,2019-10-05,335
Utah,2018-10-06,360
Utah,2017-10-07,354
Utah,2016-10-08,327
Utah,2015-10-10,331
Utah,2014-10-11,343
Utah,2019-10-12,369
Utah,2018-10-13,372
Utah,2017-10-14,357
Utah,2016-10-15,326
Utah,2015-10-17,320
Utah,2014-10-18,296
Utah,2019-10-19,367
Utah,2018-10-20,371
Utah,2017-10-21,371
Utah,2016-10-22,347
Utah,2015-10-24,369
Utah,2014-10-25,345
Utah,2019-10-26,366
Utah,2018-10-27,361
Utah,2017-10-28,339
Utah,2016-10-29,326
Utah,2015-10-31,342
Utah,2014-11-01,334
Utah,2019-11-02,368
Utah,2018-11-03,360
Utah,2017-11-04,374
Utah,2016-11-05,296
Utah,2015-11-07,358
Utah,2014-11-08,331
Utah,2019-11-09,365
Utah,2018-11-10,346
Utah,2017-11-11,351
Utah,2016-11-12,334
Utah,2015-11-14,348
Utah,2014-11-15,369
Utah,2019-11-16,352
Utah,2018-11-17,346
Utah,2017-11-18,356
Utah,2016-11-19,324
Utah,2015-11-21,362
Utah,2014-11-22,358
Utah,2019-11-23,408
Utah,2018-11-24,387
Utah,2017-11-25,369
Utah,2016-11-26,351
Utah,2015-11-28,323
Utah,2014-11-29,355
Utah,2019-11-30,386
Utah,2018-12-01,379
Utah,2017-12-02,358
Utah,2016-12-03,348
Utah,2015-12-05,340
Utah,2014-12-06,344
Utah,2019-12-07,385
Utah,2018-12-08,379
Utah,2017-12-09,350
Utah,2016-12-10,387
Utah,2015-12-12,390
Utah,2014-12-13,377
Utah,2019-12-14,402
Utah,2018-12-15,319
Utah,2017-12-16,356
Utah,2016-12-17,379
Utah,2015-12-19,339
Utah,2014-12-20,368
Utah,2019-12-21,389
Utah,2018-12-22,374
Utah,2017-12-23,348
Utah,2016-12-24,369
Utah,2015-12-26,351
Utah,2014-12-27,367
Utah,2019-12-28,399
Utah,2018-12-29,386
Utah,2017-12-30,385
Utah,2016-12-31,385
Utah,2020-01-04,392
Utah,2020-01-11,438
Utah,2020-01-18,409
Utah,2020-01-25,390
Utah,2020-02-01,364
Utah,2020-02-08,395
Utah,2020-02-15,414
Utah,2020-02-22,368
Utah,2020-02-29,417
Utah,2020-03-07,427
Utah,2020-03-14,406
Utah,2020-03-21,412
Utah,2020-03-28,395
Utah,2020-04-04,408
Utah,2020-04-11,382
Utah,2020-04-18,388
Utah,2020-04-25,410
Utah,2020-05-02,381
Utah,2020-05-09,372
Utah,2020-05-16,403
Utah,2020-05-23,374
Utah,2020-05-30,390
Utah,2020-06-06,410
Utah,2020-06-13,388
Utah,2020-06-20,402
Utah,2020-06-27,388
Utah,2020-07-04,438
Utah,2020-07-11,407
Utah,2020-07-18,435
Utah,2020-07-25,437
Utah,2020-08-01,435
Utah,2020-08-08,449
Utah,2020-08-15,450
Utah,2020-08-22,422
Utah,2020-08-29,377
Utah,2020-09-05,367
Utah,2020-09-12,382
Utah,2020-09-19,400
Utah,2020-09-26,440
Utah,2020-10-03,393
Utah,2020-10-10,443
Utah,2020-10-17,424
Utah,2020-10-24,442
Utah,2020-10-31,460
Utah,2020-11-07,453
Utah,2020-11-14,482
Utah,2020-11-21,544
Utah,2020-11-28,487
Utah,2020-12-05,538
Utah,2020-12-12,552
Utah,2020-12-19,545
Utah,2020-12-26,502
Utah,2021-01-02,486
Utah,2021-01-09,533
Utah,2021-01-16,484
Utah,2021-01-23,496
Utah,2021-01-30,502
Utah,2021-02-06,466
Utah,2021-02-13,450
Utah,2021-02-20,428
Utah,2021-02-27,379
Utah,2021-03-06,415
Utah,2021-03-13,411
Utah,2021-03-20,395
Utah,2021-03-27,391
Utah,2021-04-03,403
Utah,2021-04-10,379
Utah,2021-04-17,370
Utah,2021-04-24,391
Utah,2021-05-01,427
Utah,2021-05-08,385
Utah,2021-05-15,380
Utah,2021-05-22,404
Utah,2021-05-29,434
Utah,2021-06-05,390
Utah,2021-06-12,386
Utah,2021-06-19,413
Utah,2021-06-26,419
Utah,2021-07-03,418
Utah,2021-07-10,431
Utah,2021-07-17,380
Utah,2021-07-24,434
Utah,2021-07-31,398
Utah,2021-08-07,307
Vermont,2016-01-02,112
Vermont,2015-01-03,128
Vermont,2014-01-04,103
Vermont,2019-01-05,111
Vermont,2018-01-06,130
Vermont,2017-01-07,135
Vermont,2016-01-09,103
Vermont,2015-01-10,103
Vermont,2014-01-11,122
Vermont,2019-01-12,112
Vermont,2018-01-13,142
Vermont,2017-01-14,120
Vermont,2016-01-16,113
Vermont,2015-01-17,121
Vermont,2014-01-18,120
Vermont,2019-01-19,111
Vermont,2018-01-20,129
Vermont,2017-01-21,98
Vermont,2016-01-23,127
Vermont,2015-01-24,122
Vermont,2014-01-25,102
Vermont,2019-01-26,115
Vermont,2018-01-27,132
Vermont,2017-01-28,132
Vermont,2016-01-30,112
Vermont,2015-01-31,132
Vermont,2014-02-01,104
Vermont,2019-02-02,119
Vermont,2018-02-03,109
Vermont,2017-02-04,123
Vermont,2016-02-06,127
Vermont,2015-02-07,138
Vermont,2014-02-08,109
Vermont,2019-02-09,104
Vermont,2018-02-10,141
Vermont,2017-02-11,123
Vermont,2016-02-13,110
Vermont,2015-02-14,126
Vermont,2014-02-15,120
Vermont,2019-02-16,120
Vermont,2018-02-17,117
Vermont,2017-02-18,112
Vermont,2016-02-20,122
Vermont,2015-02-21,126
Vermont,2014-02-22,101
Vermont,2019-02-23,123
Vermont,2018-02-24,111
Vermont,2017-02-25,119
Vermont,2016-02-27,116
Vermont,2015-02-28,120
Vermont,2014-03-01,105
Vermont,2019-03-02,110
Vermont,2018-03-03,122
Vermont,2017-03-04,90
Vermont,2016-03-05,108
Vermont,2015-03-07,110
Vermont,2014-03-08,102
Vermont,2019-03-09,122
Vermont,2018-03-10,134
Vermont,2017-03-11,131
Vermont,2016-03-12,132
Vermont,2015-03-14,122
Vermont,2014-03-15,134
Vermont,2019-03-16,118
Vermont,2018-03-17,114
Vermont,2017-03-18,105
Vermont,2016-03-19,145
Vermont,2015-03-21,124
Vermont,2014-03-22,98
Vermont,2019-03-23,106
Vermont,2018-03-24,128
Vermont,2017-03-25,131
Vermont,2016-03-26,105
Vermont,2015-03-28,129
Vermont,2014-03-29,105
Vermont,2019-03-30,124
Vermont,2018-03-31,88
Vermont,2017-04-01,138
Vermont,2016-04-02,117
Vermont,2015-04-04,114
Vermont,2014-04-05,109
Vermont,2019-04-06,128
Vermont,2018-04-07,92
Vermont,2017-04-08,98
Vermont,2016-04-09,108
Vermont,2015-04-11,108
Vermont,2014-04-12,107
Vermont,2019-04-13,109
Vermont,2018-04-14,129
Vermont,2017-04-15,128
Vermont,2016-04-16,109
Vermont,2015-04-18,136
Vermont,2014-04-19,90
Vermont,2019-04-20,100
Vermont,2018-04-21,122
Vermont,2017-04-22,120
Vermont,2016-04-23,101
Vermont,2015-04-25,111
Vermont,2014-04-26,112
Vermont,2019-04-27,133
Vermont,2018-04-28,102
Vermont,2017-04-29,114
Vermont,2016-04-30,104
Vermont,2015-05-02,123
Vermont,2014-05-03,87
Vermont,2019-05-04,101
Vermont,2018-05-05,108
Vermont,2017-05-06,106
Vermont,2016-05-07,104
Vermont,2015-05-09,99
Vermont,2014-05-10,105
Vermont,2019-05-11,89
Vermont,2018-05-12,88
Vermont,2017-05-13,107
Vermont,2016-05-14,114
Vermont,2015-05-16,119
Vermont,2014-05-17,104
Vermont,2019-05-18,95
Vermont,2018-05-19,95
Vermont,2017-05-20,105
Vermont,2016-05-21,102
Vermont,2015-05-23,109
Vermont,2014-05-24,99
Vermont,2019-05-25,110
Vermont,2018-05-26,102
Vermont,2017-05-27,110
Vermont,2016-05-28,103
Vermont,2015-05-30,110
Vermont,2014-05-31,103
Vermont,2019-06-01,112
Vermont,2018-06-02,97
Vermont,2017-06-03,88
Vermont,2016-06-04,118
Vermont,2015-06-06,99
Vermont,2014-06-07,119
Vermont,2019-06-08,98
Vermont,2018-06-09,100
Vermont,2017-06-10,118
Vermont,2016-06-11,114
Vermont,2015-06-13,105
Vermont,2014-06-14,97
Vermont,2019-06-15,109
Vermont,2018-06-16,126
Vermont,2017-06-17,113
Vermont,2016-06-18,108
Vermont,2015-06-20,93
Vermont,2014-06-21,94
Vermont,2019-06-22,115
Vermont,2018-06-23,98
Vermont,2017-06-24,99
Vermont,2016-06-25,90
Vermont,2015-06-27,110
Vermont,2014-06-28,89
Vermont,2019-06-29,112
Vermont,2018-06-30,106
Vermont,2017-07-01,79
Vermont,2016-07-02,94
Vermont,2015-07-04,91
Vermont,2014-07-05,97
Vermont,2019-07-06,110
Vermont,2018-07-07,97
Vermont,2017-07-08,127
Vermont,2016-07-09,117
Vermont,2015-07-11,110
Vermont,2014-07-12,91
Vermont,2019-07-13,70
Vermont,2018-07-14,114
Vermont,2017-07-15,102
Vermont,2016-07-16,115
Vermont,2015-07-18,104
Vermont,2014-07-19,87
Vermont,2019-07-20,101
Vermont,2018-07-21,107
Vermont,2017-07-22,92
Vermont,2016-07-23,116
Vermont,2015-07-25,97
Vermont,2014-07-26,104
Vermont,2019-07-27,107
Vermont,2018-07-28,98
Vermont,2017-07-29,94
Vermont,2016-07-30,101
Vermont,2015-08-01,91
Vermont,2014-08-02,115
Vermont,2019-08-03,107
Vermont,2018-08-04,102
Vermont,2017-08-05,116
Vermont,2016-08-06,110
Vermont,2015-08-08,104
Vermont,2014-08-09,118
Vermont,2019-08-10,105
Vermont,2018-08-11,92
Vermont,2017-08-12,104
Vermont,2016-08-13,106
Vermont,2015-08-15,104
Vermont,2014-08-16,101
Vermont,2019-08-17,100
Vermont,2018-08-18,111
Vermont,2017-08-19,114
Vermont,2016-08-20,97
Vermont,2015-08-22,100
Vermont,2014-08-23,107
Vermont,2019-08-24,93
Vermont,2018-08-25,100
Vermont,2017-08-26,84
Vermont,2016-08-27,101
Vermont,2015-08-29,102
Vermont,2014-08-30,110
Vermont,2019-08-31,96
Vermont,2018-09-01,108
Vermont,2017-09-02,103
Vermont,2016-09-03,103
Vermont,2015-09-05,85
Vermont,2014-09-06,88
Vermont,2019-09-07,90
Vermont,2018-09-08,113
Vermont,2017-09-09,89
Vermont,2016-09-10,91
Vermont,2015-09-12,111
Vermont,2014-09-13,101
Vermont,2019-09-14,91
Vermont,2018-09-15,110
Vermont,2017-09-16,104
Vermont,2016-09-17,100
Vermont,2015-09-19,94
Vermont,2014-09-20,103
Vermont,2019-09-21,91
Vermont,2018-09-22,96
Vermont,2017-09-23,110
Vermont,2016-09-24,117
Vermont,2015-09-26,81
Vermont,2014-09-27,120
Vermont,2019-09-28,127
Vermont,2018-09-29,101
Vermont,2017-09-30,95
Vermont,2016-10-01,98
Vermont,2015-10-03,104
Vermont,2014-10-04,120
Vermont,2019-10-05,101
Vermont,2018-10-06,107
Vermont,2017-10-07,108
Vermont,2016-10-08,110
Vermont,2015-10-10,116
Vermont,2014-10-11,119
Vermont,2019-10-12,104
Vermont,2018-10-13,115
Vermont,2017-10-14,100
Vermont,2016-10-15,117
Vermont,2015-10-17,109
Vermont,2014-10-18,105
Vermont,2019-10-19,115
Vermont,2018-10-20,130
Vermont,2017-10-21,106
Vermont,2016-10-22,95
Vermont,2015-10-24,114
Vermont,2014-10-25,116
Vermont,2019-10-26,109
Vermont,2018-10-27,122
Vermont,2017-10-28,108
Vermont,2016-10-29,112
Vermont,2015-10-31,85
Vermont,2014-11-01,97
Vermont,2019-11-02,108
Vermont,2018-11-03,124
Vermont,2017-11-04,113
Vermont,2016-11-05,105
Vermont,2015-11-07,123
Vermont,2014-11-08,100
Vermont,2019-11-09,130
Vermont,2018-11-10,118
Vermont,2017-11-11,112
Vermont,2016-11-12,118
Vermont,2015-11-14,116
Vermont,2014-11-15,124
Vermont,2019-11-16,107
Vermont,2018-11-17,121
Vermont,2017-11-18,123
Vermont,2016-11-19,102
Vermont,2015-11-21,108
Vermont,2014-11-22,108
Vermont,2019-11-23,111
Vermont,2018-11-24,91
Vermont,2017-11-25,107
Vermont,2016-11-26,106
Vermont,2015-11-28,112
Vermont,2014-11-29,99
Vermont,2019-11-30,113
Vermont,2018-12-01,99
Vermont,2017-12-02,113
Vermont,2016-12-03,118
Vermont,2015-12-05,109
Vermont,2014-12-06,108
Vermont,2019-12-07,105
Vermont,2018-12-08,103
Vermont,2017-12-09,114
Vermont,2016-12-10,118
Vermont,2015-12-12,122
Vermont,2014-12-13,109
Vermont,2019-12-14,111
Vermont,2018-12-15,85
Vermont,2017-12-16,108
Vermont,2016-12-17,126
Vermont,2015-12-19,115
Vermont,2014-12-20,102
Vermont,2019-12-21,121
Vermont,2018-12-22,116
Vermont,2017-12-23,118
Vermont,2016-12-24,122
Vermont,2015-12-26,107
Vermont,2014-12-27,103
Vermont,2019-12-28,112
Vermont,2018-12-29,124
Vermont,2017-12-30,142
Vermont,2016-12-31,125
Vermont,2020-01-04,92
Vermont,2020-01-11,102
Vermont,2020-01-18,125
Vermont,2020-01-25,119
Vermont,2020-02-01,105
Vermont,2020-02-08,112
Vermont,2020-02-15,126
Vermont,2020-02-22,107
Vermont,2020-02-29,146
Vermont,2020-03-07,137
Vermont,2020-03-14,140
Vermont,2020-03-21,135
Vermont,2020-03-28,106
Vermont,2020-04-04,130
Vermont,2020-04-11,109
Vermont,2020-04-18,129
Vermont,2020-04-25,138
Vermont,2020-05-02,121
Vermont,2020-05-09,112
Vermont,2020-05-16,103
Vermont,2020-05-23,103
Vermont,2020-05-30,131
Vermont,2020-06-06,116
Vermont,2020-06-13,115
Vermont,2020-06-20,90
Vermont,2020-06-27,124
Vermont,2020-07-04,91
Vermont,2020-07-11,129
Vermont,2020-07-18,87
Vermont,2020-07-25,115
Vermont,2020-08-01,103
Vermont,2020-08-08,102
Vermont,2020-08-15,125
Vermont,2020-08-22,117
Vermont,2020-08-29,100
Vermont,2020-09-05,113
Vermont,2020-09-12,113
Vermont,2020-09-19,113
Vermont,2020-09-26,133
Vermont,2020-10-03,106
Vermont,2020-10-10,138
Vermont,2020-10-17,100
Vermont,2020-10-24,122
Vermont,2020-10-31,117
Vermont,2020-11-07,112
Vermont,2020-11-14,122
Vermont,2020-11-21,106
Vermont,2020-11-28,145
Vermont,2020-12-05,127
Vermont,2020-12-12,113
Vermont,2020-12-19,143
Vermont,2020-12-26,150
Vermont,2021-01-02,138
Vermont,2021-01-09,108
Vermont,2021-01-16,128
Vermont,2021-01-23,124
Vermont,2021-01-30,135
Vermont,2021-02-06,137
Vermont,2021-02-13,113
Vermont,2021-02-20,167
Vermont,2021-02-27,155
Vermont,2021-03-06,108
Vermont,2021-03-13,129
Vermont,2021-03-20,104
Vermont,2021-03-27,123
Vermont,2021-04-03,102
Vermont,2021-04-10,105
Vermont,2021-04-17,109
Vermont,2021-04-24,138
Vermont,2021-05-01,136
Vermont,2021-05-08,103
Vermont,2021-05-15,142
Vermont,2021-05-22,110
Vermont,2021-05-29,97
Vermont,2021-06-05,84
Vermont,2021-06-12,94
Vermont,2021-06-19,114
Vermont,2021-06-26,129
Vermont,2021-07-03,114
Vermont,2021-07-10,119
Vermont,2021-07-17,102
Vermont,2021-07-24,141
Vermont,2021-07-31,110
Vermont,2021-08-07,99
Virginia,2016-01-02,1253
Virginia,2015-01-03,1479
Virginia,2014-01-04,1284
Virginia,2019-01-05,1277
Virginia,2018-01-06,1604
Virginia,2017-01-07,1404
Virginia,2016-01-09,1295
Virginia,2015-01-10,1541
Virginia,2014-01-11,1353
Virginia,2019-01-12,1395
Virginia,2018-01-13,1547
Virginia,2017-01-14,1410
Virginia,2016-01-16,1336
Virginia,2015-01-17,1545
Virginia,2014-01-18,1262
Virginia,2019-01-19,1366
Virginia,2018-01-20,1514
Virginia,2017-01-21,1446
Virginia,2016-01-23,1321
Virginia,2015-01-24,1424
Virginia,2014-01-25,1312
Virginia,2019-01-26,1388
Virginia,2018-01-27,1429
Virginia,2017-01-28,1361
Virginia,2016-01-30,1335
Virginia,2015-01-31,1376
Virginia,2014-02-01,1352
Virginia,2019-02-02,1416
Virginia,2018-02-03,1454
Virginia,2017-02-04,1369
Virginia,2016-02-06,1279
Virginia,2015-02-07,1414
Virginia,2014-02-08,1278
Virginia,2019-02-09,1426
Virginia,2018-02-10,1496
Virginia,2017-02-11,1478
Virginia,2016-02-13,1257
Virginia,2015-02-14,1323
Virginia,2014-02-15,1290
Virginia,2019-02-16,1385
Virginia,2018-02-17,1425
Virginia,2017-02-18,1376
Virginia,2016-02-20,1333
Virginia,2015-02-21,1407
Virginia,2014-02-22,1221
Virginia,2019-02-23,1388
Virginia,2018-02-24,1366
Virginia,2017-02-25,1432
Virginia,2016-02-27,1383
Virginia,2015-02-28,1349
Virginia,2014-03-01,1210
Virginia,2019-03-02,1501
Virginia,2018-03-03,1340
Virginia,2017-03-04,1373
Virginia,2016-03-05,1348
Virginia,2015-03-07,1337
Virginia,2014-03-08,1310
Virginia,2019-03-09,1394
Virginia,2018-03-10,1293
Virginia,2017-03-11,1416
Virginia,2016-03-12,1451
Virginia,2015-03-14,1290
Virginia,2014-03-15,1250
Virginia,2019-03-16,1384
Virginia,2018-03-17,1303
Virginia,2017-03-18,1387
Virginia,2016-03-19,1295
Virginia,2015-03-21,1264
Virginia,2014-03-22,1200
Virginia,2019-03-23,1416
Virginia,2018-03-24,1393
Virginia,2017-03-25,1379
Virginia,2016-03-26,1267
Virginia,2015-03-28,1287
Virginia,2014-03-29,1241
Virginia,2019-03-30,1358
Virginia,2018-03-31,1340
Virginia,2017-04-01,1356
Virginia,2016-04-02,1235
Virginia,2015-04-04,1299
Virginia,2014-04-05,1203
Virginia,2019-04-06,1425
Virginia,2018-04-07,1337
Virginia,2017-04-08,1310
Virginia,2016-04-09,1202
Virginia,2015-04-11,1286
Virginia,2014-04-12,1148
Virginia,2019-04-13,1375
Virginia,2018-04-14,1298
Virginia,2017-04-15,1365
Virginia,2016-04-16,1212
Virginia,2015-04-18,1220
Virginia,2014-04-19,1224
Virginia,2019-04-20,1331
Virginia,2018-04-21,1301
Virginia,2017-04-22,1275
Virginia,2016-04-23,1292
Virginia,2015-04-25,1187
Virginia,2014-04-26,1180
Virginia,2019-04-27,1266
Virginia,2018-04-28,1304
Virginia,2017-04-29,1265
Virginia,2016-04-30,1204
Virginia,2015-05-02,1180
Virginia,2014-05-03,1182
Virginia,2019-05-04,1310
Virginia,2018-05-05,1239
Virginia,2017-05-06,1305
Virginia,2016-05-07,1331
Virginia,2015-05-09,1236
Virginia,2014-05-10,1218
Virginia,2019-05-11,1311
Virginia,2018-05-12,1233
Virginia,2017-05-13,1256
Virginia,2016-05-14,1219
Virginia,2015-05-16,1187
Virginia,2014-05-17,1147
Virginia,2019-05-18,1296
Virginia,2018-05-19,1206
Virginia,2017-05-20,1218
Virginia,2016-05-21,1285
Virginia,2015-05-23,1147
Virginia,2014-05-24,1183
Virginia,2019-05-25,1275
Virginia,2018-05-26,1190
Virginia,2017-05-27,1265
Virginia,2016-05-28,1189
Virginia,2015-05-30,1167
Virginia,2014-05-31,1107
Virginia,2019-06-01,1314
Virginia,2018-06-02,1217
Virginia,2017-06-03,1286
Virginia,2016-06-04,1193
Virginia,2015-06-06,1140
Virginia,2014-06-07,1118
Virginia,2019-06-08,1313
Virginia,2018-06-09,1229
Virginia,2017-06-10,1234
Virginia,2016-06-11,1204
Virginia,2015-06-13,1135
Virginia,2014-06-14,1165
Virginia,2019-06-15,1281
Virginia,2018-06-16,1281
Virginia,2017-06-17,1240
Virginia,2016-06-18,1202
Virginia,2015-06-20,1102
Virginia,2014-06-21,1136
Virginia,2019-06-22,1332
Virginia,2018-06-23,1164
Virginia,2017-06-24,1204
Virginia,2016-06-25,1177
Virginia,2015-06-27,1198
Virginia,2014-06-28,1145
Virginia,2019-06-29,1291
Virginia,2018-06-30,1189
Virginia,2017-07-01,1198
Virginia,2016-07-02,1164
Virginia,2015-07-04,1170
Virginia,2014-07-05,1136
Virginia,2019-07-06,1265
Virginia,2018-07-07,1239
Virginia,2017-07-08,1205
Virginia,2016-07-09,1207
Virginia,2015-07-11,1133
Virginia,2014-07-12,1130
Virginia,2019-07-13,1305
Virginia,2018-07-14,1245
Virginia,2017-07-15,1236
Virginia,2016-07-16,1216
Virginia,2015-07-18,1118
Virginia,2014-07-19,1137
Virginia,2019-07-20,1261
Virginia,2018-07-21,1224
Virginia,2017-07-22,1172
Virginia,2016-07-23,1147
Virginia,2015-07-25,1157
Virginia,2014-07-26,1118
Virginia,2019-07-27,1285
Virginia,2018-07-28,1189
Virginia,2017-07-29,1153
Virginia,2016-07-30,1198
Virginia,2015-08-01,1179
Virginia,2014-08-02,1104
Virginia,2019-08-03,1244
Virginia,2018-08-04,1224
Virginia,2017-08-05,1183
Virginia,2016-08-06,1199
Virginia,2015-08-08,1169
Virginia,2014-08-09,1177
Virginia,2019-08-10,1293
Virginia,2018-08-11,1267
Virginia,2017-08-12,1207
Virginia,2016-08-13,1237
Virginia,2015-08-15,1130
Virginia,2014-08-16,1108
Virginia,2019-08-17,1266
Virginia,2018-08-18,1239
Virginia,2017-08-19,1175
Virginia,2016-08-20,1188
Virginia,2015-08-22,1203
Virginia,2014-08-23,1103
Virginia,2019-08-24,1259
Virginia,2018-08-25,1214
Virginia,2017-08-26,1205
Virginia,2016-08-27,1151
Virginia,2015-08-29,1204
Virginia,2014-08-30,1065
Virginia,2019-08-31,1282
Virginia,2018-09-01,1189
Virginia,2017-09-02,1256
Virginia,2016-09-03,1152
Virginia,2015-09-05,1203
Virginia,2014-09-06,1072
Virginia,2019-09-07,1246
Virginia,2018-09-08,1268
Virginia,2017-09-09,1174
Virginia,2016-09-10,1155
Virginia,2015-09-12,1146
Virginia,2014-09-13,1157
Virginia,2019-09-14,1220
Virginia,2018-09-15,1221
Virginia,2017-09-16,1260
Virginia,2016-09-17,1146
Virginia,2015-09-19,1182
Virginia,2014-09-20,1136
Virginia,2019-09-21,1294
Virginia,2018-09-22,1264
Virginia,2017-09-23,1295
Virginia,2016-09-24,1159
Virginia,2015-09-26,1178
Virginia,2014-09-27,1172
Virginia,2019-09-28,1332
Virginia,2018-09-29,1241
Virginia,2017-09-30,1217
Virginia,2016-10-01,1179
Virginia,2015-10-03,1179
Virginia,2014-10-04,1122
Virginia,2019-10-05,1264
Virginia,2018-10-06,1277
Virginia,2017-10-07,1243
Virginia,2016-10-08,1236
Virginia,2015-10-10,1197
Virginia,2014-10-11,1166
Virginia,2019-10-12,1242
Virginia,2018-10-13,1317
Virginia,2017-10-14,1219
Virginia,2016-10-15,1301
Virginia,2015-10-17,1164
Virginia,2014-10-18,1199
Virginia,2019-10-19,1292
Virginia,2018-10-20,1347
Virginia,2017-10-21,1293
Virginia,2016-10-22,1278
Virginia,2015-10-24,1209
Virginia,2014-10-25,1179
Virginia,2019-10-26,1289
Virginia,2018-10-27,1343
Virginia,2017-10-28,1279
Virginia,2016-10-29,1263
Virginia,2015-10-31,1282
Virginia,2014-11-01,1184
Virginia,2019-11-02,1345
Virginia,2018-11-03,1344
Virginia,2017-11-04,1299
Virginia,2016-11-05,1171
Virginia,2015-11-07,1305
Virginia,2014-11-08,1233
Virginia,2019-11-09,1276
Virginia,2018-11-10,1287
Virginia,2017-11-11,1309
Virginia,2016-11-12,1333
Virginia,2015-11-14,1206
Virginia,2014-11-15,1292
Virginia,2019-11-16,1323
Virginia,2018-11-17,1361
Virginia,2017-11-18,1239
Virginia,2016-11-19,1313
Virginia,2015-11-21,1274
Virginia,2014-11-22,1280
Virginia,2019-11-23,1323
Virginia,2018-11-24,1328
Virginia,2017-11-25,1319
Virginia,2016-11-26,1313
Virginia,2015-11-28,1206
Virginia,2014-11-29,1237
Virginia,2019-11-30,1447
Virginia,2018-12-01,1337
Virginia,2017-12-02,1340
Virginia,2016-12-03,1309
Virginia,2015-12-05,1209
Virginia,2014-12-06,1303
Virginia,2019-12-07,1358
Virginia,2018-12-08,1344
Virginia,2017-12-09,1389
Virginia,2016-12-10,1285
Virginia,2015-12-12,1241
Virginia,2014-12-13,1269
Virginia,2019-12-14,1409
Virginia,2018-12-15,1398
Virginia,2017-12-16,1382
Virginia,2016-12-17,1302
Virginia,2015-12-19,1235
Virginia,2014-12-20,1285
Virginia,2019-12-21,1421
Virginia,2018-12-22,1468
Virginia,2017-12-23,1389
Virginia,2016-12-24,1323
Virginia,2015-12-26,1234
Virginia,2014-12-27,1317
Virginia,2019-12-28,1416
Virginia,2018-12-29,1362
Virginia,2017-12-30,1430
Virginia,2016-12-31,1394
Virginia,2020-01-04,1438
Virginia,2020-01-11,1562
Virginia,2020-01-18,1466
Virginia,2020-01-25,1459
Virginia,2020-02-01,1479
Virginia,2020-02-08,1524
Virginia,2020-02-15,1377
Virginia,2020-02-22,1444
Virginia,2020-02-29,1388
Virginia,2020-03-07,1480
Virginia,2020-03-14,1435
Virginia,2020-03-21,1455
Virginia,2020-03-28,1517
Virginia,2020-04-04,1467
Virginia,2020-04-11,1619
Virginia,2020-04-18,1602
Virginia,2020-04-25,1633
Virginia,2020-05-02,1669
Virginia,2020-05-09,1593
Virginia,2020-05-16,1565
Virginia,2020-05-23,1464
Virginia,2020-05-30,1443
Virginia,2020-06-06,1410
Virginia,2020-06-13,1422
Virginia,2020-06-20,1292
Virginia,2020-06-27,1456
Virginia,2020-07-04,1394
Virginia,2020-07-11,1488
Virginia,2020-07-18,1390
Virginia,2020-07-25,1463
Virginia,2020-08-01,1455
Virginia,2020-08-08,1513
Virginia,2020-08-15,1457
Virginia,2020-08-22,1454
Virginia,2020-08-29,1458
Virginia,2020-09-05,1486
Virginia,2020-09-12,1469
Virginia,2020-09-19,1459
Virginia,2020-09-26,1484
Virginia,2020-10-03,1516
Virginia,2020-10-10,1478
Virginia,2020-10-17,1448
Virginia,2020-10-24,1496
Virginia,2020-10-31,1546
Virginia,2020-11-07,1652
Virginia,2020-11-14,1513
Virginia,2020-11-21,1614
Virginia,2020-11-28,1595
Virginia,2020-12-05,1629
Virginia,2020-12-12,1795
Virginia,2020-12-19,1868
Virginia,2020-12-26,1901
Virginia,2021-01-02,2016
Virginia,2021-01-09,2015
Virginia,2021-01-16,2066
Virginia,2021-01-23,2123
Virginia,2021-01-30,1957
Virginia,2021-02-06,2002
Virginia,2021-02-13,1799
Virginia,2021-02-20,1738
Virginia,2021-02-27,1710
Virginia,2021-03-06,1589
Virginia,2021-03-13,1549
Virginia,2021-03-20,1523
Virginia,2021-03-27,1530
Virginia,2021-04-03,1366
Virginia,2021-04-10,1573
Virginia,2021-04-17,1429
Virginia,2021-04-24,1486
Virginia,2021-05-01,1490
Virginia,2021-05-08,1481
Virginia,2021-05-15,1465
Virginia,2021-05-22,1392
Virginia,2021-05-29,1423
Virginia,2021-06-05,1417
Virginia,2021-06-12,1375
Virginia,2021-06-19,1322
Virginia,2021-06-26,1354
Virginia,2021-07-03,1400
Virginia,2021-07-10,1341
Virginia,2021-07-17,1381
Virginia,2021-07-24,1291
Virginia,2021-07-31,1242
Virginia,2021-08-07,865
Washington,2016-01-02,1078
Washington,2015-01-03,1153
Washington,2014-01-04,1056
Washington,2019-01-05,1212
Washington,2018-01-06,1218
Washington,2017-01-07,1314
Washington,2016-01-09,1152
Washington,2015-01-10,1208
Washington,2014-01-11,1089
Washington,2019-01-12,1234
Washington,2018-01-13,1299
Washington,2017-01-14,1377
Washington,2016-01-16,1092
Washington,2015-01-17,1182
Washington,2014-01-18,1074
Washington,2019-01-19,1166
Washington,2018-01-20,1203
Washington,2017-01-21,1400
Washington,2016-01-23,1154
Washington,2015-01-24,1127
Washington,2014-01-25,1035
Washington,2019-01-26,1129
Washington,2018-01-27,1211
Washington,2017-01-28,1338
Washington,2016-01-30,1092
Washington,2015-01-31,1078
Washington,2014-02-01,1037
Washington,2019-02-02,1131
Washington,2018-02-03,1147
Washington,2017-02-04,1250
Washington,2016-02-06,1085
Washington,2015-02-07,1126
Washington,2014-02-08,1028
Washington,2019-02-09,1185
Washington,2018-02-10,1145
Washington,2017-02-11,1224
Washington,2016-02-13,1067
Washington,2015-02-14,1085
Washington,2014-02-15,1065
Washington,2019-02-16,1267
Washington,2018-02-17,1126
Washington,2017-02-18,1243
Washington,2016-02-20,1116
Washington,2015-02-21,1072
Washington,2014-02-22,1041
Washington,2019-02-23,1221
Washington,2018-02-24,1119
Washington,2017-02-25,1172
Washington,2016-02-27,1148
Washington,2015-02-28,1032
Washington,2014-03-01,1082
Washington,2019-03-02,1150
Washington,2018-03-03,1220
Washington,2017-03-04,1153
Washington,2016-03-05,1086
Washington,2015-03-07,1097
Washington,2014-03-08,1102
Washington,2019-03-09,1206
Washington,2018-03-10,1130
Washington,2017-03-11,1119
Washington,2016-03-12,1120
Washington,2015-03-14,1113
Washington,2014-03-15,999
Washington,2019-03-16,1219
Washington,2018-03-17,1166
Washington,2017-03-18,1096
Washington,2016-03-19,1098
Washington,2015-03-21,1028
Washington,2014-03-22,989
Washington,2019-03-23,1243
Washington,2018-03-24,1185
Washington,2017-03-25,1129
Washington,2016-03-26,1107
Washington,2015-03-28,1131
Washington,2014-03-29,1028
Washington,2019-03-30,1129
Washington,2018-03-31,1096
Washington,2017-04-01,1085
Washington,2016-04-02,1095
Washington,2015-04-04,1030
Washington,2014-04-05,999
Washington,2019-04-06,1188
Washington,2018-04-07,1166
Washington,2017-04-08,1087
Washington,2016-04-09,1038
Washington,2015-04-11,1028
Washington,2014-04-12,963
Washington,2019-04-13,1144
Washington,2018-04-14,1153
Washington,2017-04-15,1060
Washington,2016-04-16,1060
Washington,2015-04-18,994
Washington,2014-04-19,1019
Washington,2019-04-20,1141
Washington,2018-04-21,1058
Washington,2017-04-22,1025
Washington,2016-04-23,1084
Washington,2015-04-25,1081
Washington,2014-04-26,999
Washington,2019-04-27,1035
Washington,2018-04-28,1057
Washington,2017-04-29,999
Washington,2016-04-30,1000
Washington,2015-05-02,1045
Washington,2014-05-03,979
Washington,2019-05-04,1122
Washington,2018-05-05,1049
Washington,2017-05-06,1088
Washington,2016-05-07,1083
Washington,2015-05-09,1092
Washington,2014-05-10,972
Washington,2019-05-11,1174
Washington,2018-05-12,1056
Washington,2017-05-13,1003
Washington,2016-05-14,1019
Washington,2015-05-16,1092
Washington,2014-05-17,930
Washington,2019-05-18,1139
Washington,2018-05-19,1063
Washington,2017-05-20,1070
Washington,2016-05-21,1048
Washington,2015-05-23,980
Washington,2014-05-24,949
Washington,2019-05-25,1079
Washington,2018-05-26,962
Washington,2017-05-27,985
Washington,2016-05-28,985
Washington,2015-05-30,997
Washington,2014-05-31,972
Washington,2019-06-01,1050
Washington,2018-06-02,1041
Washington,2017-06-03,1057
Washington,2016-06-04,1039
Washington,2015-06-06,1043
Washington,2014-06-07,968
Washington,2019-06-08,1075
Washington,2018-06-09,1071
Washington,2017-06-10,1029
Washington,2016-06-11,992
Washington,2015-06-13,1019
Washington,2014-06-14,979
Washington,2019-06-15,1113
Washington,2018-06-16,1045
Washington,2017-06-17,923
Washington,2016-06-18,965
Washington,2015-06-20,1031
Washington,2014-06-21,940
Washington,2019-06-22,1036
Washington,2018-06-23,1088
Washington,2017-06-24,957
Washington,2016-06-25,982
Washington,2015-06-27,987
Washington,2014-06-28,929
Washington,2019-06-29,1061
Washington,2018-06-30,1016
Washington,2017-07-01,1044
Washington,2016-07-02,1002
Washington,2015-07-04,1003
Washington,2014-07-05,957
Washington,2019-07-06,1009
Washington,2018-07-07,1136
Washington,2017-07-08,1042
Washington,2016-07-09,975
Washington,2015-07-11,1017
Washington,2014-07-12,918
Washington,2019-07-13,1107
Washington,2018-07-14,1114
Washington,2017-07-15,978
Washington,2016-07-16,961
Washington,2015-07-18,1003
Washington,2014-07-19,905
Washington,2019-07-20,1074
Washington,2018-07-21,1026
Washington,2017-07-22,1003
Washington,2016-07-23,976
Washington,2015-07-25,1005
Washington,2014-07-26,942
Washington,2019-07-27,1044
Washington,2018-07-28,1006
Washington,2017-07-29,998
Washington,2016-07-30,1066
Washington,2015-08-01,959
Washington,2014-08-02,959
Washington,2019-08-03,1058
Washington,2018-08-04,999
Washington,2017-08-05,1043
Washington,2016-08-06,958
Washington,2015-08-08,993
Washington,2014-08-09,974
Washington,2019-08-10,1044
Washington,2018-08-11,1026
Washington,2017-08-12,1042
Washington,2016-08-13,952
Washington,2015-08-15,925
Washington,2014-08-16,942
Washington,2019-08-17,1048
Washington,2018-08-18,1046
Washington,2017-08-19,1006
Washington,2016-08-20,976
Washington,2015-08-22,986
Washington,2014-08-23,909
Washington,2019-08-24,1005
Washington,2018-08-25,954
Washington,2017-08-26,1037
Washington,2016-08-27,957
Washington,2015-08-29,986
Washington,2014-08-30,1008
Washington,2019-08-31,1001
Washington,2018-09-01,1033
Washington,2017-09-02,1026
Washington,2016-09-03,998
Washington,2015-09-05,1011
Washington,2014-09-06,929
Washington,2019-09-07,1071
Washington,2018-09-08,1080
Washington,2017-09-09,994
Washington,2016-09-10,989
Washington,2015-09-12,1053
Washington,2014-09-13,934
Washington,2019-09-14,991
Washington,2018-09-15,1014
Washington,2017-09-16,1006
Washington,2016-09-17,1017
Washington,2015-09-19,991
Washington,2014-09-20,983
Washington,2019-09-21,1032
Washington,2018-09-22,1010
Washington,2017-09-23,1035
Washington,2016-09-24,996
Washington,2015-09-26,980
Washington,2014-09-27,926
Washington,2019-09-28,1038
Washington,2018-09-29,946
Washington,2017-09-30,1080
Washington,2016-10-01,1021
Washington,2015-10-03,1012
Washington,2014-10-04,912
Washington,2019-10-05,1067
Washington,2018-10-06,1029
Washington,2017-10-07,1048
Washington,2016-10-08,1004
Washington,2015-10-10,992
Washington,2014-10-11,1004
Washington,2019-10-12,1109
Washington,2018-10-13,1129
Washington,2017-10-14,1028
Washington,2016-10-15,1066
Washington,2015-10-17,984
Washington,2014-10-18,1031
Washington,2019-10-19,1084
Washington,2018-10-20,1099
Washington,2017-10-21,1008
Washington,2016-10-22,1069
Washington,2015-10-24,1023
Washington,2014-10-25,951
Washington,2019-10-26,1162
Washington,2018-10-27,1085
Washington,2017-10-28,1090
Washington,2016-10-29,989
Washington,2015-10-31,1053
Washington,2014-11-01,1013
Washington,2019-11-02,1146
Washington,2018-11-03,1087
Washington,2017-11-04,1085
Washington,2016-11-05,1025
Washington,2015-11-07,1016
Washington,2014-11-08,995
Washington,2019-11-09,1127
Washington,2018-11-10,1071
Washington,2017-11-11,1090
Washington,2016-11-12,984
Washington,2015-11-14,1053
Washington,2014-11-15,1010
Washington,2019-11-16,1114
Washington,2018-11-17,1111
Washington,2017-11-18,1064
Washington,2016-11-19,1073
Washington,2015-11-21,1015
Washington,2014-11-22,1063
Washington,2019-11-23,1070
Washington,2018-11-24,1089
Washington,2017-11-25,1104
Washington,2016-11-26,1004
Washington,2015-11-28,1069
Washington,2014-11-29,1055
Washington,2019-11-30,1088
Washington,2018-12-01,1079
Washington,2017-12-02,1138
Washington,2016-12-03,1000
Washington,2015-12-05,1127
Washington,2014-12-06,1029
Washington,2019-12-07,1154
Washington,2018-12-08,1081
Washington,2017-12-09,1039
Washington,2016-12-10,1109
Washington,2015-12-12,1141
Washington,2014-12-13,1075
Washington,2019-12-14,1139
Washington,2018-12-15,1138
Washington,2017-12-16,1151
Washington,2016-12-17,1113
Washington,2015-12-19,1050
Washington,2014-12-20,1072
Washington,2019-12-21,1179
Washington,2018-12-22,1104
Washington,2017-12-23,1151
Washington,2016-12-24,1187
Washington,2015-12-26,1085
Washington,2014-12-27,1066
Washington,2019-12-28,1112
Washington,2018-12-29,1109
Washington,2017-12-30,1213
Washington,2016-12-31,1213
Washington,2020-01-04,1183
Washington,2020-01-11,1246
Washington,2020-01-18,1221
Washington,2020-01-25,1192
Washington,2020-02-01,1200
Washington,2020-02-08,1180
Washington,2020-02-15,1179
Washington,2020-02-22,1115
Washington,2020-02-29,1135
Washington,2020-03-07,1208
Washington,2020-03-14,1165
Washington,2020-03-21,1224
Washington,2020-03-28,1294
Washington,2020-04-04,1305
Washington,2020-04-11,1304
Washington,2020-04-18,1251
Washington,2020-04-25,1231
Washington,2020-05-02,1157
Washington,2020-05-09,1211
Washington,2020-05-16,1138
Washington,2020-05-23,1114
Washington,2020-05-30,1058
Washington,2020-06-06,1055
Washington,2020-06-13,1101
Washington,2020-06-20,1133
Washington,2020-06-27,1084
Washington,2020-07-04,1126
Washington,2020-07-11,1162
Washington,2020-07-18,1180
Washington,2020-07-25,1180
Washington,2020-08-01,1229
Washington,2020-08-08,1234
Washington,2020-08-15,1174
Washington,2020-08-22,1199
Washington,2020-08-29,1118
Washington,2020-09-05,1240
Washington,2020-09-12,1146
Washington,2020-09-19,1178
Washington,2020-09-26,1168
Washington,2020-10-03,1143
Washington,2020-10-10,1162
Washington,2020-10-17,1149
Washington,2020-10-24,1195
Washington,2020-10-31,1194
Washington,2020-11-07,1274
Washington,2020-11-14,1313
Washington,2020-11-21,1325
Washington,2020-11-28,1246
Washington,2020-12-05,1354
Washington,2020-12-12,1412
Washington,2020-12-19,1381
Washington,2020-12-26,1392
Washington,2021-01-02,1348
Washington,2021-01-09,1427
Washington,2021-01-16,1393
Washington,2021-01-23,1306
Washington,2021-01-30,1330
Washington,2021-02-06,1343
Washington,2021-02-13,1235
Washington,2021-02-20,1253
Washington,2021-02-27,1233
Washington,2021-03-06,1241
Washington,2021-03-13,1192
Washington,2021-03-20,1165
Washington,2021-03-27,1210
Washington,2021-04-03,1178
Washington,2021-04-10,1212
Washington,2021-04-17,1193
Washington,2021-04-24,1201
Washington,2021-05-01,1221
Washington,2021-05-08,1204
Washington,2021-05-15,1180
Washington,2021-05-22,1145
Washington,2021-05-29,1191
Washington,2021-06-05,1235
Washington,2021-06-12,1248
Washington,2021-06-19,1146
Washington,2021-06-26,1250
Washington,2021-07-03,1559
Washington,2021-07-10,1268
Washington,2021-07-17,1193
Washington,2021-07-24,1174
Washington,2021-07-31,993
Washington,2021-08-07,615
West Virginia,2016-01-02,410
West Virginia,2015-01-03,488
West Virginia,2014-01-04,449
West Virginia,2019-01-05,470
West Virginia,2018-01-06,603
West Virginia,2017-01-07,474
West Virginia,2016-01-09,433
West Virginia,2015-01-10,533
West Virginia,2014-01-11,473
West Virginia,2019-01-12,468
West Virginia,2018-01-13,584
West Virginia,2017-01-14,513
West Virginia,2016-01-16,427
West Virginia,2015-01-17,498
West Virginia,2014-01-18,432
West Virginia,2019-01-19,487
West Virginia,2018-01-20,569
West Virginia,2017-01-21,483
West Virginia,2016-01-23,468
West Virginia,2015-01-24,481
West Virginia,2014-01-25,467
West Virginia,2019-01-26,494
West Virginia,2018-01-27,475
West Virginia,2017-01-28,458
West Virginia,2016-01-30,440
West Virginia,2015-01-31,443
West Virginia,2014-02-01,452
West Virginia,2019-02-02,463
West Virginia,2018-02-03,473
West Virginia,2017-02-04,478
West Virginia,2016-02-06,420
West Virginia,2015-02-07,507
West Virginia,2014-02-08,464
West Virginia,2019-02-09,436
West Virginia,2018-02-10,499
West Virginia,2017-02-11,460
West Virginia,2016-02-13,406
West Virginia,2015-02-14,469
West Virginia,2014-02-15,459
West Virginia,2019-02-16,488
West Virginia,2018-02-17,449
West Virginia,2017-02-18,461
West Virginia,2016-02-20,428
West Virginia,2015-02-21,498
West Virginia,2014-02-22,448
West Virginia,2019-02-23,409
West Virginia,2018-02-24,425
West Virginia,2017-02-25,466
West Virginia,2016-02-27,471
West Virginia,2015-02-28,424
West Virginia,2014-03-01,443
West Virginia,2019-03-02,488
West Virginia,2018-03-03,440
West Virginia,2017-03-04,426
West Virginia,2016-03-05,406
West Virginia,2015-03-07,460
West Virginia,2014-03-08,446
West Virginia,2019-03-09,453
West Virginia,2018-03-10,466
West Virginia,2017-03-11,437
West Virginia,2016-03-12,456
West Virginia,2015-03-14,423
West Virginia,2014-03-15,429
West Virginia,2019-03-16,454
West Virginia,2018-03-17,458
West Virginia,2017-03-18,462
West Virginia,2016-03-19,428
West Virginia,2015-03-21,437
West Virginia,2014-03-22,390
West Virginia,2019-03-23,469
West Virginia,2018-03-24,471
West Virginia,2017-03-25,480
West Virginia,2016-03-26,398
West Virginia,2015-03-28,426
West Virginia,2014-03-29,421
West Virginia,2019-03-30,494
West Virginia,2018-03-31,448
West Virginia,2017-04-01,481
West Virginia,2016-04-02,447
West Virginia,2015-04-04,435
West Virginia,2014-04-05,373
West Virginia,2019-04-06,467
West Virginia,2018-04-07,443
West Virginia,2017-04-08,468
West Virginia,2016-04-09,439
West Virginia,2015-04-11,433
West Virginia,2014-04-12,427
West Virginia,2019-04-13,451
West Virginia,2018-04-14,460
West Virginia,2017-04-15,481
West Virginia,2016-04-16,450
West Virginia,2015-04-18,448
West Virginia,2014-04-19,390
West Virginia,2019-04-20,451
West Virginia,2018-04-21,433
West Virginia,2017-04-22,422
West Virginia,2016-04-23,403
West Virginia,2015-04-25,422
West Virginia,2014-04-26,386
West Virginia,2019-04-27,430
West Virginia,2018-04-28,427
West Virginia,2017-04-29,398
West Virginia,2016-04-30,401
West Virginia,2015-05-02,442
West Virginia,2014-05-03,387
West Virginia,2019-05-04,437
West Virginia,2018-05-05,459
West Virginia,2017-05-06,424
West Virginia,2016-05-07,390
West Virginia,2015-05-09,437
West Virginia,2014-05-10,384
West Virginia,2019-05-11,439
West Virginia,2018-05-12,399
West Virginia,2017-05-13,402
West Virginia,2016-05-14,424
West Virginia,2015-05-16,420
West Virginia,2014-05-17,381
West Virginia,2019-05-18,414
West Virginia,2018-05-19,436
West Virginia,2017-05-20,392
West Virginia,2016-05-21,406
West Virginia,2015-05-23,381
West Virginia,2014-05-24,393
West Virginia,2019-05-25,446
West Virginia,2018-05-26,395
West Virginia,2017-05-27,373
West Virginia,2016-05-28,415
West Virginia,2015-05-30,395
West Virginia,2014-05-31,357
West Virginia,2019-06-01,454
West Virginia,2018-06-02,441
West Virginia,2017-06-03,407
West Virginia,2016-06-04,406
West Virginia,2015-06-06,375
West Virginia,2014-06-07,401
West Virginia,2019-06-08,406
West Virginia,2018-06-09,431
West Virginia,2017-06-10,411
West Virginia,2016-06-11,406
West Virginia,2015-06-13,422
West Virginia,2014-06-14,414
West Virginia,2019-06-15,441
West Virginia,2018-06-16,416
West Virginia,2017-06-17,387
West Virginia,2016-06-18,413
West Virginia,2015-06-20,380
West Virginia,2014-06-21,377
West Virginia,2019-06-22,415
West Virginia,2018-06-23,405
West Virginia,2017-06-24,401
West Virginia,2016-06-25,426
West Virginia,2015-06-27,392
West Virginia,2014-06-28,418
West Virginia,2019-06-29,455
West Virginia,2018-06-30,415
West Virginia,2017-07-01,383
West Virginia,2016-07-02,389
West Virginia,2015-07-04,389
West Virginia,2014-07-05,357
West Virginia,2019-07-06,402
West Virginia,2018-07-07,429
West Virginia,2017-07-08,411
West Virginia,2016-07-09,431
West Virginia,2015-07-11,420
West Virginia,2014-07-12,386
West Virginia,2019-07-13,401
West Virginia,2018-07-14,407
West Virginia,2017-07-15,401
West Virginia,2016-07-16,398
West Virginia,2015-07-18,415
West Virginia,2014-07-19,370
West Virginia,2019-07-20,368
West Virginia,2018-07-21,395
West Virginia,2017-07-22,375
West Virginia,2016-07-23,403
West Virginia,2015-07-25,388
West Virginia,2014-07-26,397
West Virginia,2019-07-27,442
West Virginia,2018-07-28,408
West Virginia,2017-07-29,394
West Virginia,2016-07-30,415
West Virginia,2015-08-01,400
West Virginia,2014-08-02,393
West Virginia,2019-08-03,423
West Virginia,2018-08-04,365
West Virginia,2017-08-05,367
West Virginia,2016-08-06,359
West Virginia,2015-08-08,420
West Virginia,2014-08-09,418
West Virginia,2019-08-10,383
West Virginia,2018-08-11,403
West Virginia,2017-08-12,359
West Virginia,2016-08-13,383
West Virginia,2015-08-15,393
West Virginia,2014-08-16,375
West Virginia,2019-08-17,411
West Virginia,2018-08-18,389
West Virginia,2017-08-19,443
West Virginia,2016-08-20,396
West Virginia,2015-08-22,404
West Virginia,2014-08-23,377
West Virginia,2019-08-24,393
West Virginia,2018-08-25,379
West Virginia,2017-08-26,424
West Virginia,2016-08-27,379
West Virginia,2015-08-29,366
West Virginia,2014-08-30,369
West Virginia,2019-08-31,387
West Virginia,2018-09-01,411
West Virginia,2017-09-02,396
West Virginia,2016-09-03,419
West Virginia,2015-09-05,399
West Virginia,2014-09-06,411
West Virginia,2019-09-07,420
West Virginia,2018-09-08,428
West Virginia,2017-09-09,404
West Virginia,2016-09-10,420
West Virginia,2015-09-12,391
West Virginia,2014-09-13,380
West Virginia,2019-09-14,447
West Virginia,2018-09-15,424
West Virginia,2017-09-16,394
West Virginia,2016-09-17,401
West Virginia,2015-09-19,384
West Virginia,2014-09-20,391
West Virginia,2019-09-21,398
West Virginia,2018-09-22,421
West Virginia,2017-09-23,393
West Virginia,2016-09-24,434
West Virginia,2015-09-26,431
West Virginia,2014-09-27,430
West Virginia,2019-09-28,422
West Virginia,2018-09-29,405
West Virginia,2017-09-30,399
West Virginia,2016-10-01,396
West Virginia,2015-10-03,423
West Virginia,2014-10-04,392
West Virginia,2019-10-05,437
West Virginia,2018-10-06,424
West Virginia,2017-10-07,439
West Virginia,2016-10-08,432
West Virginia,2015-10-10,401
West Virginia,2014-10-11,428
West Virginia,2019-10-12,440
West Virginia,2018-10-13,422
West Virginia,2017-10-14,451
West Virginia,2016-10-15,418
West Virginia,2015-10-17,435
West Virginia,2014-10-18,407
West Virginia,2019-10-19,469
West Virginia,2018-10-20,412
West Virginia,2017-10-21,417
West Virginia,2016-10-22,414
West Virginia,2015-10-24,415
West Virginia,2014-10-25,434
West Virginia,2019-10-26,412
West Virginia,2018-10-27,448
West Virginia,2017-10-28,437
West Virginia,2016-10-29,424
West Virginia,2015-10-31,416
West Virginia,2014-11-01,383
West Virginia,2019-11-02,445
West Virginia,2018-11-03,456
West Virginia,2017-11-04,430
West Virginia,2016-11-05,436
West Virginia,2015-11-07,390
West Virginia,2014-11-08,416
West Virginia,2019-11-09,445
West Virginia,2018-11-10,442
West Virginia,2017-11-11,473
West Virginia,2016-11-12,430
West Virginia,2015-11-14,452
West Virginia,2014-11-15,483
West Virginia,2019-11-16,413
West Virginia,2018-11-17,408
West Virginia,2017-11-18,460
West Virginia,2016-11-19,408
West Virginia,2015-11-21,388
West Virginia,2014-11-22,480
West Virginia,2019-11-23,461
West Virginia,2018-11-24,424
West Virginia,2017-11-25,431
West Virginia,2016-11-26,438
West Virginia,2015-11-28,410
West Virginia,2014-11-29,382
West Virginia,2019-11-30,418
West Virginia,2018-12-01,432
West Virginia,2017-12-02,419
West Virginia,2016-12-03,436
West Virginia,2015-12-05,418
West Virginia,2014-12-06,421
West Virginia,2019-12-07,458
West Virginia,2018-12-08,457
West Virginia,2017-12-09,464
West Virginia,2016-12-10,459
West Virginia,2015-12-12,453
West Virginia,2014-12-13,423
West Virginia,2019-12-14,461
West Virginia,2018-12-15,448
West Virginia,2017-12-16,491
West Virginia,2016-12-17,464
West Virginia,2015-12-19,449
West Virginia,2014-12-20,489
West Virginia,2019-12-21,468
West Virginia,2018-12-22,428
West Virginia,2017-12-23,490
West Virginia,2016-12-24,416
West Virginia,2015-12-26,430
West Virginia,2014-12-27,440
West Virginia,2019-12-28,414
West Virginia,2018-12-29,458
West Virginia,2017-12-30,490
West Virginia,2016-12-31,458
West Virginia,2020-01-04,474
West Virginia,2020-01-11,494
West Virginia,2020-01-18,520
West Virginia,2020-01-25,442
West Virginia,2020-02-01,482
West Virginia,2020-02-08,482
West Virginia,2020-02-15,478
West Virginia,2020-02-22,467
West Virginia,2020-02-29,460
West Virginia,2020-03-07,483
West Virginia,2020-03-14,475
West Virginia,2020-03-21,470
West Virginia,2020-03-28,491
West Virginia,2020-04-04,467
West Virginia,2020-04-11,523
West Virginia,2020-04-18,419
West Virginia,2020-04-25,460
West Virginia,2020-05-02,482
West Virginia,2020-05-09,449
West Virginia,2020-05-16,477
West Virginia,2020-05-23,440
West Virginia,2020-05-30,412
West Virginia,2020-06-06,409
West Virginia,2020-06-13,458
West Virginia,2020-06-20,419
West Virginia,2020-06-27,464
West Virginia,2020-07-04,425
West Virginia,2020-07-11,436
West Virginia,2020-07-18,426
West Virginia,2020-07-25,501
West Virginia,2020-08-01,474
West Virginia,2020-08-08,494
West Virginia,2020-08-15,462
West Virginia,2020-08-22,497
West Virginia,2020-08-29,442
West Virginia,2020-09-05,460
West Virginia,2020-09-12,468
West Virginia,2020-09-19,484
West Virginia,2020-09-26,495
West Virginia,2020-10-03,424
West Virginia,2020-10-10,500
West Virginia,2020-10-17,455
West Virginia,2020-10-24,471
West Virginia,2020-10-31,485
West Virginia,2020-11-07,531
West Virginia,2020-11-14,554
West Virginia,2020-11-21,524
West Virginia,2020-11-28,570
West Virginia,2020-12-05,637
West Virginia,2020-12-12,647
West Virginia,2020-12-19,695
West Virginia,2020-12-26,669
West Virginia,2021-01-02,729
West Virginia,2021-01-09,719
West Virginia,2021-01-16,677
West Virginia,2021-01-23,607
West Virginia,2021-01-30,621
West Virginia,2021-02-06,585
West Virginia,2021-02-13,573
West Virginia,2021-02-20,508
West Virginia,2021-02-27,486
West Virginia,2021-03-06,501
West Virginia,2021-03-13,481
West Virginia,2021-03-20,497
West Virginia,2021-03-27,507
West Virginia,2021-04-03,465
West Virginia,2021-04-10,474
West Virginia,2021-04-17,485
West Virginia,2021-04-24,426
West Virginia,2021-05-01,477
West Virginia,2021-05-08,382
West Virginia,2021-05-15,246
West Virginia,2021-05-22,159
West Virginia,2021-05-29,30
West Virginia,2021-06-05,28
West Virginia,2021-06-12,14
West Virginia,2021-06-19,12
West Virginia,2021-07-31,10
Wisconsin,2016-01-02,995
Wisconsin,2015-01-03,1153
Wisconsin,2014-01-04,1003
Wisconsin,2019-01-05,1115
Wisconsin,2018-01-06,1227
Wisconsin,2017-01-07,1083
Wisconsin,2016-01-09,1033
Wisconsin,2015-01-10,1208
Wisconsin,2014-01-11,1015
Wisconsin,2019-01-12,1055
Wisconsin,2018-01-13,1164
Wisconsin,2017-01-14,1092
Wisconsin,2016-01-16,1041
Wisconsin,2015-01-17,1174
Wisconsin,2014-01-18,1031
Wisconsin,2019-01-19,1088
Wisconsin,2018-01-20,1255
Wisconsin,2017-01-21,1096
Wisconsin,2016-01-23,1018
Wisconsin,2015-01-24,1099
Wisconsin,2014-01-25,982
Wisconsin,2019-01-26,1101
Wisconsin,2018-01-27,1152
Wisconsin,2017-01-28,1111
Wisconsin,2016-01-30,1054
Wisconsin,2015-01-31,1016
Wisconsin,2014-02-01,1015
Wisconsin,2019-02-02,1144
Wisconsin,2018-02-03,1110
Wisconsin,2017-02-04,1097
Wisconsin,2016-02-06,1039
Wisconsin,2015-02-07,1023
Wisconsin,2014-02-08,975
Wisconsin,2019-02-09,1033
Wisconsin,2018-02-10,1176
Wisconsin,2017-02-11,1126
Wisconsin,2016-02-13,1013
Wisconsin,2015-02-14,1053
Wisconsin,2014-02-15,988
Wisconsin,2019-02-16,1078
Wisconsin,2018-02-17,1099
Wisconsin,2017-02-18,1071
Wisconsin,2016-02-20,1094
Wisconsin,2015-02-21,1025
Wisconsin,2014-02-22,1044
Wisconsin,2019-02-23,1014
Wisconsin,2018-02-24,1056
Wisconsin,2017-02-25,1024
Wisconsin,2016-02-27,1014
Wisconsin,2015-02-28,1013
Wisconsin,2014-03-01,959
Wisconsin,2019-03-02,1031
Wisconsin,2018-03-03,1063
Wisconsin,2017-03-04,1028
Wisconsin,2016-03-05,1068
Wisconsin,2015-03-07,1017
Wisconsin,2014-03-08,956
Wisconsin,2019-03-09,1089
Wisconsin,2018-03-10,1043
Wisconsin,2017-03-11,1037
Wisconsin,2016-03-12,1067
Wisconsin,2015-03-14,1078
Wisconsin,2014-03-15,1027
Wisconsin,2019-03-16,1076
Wisconsin,2018-03-17,1033
Wisconsin,2017-03-18,1044
Wisconsin,2016-03-19,1043
Wisconsin,2015-03-21,1069
Wisconsin,2014-03-22,970
Wisconsin,2019-03-23,1061
Wisconsin,2018-03-24,1087
Wisconsin,2017-03-25,1081
Wisconsin,2016-03-26,1054
Wisconsin,2015-03-28,1044
Wisconsin,2014-03-29,962
Wisconsin,2019-03-30,1000
Wisconsin,2018-03-31,1055
Wisconsin,2017-04-01,1029
Wisconsin,2016-04-02,1058
Wisconsin,2015-04-04,1029
Wisconsin,2014-04-05,939
Wisconsin,2019-04-06,1055
Wisconsin,2018-04-07,1034
Wisconsin,2017-04-08,1064
Wisconsin,2016-04-09,1003
Wisconsin,2015-04-11,1042
Wisconsin,2014-04-12,973
Wisconsin,2019-04-13,1050
Wisconsin,2018-04-14,1057
Wisconsin,2017-04-15,1030
Wisconsin,2016-04-16,1038
Wisconsin,2015-04-18,1068
Wisconsin,2014-04-19,967
Wisconsin,2019-04-20,997
Wisconsin,2018-04-21,1068
Wisconsin,2017-04-22,949
Wisconsin,2016-04-23,996
Wisconsin,2015-04-25,992
Wisconsin,2014-04-26,935
Wisconsin,2019-04-27,1027
Wisconsin,2018-04-28,1009
Wisconsin,2017-04-29,963
Wisconsin,2016-04-30,968
Wisconsin,2015-05-02,966
Wisconsin,2014-05-03,969
Wisconsin,2019-05-04,1002
Wisconsin,2018-05-05,1037
Wisconsin,2017-05-06,973
Wisconsin,2016-05-07,966
Wisconsin,2015-05-09,973
Wisconsin,2014-05-10,969
Wisconsin,2019-05-11,1043
Wisconsin,2018-05-12,1041
Wisconsin,2017-05-13,1012
Wisconsin,2016-05-14,950
Wisconsin,2015-05-16,872
Wisconsin,2014-05-17,927
Wisconsin,2019-05-18,1011
Wisconsin,2018-05-19,958
Wisconsin,2017-05-20,957
Wisconsin,2016-05-21,987
Wisconsin,2015-05-23,906
Wisconsin,2014-05-24,904
Wisconsin,2019-05-25,1048
Wisconsin,2018-05-26,951
Wisconsin,2017-05-27,994
Wisconsin,2016-05-28,944
Wisconsin,2015-05-30,860
Wisconsin,2014-05-31,948
Wisconsin,2019-06-01,968
Wisconsin,2018-06-02,923
Wisconsin,2017-06-03,968
Wisconsin,2016-06-04,899
Wisconsin,2015-06-06,961
Wisconsin,2014-06-07,907
Wisconsin,2019-06-08,986
Wisconsin,2018-06-09,936
Wisconsin,2017-06-10,935
Wisconsin,2016-06-11,918
Wisconsin,2015-06-13,878
Wisconsin,2014-06-14,860
Wisconsin,2019-06-15,931
Wisconsin,2018-06-16,923
Wisconsin,2017-06-17,946
Wisconsin,2016-06-18,887
Wisconsin,2015-06-20,880
Wisconsin,2014-06-21,893
Wisconsin,2019-06-22,986
Wisconsin,2018-06-23,951
Wisconsin,2017-06-24,920
Wisconsin,2016-06-25,893
Wisconsin,2015-06-27,904
Wisconsin,2014-06-28,898
Wisconsin,2019-06-29,1002
Wisconsin,2018-06-30,970
Wisconsin,2017-07-01,998
Wisconsin,2016-07-02,912
Wisconsin,2015-07-04,901
Wisconsin,2014-07-05,902
Wisconsin,2019-07-06,907
Wisconsin,2018-07-07,995
Wisconsin,2017-07-08,967
Wisconsin,2016-07-09,914
Wisconsin,2015-07-11,885
Wisconsin,2014-07-12,929
Wisconsin,2019-07-13,986
Wisconsin,2018-07-14,1034
Wisconsin,2017-07-15,920
Wisconsin,2016-07-16,915
Wisconsin,2015-07-18,915
Wisconsin,2014-07-19,870
Wisconsin,2019-07-20,997
Wisconsin,2018-07-21,956
Wisconsin,2017-07-22,893
Wisconsin,2016-07-23,916
Wisconsin,2015-07-25,918
Wisconsin,2014-07-26,907
Wisconsin,2019-07-27,1026
Wisconsin,2018-07-28,949
Wisconsin,2017-07-29,965
Wisconsin,2016-07-30,901
Wisconsin,2015-08-01,909
Wisconsin,2014-08-02,890
Wisconsin,2019-08-03,976
Wisconsin,2018-08-04,918
Wisconsin,2017-08-05,909
Wisconsin,2016-08-06,934
Wisconsin,2015-08-08,890
Wisconsin,2014-08-09,853
Wisconsin,2019-08-10,997
Wisconsin,2018-08-11,1019
Wisconsin,2017-08-12,973
Wisconsin,2016-08-13,1005
Wisconsin,2015-08-15,867
Wisconsin,2014-08-16,883
Wisconsin,2019-08-17,989
Wisconsin,2018-08-18,886
Wisconsin,2017-08-19,950
Wisconsin,2016-08-20,938
Wisconsin,2015-08-22,918
Wisconsin,2014-08-23,918
Wisconsin,2019-08-24,956
Wisconsin,2018-08-25,972
Wisconsin,2017-08-26,895
Wisconsin,2016-08-27,887
Wisconsin,2015-08-29,867
Wisconsin,2014-08-30,916
Wisconsin,2019-08-31,1049
Wisconsin,2018-09-01,1025
Wisconsin,2017-09-02,952
Wisconsin,2016-09-03,906
Wisconsin,2015-09-05,915
Wisconsin,2014-09-06,934
Wisconsin,2019-09-07,1053
Wisconsin,2018-09-08,885
Wisconsin,2017-09-09,983
Wisconsin,2016-09-10,986
Wisconsin,2015-09-12,918
Wisconsin,2014-09-13,906
Wisconsin,2019-09-14,986
Wisconsin,2018-09-15,995
Wisconsin,2017-09-16,1008
Wisconsin,2016-09-17,985
Wisconsin,2015-09-19,962
Wisconsin,2014-09-20,939
Wisconsin,2019-09-21,969
Wisconsin,2018-09-22,955
Wisconsin,2017-09-23,998
Wisconsin,2016-09-24,895
Wisconsin,2015-09-26,992
Wisconsin,2014-09-27,902
Wisconsin,2019-09-28,1043
Wisconsin,2018-09-29,1002
Wisconsin,2017-09-30,904
Wisconsin,2016-10-01,912
Wisconsin,2015-10-03,912
Wisconsin,2014-10-04,941
Wisconsin,2019-10-05,966
Wisconsin,2018-10-06,1037
Wisconsin,2017-10-07,952
Wisconsin,2016-10-08,991
Wisconsin,2015-10-10,996
Wisconsin,2014-10-11,1048
Wisconsin,2019-10-12,1092
Wisconsin,2018-10-13,1021
Wisconsin,2017-10-14,961
Wisconsin,2016-10-15,1029
Wisconsin,2015-10-17,989
Wisconsin,2014-10-18,974
Wisconsin,2019-10-19,1096
Wisconsin,2018-10-20,1059
Wisconsin,2017-10-21,1022
Wisconsin,2016-10-22,1008
Wisconsin,2015-10-24,1075
Wisconsin,2014-10-25,961
Wisconsin,2019-10-26,1105
Wisconsin,2018-10-27,1041
Wisconsin,2017-10-28,1015
Wisconsin,2016-10-29,976
Wisconsin,2015-10-31,983
Wisconsin,2014-11-01,1001
Wisconsin,2019-11-02,1064
Wisconsin,2018-11-03,1025
Wisconsin,2017-11-04,1026
Wisconsin,2016-11-05,949
Wisconsin,2015-11-07,930
Wisconsin,2014-11-08,1033
Wisconsin,2019-11-09,1078
Wisconsin,2018-11-10,975
Wisconsin,2017-11-11,1070
Wisconsin,2016-11-12,1075
Wisconsin,2015-11-14,942
Wisconsin,2014-11-15,1001
Wisconsin,2019-11-16,1042
Wisconsin,2018-11-17,1027
Wisconsin,2017-11-18,1046
Wisconsin,2016-11-19,1004
Wisconsin,2015-11-21,1025
Wisconsin,2014-11-22,986
Wisconsin,2019-11-23,1074
Wisconsin,2018-11-24,1047
Wisconsin,2017-11-25,1067
Wisconsin,2016-11-26,996
Wisconsin,2015-11-28,1009
Wisconsin,2014-11-29,1057
Wisconsin,2019-11-30,1041
Wisconsin,2018-12-01,1020
Wisconsin,2017-12-02,968
Wisconsin,2016-12-03,981
Wisconsin,2015-12-05,982
Wisconsin,2014-12-06,1009
Wisconsin,2019-12-07,1089
Wisconsin,2018-12-08,1027
Wisconsin,2017-12-09,1034
Wisconsin,2016-12-10,1026
Wisconsin,2015-12-12,944
Wisconsin,2014-12-13,998
Wisconsin,2019-12-14,1111
Wisconsin,2018-12-15,1083
Wisconsin,2017-12-16,1116
Wisconsin,2016-12-17,1047
Wisconsin,2015-12-19,1036
Wisconsin,2014-12-20,1044
Wisconsin,2019-12-21,1056
Wisconsin,2018-12-22,1003
Wisconsin,2017-12-23,1071
Wisconsin,2016-12-24,1105
Wisconsin,2015-12-26,1012
Wisconsin,2014-12-27,1055
Wisconsin,2019-12-28,1091
Wisconsin,2018-12-29,1012
Wisconsin,2017-12-30,1087
Wisconsin,2016-12-31,1119
Wisconsin,2020-01-04,1118
Wisconsin,2020-01-11,1060
Wisconsin,2020-01-18,1133
Wisconsin,2020-01-25,1086
Wisconsin,2020-02-01,1176
Wisconsin,2020-02-08,1056
Wisconsin,2020-02-15,1125
Wisconsin,2020-02-22,1162
Wisconsin,2020-02-29,1136
Wisconsin,2020-03-07,1116
Wisconsin,2020-03-14,1105
Wisconsin,2020-03-21,1115
Wisconsin,2020-03-28,1146
Wisconsin,2020-04-04,1221
Wisconsin,2020-04-11,1171
Wisconsin,2020-04-18,1152
Wisconsin,2020-04-25,1026
Wisconsin,2020-05-02,1162
Wisconsin,2020-05-09,1080
Wisconsin,2020-05-16,1022
Wisconsin,2020-05-23,1078
Wisconsin,2020-05-30,1139
Wisconsin,2020-06-06,1043
Wisconsin,2020-06-13,1026
Wisconsin,2020-06-20,1085
Wisconsin,2020-06-27,1034
Wisconsin,2020-07-04,1066
Wisconsin,2020-07-11,1049
Wisconsin,2020-07-18,1039
Wisconsin,2020-07-25,1101
Wisconsin,2020-08-01,1057
Wisconsin,2020-08-08,1099
Wisconsin,2020-08-15,1126
Wisconsin,2020-08-22,1061
Wisconsin,2020-08-29,1082
Wisconsin,2020-09-05,1039
Wisconsin,2020-09-12,1066
Wisconsin,2020-09-19,1140
Wisconsin,2020-09-26,1102
Wisconsin,2020-10-03,1157
Wisconsin,2020-10-10,1163
Wisconsin,2020-10-17,1244
Wisconsin,2020-10-24,1387
Wisconsin,2020-10-31,1454
Wisconsin,2020-11-07,1601
Wisconsin,2020-11-14,1716
Wisconsin,2020-11-21,1657
Wisconsin,2020-11-28,1636
Wisconsin,2020-12-05,1652
Wisconsin,2020-12-12,1569
Wisconsin,2020-12-19,1500
Wisconsin,2020-12-26,1404
Wisconsin,2021-01-02,1403
Wisconsin,2021-01-09,1378
Wisconsin,2021-01-16,1257
Wisconsin,2021-01-23,1276
Wisconsin,2021-01-30,1190
Wisconsin,2021-02-06,1157
Wisconsin,2021-02-13,1144
Wisconsin,2021-02-20,1125
Wisconsin,2021-02-27,1104
Wisconsin,2021-03-06,1074
Wisconsin,2021-03-13,1054
Wisconsin,2021-03-20,994
Wisconsin,2021-03-27,1026
Wisconsin,2021-04-03,979
Wisconsin,2021-04-10,1061
Wisconsin,2021-04-17,984
Wisconsin,2021-04-24,1070
Wisconsin,2021-05-01,1020
Wisconsin,2021-05-08,1024
Wisconsin,2021-05-15,1000
Wisconsin,2021-05-22,1023
Wisconsin,2021-05-29,1013
Wisconsin,2021-06-05,1040
Wisconsin,2021-06-12,1047
Wisconsin,2021-06-19,1027
Wisconsin,2021-06-26,943
Wisconsin,2021-07-03,1059
Wisconsin,2021-07-10,979
Wisconsin,2021-07-17,939
Wisconsin,2021-07-24,1026
Wisconsin,2021-07-31,945
Wisconsin,2021-08-07,615
Wyoming,2016-01-02,66
Wyoming,2015-01-03,103
Wyoming,2014-01-04,90
Wyoming,2019-01-05,97
Wyoming,2018-01-06,97
Wyoming,2017-01-07,86
Wyoming,2016-01-09,82
Wyoming,2015-01-10,112
Wyoming,2014-01-11,93
Wyoming,2019-01-12,106
Wyoming,2018-01-13,89
Wyoming,2017-01-14,85
Wyoming,2016-01-16,86
Wyoming,2015-01-17,108
Wyoming,2014-01-18,85
Wyoming,2019-01-19,81
Wyoming,2018-01-20,99
Wyoming,2017-01-21,84
Wyoming,2016-01-23,86
Wyoming,2015-01-24,86
Wyoming,2014-01-25,68
Wyoming,2019-01-26,95
Wyoming,2018-01-27,97
Wyoming,2017-01-28,89
Wyoming,2016-01-30,86
Wyoming,2015-01-31,80
Wyoming,2014-02-01,103
Wyoming,2019-02-02,74
Wyoming,2018-02-03,97
Wyoming,2017-02-04,94
Wyoming,2016-02-06,102
Wyoming,2015-02-07,95
Wyoming,2014-02-08,73
Wyoming,2019-02-09,100
Wyoming,2018-02-10,86
Wyoming,2017-02-11,88
Wyoming,2016-02-13,86
Wyoming,2015-02-14,92
Wyoming,2014-02-15,98
Wyoming,2019-02-16,93
Wyoming,2018-02-17,97
Wyoming,2017-02-18,90
Wyoming,2016-02-20,84
Wyoming,2015-02-21,73
Wyoming,2014-02-22,83
Wyoming,2019-02-23,87
Wyoming,2018-02-24,90
Wyoming,2017-02-25,83
Wyoming,2016-02-27,90
Wyoming,2015-02-28,103
Wyoming,2014-03-01,82
Wyoming,2019-03-02,84
Wyoming,2018-03-03,91
Wyoming,2017-03-04,95
Wyoming,2016-03-05,84
Wyoming,2015-03-07,84
Wyoming,2014-03-08,87
Wyoming,2019-03-09,101
Wyoming,2018-03-10,106
Wyoming,2017-03-11,80
Wyoming,2016-03-12,84
Wyoming,2015-03-14,105
Wyoming,2014-03-15,70
Wyoming,2019-03-16,111
Wyoming,2018-03-17,81
Wyoming,2017-03-18,88
Wyoming,2016-03-19,84
Wyoming,2015-03-21,95
Wyoming,2014-03-22,88
Wyoming,2019-03-23,90
Wyoming,2018-03-24,98
Wyoming,2017-03-25,90
Wyoming,2016-03-26,97
Wyoming,2015-03-28,90
Wyoming,2014-03-29,72
Wyoming,2019-03-30,87
Wyoming,2018-03-31,88
Wyoming,2017-04-01,83
Wyoming,2016-04-02,91
Wyoming,2015-04-04,94
Wyoming,2014-04-05,78
Wyoming,2019-04-06,89
Wyoming,2018-04-07,94
Wyoming,2017-04-08,80
Wyoming,2016-04-09,83
Wyoming,2015-04-11,89
Wyoming,2014-04-12,71
Wyoming,2019-04-13,70
Wyoming,2018-04-14,82
Wyoming,2017-04-15,97
Wyoming,2016-04-16,82
Wyoming,2015-04-18,85
Wyoming,2014-04-19,64
Wyoming,2019-04-20,88
Wyoming,2018-04-21,80
Wyoming,2017-04-22,89
Wyoming,2016-04-23,80
Wyoming,2015-04-25,101
Wyoming,2014-04-26,68
Wyoming,2019-04-27,85
Wyoming,2018-04-28,75
Wyoming,2017-04-29,77
Wyoming,2016-04-30,57
Wyoming,2015-05-02,75
Wyoming,2014-05-03,83
Wyoming,2019-05-04,83
Wyoming,2018-05-05,87
Wyoming,2017-05-06,90
Wyoming,2016-05-07,78
Wyoming,2015-05-09,83
Wyoming,2014-05-10,67
Wyoming,2019-05-11,111
Wyoming,2018-05-12,89
Wyoming,2017-05-13,83
Wyoming,2016-05-14,78
Wyoming,2015-05-16,73
Wyoming,2014-05-17,72
Wyoming,2019-05-18,86
Wyoming,2018-05-19,80
Wyoming,2017-05-20,96
Wyoming,2016-05-21,98
Wyoming,2015-05-23,76
Wyoming,2014-05-24,100
Wyoming,2019-05-25,95
Wyoming,2018-05-26,86
Wyoming,2017-05-27,84
Wyoming,2016-05-28,75
Wyoming,2015-05-30,78
Wyoming,2014-05-31,91
Wyoming,2019-06-01,88
Wyoming,2018-06-02,76
Wyoming,2017-06-03,65
Wyoming,2016-06-04,91
Wyoming,2015-06-06,87
Wyoming,2014-06-07,89
Wyoming,2019-06-08,79
Wyoming,2018-06-09,86
Wyoming,2017-06-10,74
Wyoming,2016-06-11,92
Wyoming,2015-06-13,78
Wyoming,2014-06-14,92
Wyoming,2019-06-15,73
Wyoming,2018-06-16,74
Wyoming,2017-06-17,87
Wyoming,2016-06-18,99
Wyoming,2015-06-20,76
Wyoming,2014-06-21,93
Wyoming,2019-06-22,94
Wyoming,2018-06-23,72
Wyoming,2017-06-24,82
Wyoming,2016-06-25,87
Wyoming,2015-06-27,92
Wyoming,2014-06-28,85
Wyoming,2019-06-29,84
Wyoming,2018-06-30,85
Wyoming,2017-07-01,72
Wyoming,2016-07-02,88
Wyoming,2015-07-04,90
Wyoming,2014-07-05,79
Wyoming,2019-07-06,98
Wyoming,2018-07-07,82
Wyoming,2017-07-08,84
Wyoming,2016-07-09,80
Wyoming,2015-07-11,75
Wyoming,2014-07-12,69
Wyoming,2019-07-13,86
Wyoming,2018-07-14,92
Wyoming,2017-07-15,70
Wyoming,2016-07-16,83
Wyoming,2015-07-18,89
Wyoming,2014-07-19,96
Wyoming,2019-07-20,74
Wyoming,2018-07-21,91
Wyoming,2017-07-22,84
Wyoming,2016-07-23,68
Wyoming,2015-07-25,103
Wyoming,2014-07-26,79
Wyoming,2019-07-27,97
Wyoming,2018-07-28,88
Wyoming,2017-07-29,69
Wyoming,2016-07-30,83
Wyoming,2015-08-01,86
Wyoming,2014-08-02,80
Wyoming,2019-08-03,74
Wyoming,2018-08-04,97
Wyoming,2017-08-05,79
Wyoming,2016-08-06,85
Wyoming,2015-08-08,88
Wyoming,2014-08-09,81
Wyoming,2019-08-10,83
Wyoming,2018-08-11,84
Wyoming,2017-08-12,90
Wyoming,2016-08-13,78
Wyoming,2015-08-15,76
Wyoming,2014-08-16,92
Wyoming,2019-08-17,71
Wyoming,2018-08-18,89
Wyoming,2017-08-19,79
Wyoming,2016-08-20,88
Wyoming,2015-08-22,79
Wyoming,2014-08-23,80
Wyoming,2019-08-24,78
Wyoming,2018-08-25,83
Wyoming,2017-08-26,82
Wyoming,2016-08-27,85
Wyoming,2015-08-29,89
Wyoming,2014-08-30,70
Wyoming,2019-08-31,89
Wyoming,2018-09-01,69
Wyoming,2017-09-02,80
Wyoming,2016-09-03,86
Wyoming,2015-09-05,92
Wyoming,2014-09-06,92
Wyoming,2019-09-07,98
Wyoming,2018-09-08,104
Wyoming,2017-09-09,82
Wyoming,2016-09-10,71
Wyoming,2015-09-12,73
Wyoming,2014-09-13,73
Wyoming,2019-09-14,101
Wyoming,2018-09-15,95
Wyoming,2017-09-16,74
Wyoming,2016-09-17,63
Wyoming,2015-09-19,86
Wyoming,2014-09-20,86
Wyoming,2019-09-21,83
Wyoming,2018-09-22,88
Wyoming,2017-09-23,77
Wyoming,2016-09-24,73
Wyoming,2015-09-26,80
Wyoming,2014-09-27,96
Wyoming,2019-09-28,105
Wyoming,2018-09-29,85
Wyoming,2017-09-30,82
Wyoming,2016-10-01,78
Wyoming,2015-10-03,73
Wyoming,2014-10-04,89
Wyoming,2019-10-05,87
Wyoming,2018-10-06,69
Wyoming,2017-10-07,75
Wyoming,2016-10-08,81
Wyoming,2015-10-10,80
Wyoming,2014-10-11,83
Wyoming,2019-10-12,85
Wyoming,2018-10-13,81
Wyoming,2017-10-14,98
Wyoming,2016-10-15,83
Wyoming,2015-10-17,76
Wyoming,2014-10-18,90
Wyoming,2019-10-19,95
Wyoming,2018-10-20,106
Wyoming,2017-10-21,75
Wyoming,2016-10-22,85
Wyoming,2015-10-24,76
Wyoming,2014-10-25,67
Wyoming,2019-10-26,96
Wyoming,2018-10-27,90
Wyoming,2017-10-28,85
Wyoming,2016-10-29,69
Wyoming,2015-10-31,78
Wyoming,2014-11-01,73
Wyoming,2019-11-02,93
Wyoming,2018-11-03,86
Wyoming,2017-11-04,83
Wyoming,2016-11-05,76
Wyoming,2015-11-07,83
Wyoming,2014-11-08,94
Wyoming,2019-11-09,86
Wyoming,2018-11-10,89
Wyoming,2017-11-11,70
Wyoming,2016-11-12,70
Wyoming,2015-11-14,92
Wyoming,2014-11-15,81
Wyoming,2019-11-16,94
Wyoming,2018-11-17,104
Wyoming,2017-11-18,100
Wyoming,2016-11-19,86
Wyoming,2015-11-21,98
Wyoming,2014-11-22,93
Wyoming,2019-11-23,83
Wyoming,2018-11-24,90
Wyoming,2017-11-25,90
Wyoming,2016-11-26,85
Wyoming,2015-11-28,88
Wyoming,2014-11-29,86
Wyoming,2019-11-30,110
Wyoming,2018-12-01,106
Wyoming,2017-12-02,98
Wyoming,2016-12-03,77
Wyoming,2015-12-05,71
Wyoming,2014-12-06,76
Wyoming,2019-12-07,87
Wyoming,2018-12-08,92
Wyoming,2017-12-09,74
Wyoming,2016-12-10,89
Wyoming,2015-12-12,117
Wyoming,2014-12-13,77
Wyoming,2019-12-14,90
Wyoming,2018-12-15,101
Wyoming,2017-12-16,87
Wyoming,2016-12-17,104
Wyoming,2015-12-19,76
Wyoming,2014-12-20,85
Wyoming,2019-12-21,110
Wyoming,2018-12-22,105
Wyoming,2017-12-23,93
Wyoming,2016-12-24,84
Wyoming,2015-12-26,77
Wyoming,2014-12-27,83
Wyoming,2019-12-28,88
Wyoming,2018-12-29,92
Wyoming,2017-12-30,90
Wyoming,2016-12-31,85
Wyoming,2020-01-04,144
Wyoming,2020-01-11,81
Wyoming,2020-01-18,103
Wyoming,2020-01-25,96
Wyoming,2020-02-01,94
Wyoming,2020-02-08,97
Wyoming,2020-02-15,75
Wyoming,2020-02-22,101
Wyoming,2020-02-29,100
Wyoming,2020-03-07,80
Wyoming,2020-03-14,85
Wyoming,2020-03-21,117
Wyoming,2020-03-28,88
Wyoming,2020-04-04,123
Wyoming,2020-04-11,102
Wyoming,2020-04-18,89
Wyoming,2020-04-25,98
Wyoming,2020-05-02,68
Wyoming,2020-05-09,83
Wyoming,2020-05-16,101
Wyoming,2020-05-23,96
Wyoming,2020-05-30,84
Wyoming,2020-06-06,105
Wyoming,2020-06-13,96
Wyoming,2020-06-20,93
Wyoming,2020-06-27,89
Wyoming,2020-07-04,102
Wyoming,2020-07-11,104
Wyoming,2020-07-18,101
Wyoming,2020-07-25,95
Wyoming,2020-08-01,90
Wyoming,2020-08-08,106
Wyoming,2020-08-15,113
Wyoming,2020-08-22,100
Wyoming,2020-08-29,89
Wyoming,2020-09-05,107
Wyoming,2020-09-12,121
Wyoming,2020-09-19,94
Wyoming,2020-09-26,112
Wyoming,2020-10-03,119
Wyoming,2020-10-10,102
Wyoming,2020-10-17,107
Wyoming,2020-10-24,131
Wyoming,2020-10-31,114
Wyoming,2020-11-07,136
Wyoming,2020-11-14,132
Wyoming,2020-11-21,135
Wyoming,2020-11-28,138
Wyoming,2020-12-05,123
Wyoming,2020-12-12,143
Wyoming,2020-12-19,165
Wyoming,2020-12-26,130
Wyoming,2021-01-02,129
Wyoming,2021-01-09,127
Wyoming,2021-01-16,110
Wyoming,2021-01-23,111
Wyoming,2021-01-30,118
Wyoming,2021-02-06,112
Wyoming,2021-02-13,102
Wyoming,2021-02-20,110
Wyoming,2021-02-27,102
Wyoming,2021-03-06,86
Wyoming,2021-03-13,104
Wyoming,2021-03-20,84
Wyoming,2021-03-27,109
Wyoming,2021-04-03,86
Wyoming,2021-04-10,91
Wyoming,2021-04-17,76
Wyoming,2021-04-24,98
Wyoming,2021-05-01,89
Wyoming,2021-05-08,91
Wyoming,2021-05-15,89
Wyoming,2021-05-22,95
Wyoming,2021-05-29,98
Wyoming,2021-06-05,104
Wyoming,2021-06-12,110
Wyoming,2021-06-19,106
Wyoming,2021-06-26,94
Wyoming,2021-07-03,98
Wyoming,2021-07-10,83
Wyoming,2021-07-17,100
Wyoming,2021-07-24,84
Wyoming,2021-07-31,65
Wyoming,2021-08-07,46
